的	白勹丶
了	了
我	我
是	是
在	【在】土
你	亻尔
和	禾口
有	𠂇月
不	不
就	亠口小尤
都	者阝
也	也
要	西女
吧	口巴
好	女子
他	亻也
說	言八口儿
去	土厶
到	至刂
沒	氵勹又
還	⻌睘
上	上
對	业羊寸
那	刀二阝
人	人
個	亻圍十口
看	手目
中	中
呢	口尸匕
來	來
嗎	口馬
爲	爲
會	會
她	女也
與	與
給	糸亼口
等	⺮土寸
這	⻌言
用	用
把	扌巴
下	下
恩	圍大心
能	能
很	彳艮
多	夕夕
做	亻十口攵
想	木目心
點	黑卜口
被	衤皮
地	土也
而	而
一	一
後	彳幺夂
又	又
從	從
再	一冂土
將	爿䏑寸
時	日土寸
但	亻日一
過	⻌咼
打	扌丁
大	大
年	年
麼	麻幺
啦	口扌立
以	厶人
買	買
讓	言衣口口甘
嗯	口圍大心
着	羊目
小	小
得	彳㝵
先	先
啊	口阝可
或	戈口一
呀	口牙
找	扌戈
新	立木斤
及	及
跟	足艮
於	於
太	大丶
嘛	口麻
號	口丂虎
日	日
才	才
可	可
比	匕匕
玩	王一兀
們	亻門
最	最
月	月
真	真
吃	口乞
發	癶弓殳
並	並
它	宀匕
其	其
話	言舌
請	言青
錢	金戈戈
叫	口丩
開	開
出	出
誰	言隹
哈	口亼口
當	【尚】田
向	向口
家	宀豕
問	門口
之	之
更	一日乂
該	言亥
走	走
快	忄夬
別	另刂
前	䒑月刂
由	由
高	高
您	亻尔心
裏	衣里
加	力口
所	戶斤
天	天
卻	八人口卩
已	巳
里	里
內	内
寫	宀舄
啥	口亼十口
老	老
搞	扌高
行	行
事	事
拿	亼口手
帶	帶
如	女口
死	死
賣	賣
暈	日冖車
像	亻象
使	亻一口乂
剛	𦉰山刂
成	戊㇆
無	𬻝灬
換	扌奐
只	口八
哪	口刀二阝
愛	爪冖心夂
回	圍口
聽	耳𡈼𢛳
少	小丿
元	一兀
喫	口丰刀大
卡	上卜
靠	牛口非
幫	圭寸白巾
算	⺮目廾
者	者
忙	忄亡
起	起
各	夂口
學	臼乂乂冖子
分	八刀
咯	口夂口
總	糸囱心
則	貝刂
水	水
張	弓長
改	己攵
唉	口厶矢
三	三
見	見
連	⻌車
車	車
放	方攵
全	人王
按	扌宀女
區	匚三（口）
萬	萬
機	木幺幺戈人
早	日十
拉	扌立
弄	王廾
本	木一
偶	亻禺
頁	頁
進	⻌隹
性	忄生
第	第
完	宀一兀
同	同
花	艹亻匕
長	長
怕	忄白
女	女
講	言甘冂土
殺	乂木殳
組	糸且
錯	金昔
些	止匕二
住	亻主
名	夕口
跑	足包
次	次
網	糸𦉰亡
睡	目垂
裝	爿士衣
哦	口我
挺	扌廷
王	王
圖	圍口十圍口
掉	扌卓
路	足夂口
正	正
外	夕卜
二	二
頭	豆頁
應	广亻隹心
生	生
心	心
因	圍大
子	子
強	強
類	米犬頁
作	亻乍
送	⻌䒑大
書	聿日
每	每
法	氵土厶
乖	千北
拍	扌白
市	市
撒	扌散
至	至
接	扌立女
美	羊大
表	表
未	未
辦	辛力辛
非	非
級	糸及
即	艮卩
哎	口艹乂
此	止匕
差	差
版	片反
併	亻并
副	一口田刂
系	丿糸
收	丩攵
男	田力
俺	亻大电
字	宀子
兩	兩
股	月殳
轉	車專
便	亻一日乂
考	考
塊	土鬼
線	糸白水
手	手
黃	黃
道	⻌首
米	米
座	广坐
豬	豕者
聊	耳卯
取	耳又
低	亻氐
難	𦰩隹
哇	口圭
兒	臼儿
受	爪冖又
包	包
阿	阝可
喝	口曷
白	白
金	金
四	四
近	⻌斤
管	⺮宀㠯
定	宀𤴓
傳	亻專
門	門
樣	木羊永
夠	夕夕勹口
交	亠八乂
李	木子
笑	⺮夭
自	自
邊	⻌自穴方
型	开刂土
黑	黑
慢	忄曼
刷	尸巾刂
穿	穴牙
越	走戉
位	亻立
貴	中一貝
部	立口阝
稱	禾爪冂土
處	虎夂几
選	⻌巽
站	立卜口
牛	牛
怪	忄又土
省	小丿目
倒	亻至刂
談	言火火
曾	曾
羣	尹口羊
經	糸巠
數	婁攵
據	扌虎豕
變	䜌攵
累	田糸
汗	氵干
查	查
象	象
半	半
陳	阝東
紅	糸工
格	木夂口
五	五
幹	十日十人干
樓	木婁
方	方
讀	言賣
頂	丁頁
某	甘木
條	攸木
亂	𤔔乚
唔	口五口
馬	馬
遠	⻌土口𧘇
單	單
海	氵每
相	木目
熱	坴丸灬
光	光
咋	口乍
風	風
且	且
林	木木
滿	氵㒼
額	宀夂口頁
化	亻匕
班	王刂王
滴	氵啇
掛	扌圭卜
關	門幺幺丩丩
漲	氵弓長
店	广卜口
安	宀女
坐	坐
約	糸勹丶
飛	飛
劉	卯金刂
度	广廿又
種	禾重
俄	亻我
歌	可可欠
報	土半卩又
信	亻言
若	艹𠂇口
原	厂白小
文	文
飯	食反
晚	日免
量	日一里
村	木寸
式	弋工
空	穴工
山	山
賺	貝兼
毛	毛
重	重
主	主
另	另
間	門日
裡	衤里
貼	貝卜口
入	人
伐	亻戈
血	血
盤	舟殳皿
爽	大四（乂）
隊	阝丷豕
楊	木昜
臺	士口冖至
往	彳主
片	片
國	圍戈口一
狗	犭勹口
歲	止戊一𣥂
費	弗貝
壞	土褱
龍	龍
離	离隹
共	共
西	西
佔	亻卜口
周	用口
超	走召
明	日月
媽	女馬
均	土匀
期	其月
達	⻌土羊
照	日召灬
切	七刀
留	卯田
動	重力
特	牛土寸
氣	气米
係	亻丿糸
神	示申
鳥	鳥
畫	聿田一
夢	夢
教	孝攵
哥	可可
甘	甘
蠻	䜌虫
魚	魚
值	亻直
鎮	金真
么	丿厶
罵	罒馬
陪	阝立口
既	艮旡
哭	口口犬
力	力
建	廴聿
洗	氵先
懂	忄艹重
雙	隹隹又
口	口
指	扌匕日
東	東
球	王求
仍	亻乃
活	氵舌
跌	足失
練	糸柬
億	亻立日心
清	氵青
提	扌是
除	阝余
通	⻌龴用
酒	氵酉
貓	豸艹田
餓	食我
票	西示
六	亠八
病	疒丙
咩	口羊
假	亻叚
久	𠂊丶
段	厂三殳
平	平
抓	扌爪
套	大長
課	言果
急	𠂊彐心
藥	艹白幺幺木
城	土戊㇆
任	亻壬
草	艹日十
羅	罒糸隹
理	王里
令	令
雨	雨
貨	亻匕貝
唱	口日日
左	左
藍	艹臣𠂉丶皿
縣	目木丿糸
常	【尚】巾
色	𠂊巴
搶	扌倉
菜	艹爪木
喲	口糸勹丶
集	隹木
感	戊一口心
房	戶方
較	車亠八乂
混	氵日匕匕
敢	敢
火	火
臉	月僉
操	扌三（口）木
南	十冂半
退	⻌艮
件	亻牛
吳	吳
破	石皮
聲	士尸殳耳
德	彳𢛳
雪	雨彐
局	尸㇆口
雲	雨二厶
噢	口向米大
整	束攵正
傻	亻𡕩
華	華
克	十口儿
呃	口厂卩
喊	口戊一口
現	王見
跳	足兆
養	羊丶艮
補	衤甫
團	圍專
沈	氵冖儿
反	反
樂	白幺幺木
篇	⺮戶冊
待	彳土寸
砸	石匚巾
深	氵㓁木
煩	火頁
根	木艮
求	求
投	扌殳
電	雨电
親	立木見
惡	亞心
葉	艹世木
款	士示欠
知	矢口
八	八
配	酉己
器	㗊（犬）
何	亻可
率	亠幺𠁼十
調	言用口
鬼	鬼
修	攸彡
試	言弋工
謝	言身寸
麪	麥丁乚㇆
僅	亻堇
層	尸曾
面	面
週	⻌用口
北	北
木	木
份	亻八刀
記	言己
趙	走小月
情	忄青
肉	肉
需	雨而
七	七
論	言亼冊
流	氵𠫓川
噶	口艹曷
招	扌召
痛	疒龴用
列	一夕刂
石	石
香	禾日
封	圭寸
眼	目艮
易	日勿
冷	冫令
借	亻昔
派	氵𠂆𠂢
帥	𠂤巾
付	亻寸
十	十
廠	广尚攵
陽	阝昜
樹	木士口䒑寸
油	氵由
胡	十口月
排	扌非
停	亻亠口冖丁
合	亼口
軍	冖車
身	身
奧	向釆大
章	立日十
科	禾斗
倆	亻兩
星	日生
牌	片卑
權	木艹口口隹
翻	釆田习习
隨	阝⻌左月
場	土昜
帖	巾卜口
商	商
庫	广車
價	亻西貝
物	牛勿
泡	氵包
寶	宀王缶貝
玉	王丶
體	骨曲豆
追	⻌𠂤
傷	亻𠂉昜
背	北月
腳	月八人口卩
丟	王厶
劍	僉刂
解	𠂊用刀牛
室	宀至
底	广氐
業	业半木
代	亻弋
孫	子丿糸
朱	朱
亦	亦
須	彡頁
舊	艹隹臼
乾	十日十乞
工	工
咱	口自
詞	言司
刀	刀
喔	口尸至
波	氵皮
證	言癶豆
鐵	金𢦏呈
推	扌隹
落	艹氵夂口
節	⺮艮卩
春	𡗗日
輕	車巠
笨	⺮木一
九	九
輸	車俞
江	氵工
短	矢豆
含	今口
千	千
炒	火小丿
藉	艹耒昔
丫	丷丨
徐	彳余
騙	馬戶冊
秒	禾小丿
青	青
耍	而女
夜	夜
許	言午
咁	口甘
吹	口欠
師	𠂤一巾
板	木反
土	土
贏	亡口月貝凡
姐	女且
直	直
公	公
苦	艹十口
秀	禾乃
博	十甫寸
皮	皮
朝	十日十月
君	尹口
詩	言土寸
爛	火門柬
靜	青爭
利	禾刂
素	龶糸
立	立
存	【在】子
燒	火堯
斷	匕四（幺）乚斤
吾	五口
虧	虎隹亏
湯	氵昜
民	民
極	木亟
命	亼口卩
睇	目弟
忘	亡心
茶	艹人木
冰	冫水
供	亻共
案	宀女木
田	田
初	衤刀
品	三（口）
抽	扌由
造	⻌牛口
抱	扌包
野	里予
綠	糸彑水
項	工頁
獎	爿䏑寸犬
胖	月半
緊	臣又糸
故	十口攵
服	月卩又
盡	𦘒灬皿
百	一白
兵	兵
英	艹冂大
蘇	艹魚禾
般	舟殳
演	氵寅
嘴	口止匕𠂊用
簽	⺮僉
填	土真
果	果
保	亻口木
唐	唐
雞	爪幺大隹
夏	𦣻夂
莫	莫
硬	石一日乂
寒	寒
挖	扌穴乙
凡	凡
髮	長彡犮
言	言
題	是頁
防	阝方
街	行圭
距	足巨
挑	扌兆
純	糸屯
鬧	鬥市
欲	八人口欠
竟	立日儿
源	氵厂白小
官	宀㠯
戲	虎豆戈
寄	宀大可
古	十口
首	首
思	田心
橋	木喬
燈	火癶豆
郭	亠口子阝
亮	亠口冖几
干	干
屬	尸水蜀
窮	穴身弓
粉	米八刀
爆	火日共水
韓	十日十韋
刪	冊刂
戴	𢦏異
然	䏑犬灬
衝	行重
疼	疒冬
雷	雨田
蓋	艹土厶皿
港	氵共巳
租	禾且
狼	犭丶艮
蘭	艹門柬
狂	犭王
布	𠂇巾
引	弓丨
壓	厂日月犬土
亞	亞
捏	扌日土
齊	齊
隻	隹又
賽	【寒】貝
員	口貝
佛	亻弗
食	食
船	舟㕣
今	今
恨	忄艮
宋	宀木
銀	金艮
猛	犭子皿
客	宀夂口
黨	【尚】黑
雖	口虫隹
碼	石馬
友	𠂇又
領	令頁
句	勹口
斯	其斤
沙	氵小丿
戰	單戈
哼	口亠口了
望	望
腿	月⻌艮
沖	氵中
丁	丁
園	圍土口𧘇
祝	示口儿
鄉	鄉
牀	爿木
鄭	丷酉大阝
界	界
抗	扌亠几
步	止𣥂
河	氵可
缺	缶夬
賊	貝戈𠂇
尚	尚
似	亻厶人
羊	羊
福	示一口田
必	必
遭	⻌一曲日
煙	火西土
否	不口
端	立山而
設	言殳
猜	犭青
伊	亻尹
秦	𡗗禾
秋	禾火
毒	龶母
架	力口木
熊	能灬
持	扌土寸
廣	广黄
插	扌千臼
歸	𠂤止彐冖巾
折	扌斤
滾	氵衣八口
靈	霝巫
意	立日心
呆	口木
基	其土
困	圍木
圈	圍半卩
迷	⻌米
趕	走日干
踢	足日勿
勝	月半力
史	口乂
甲	甲
呵	口可
搬	扌舟殳
獲	犭艹隹又
紙	糸氏
乃	乃
覺	臼乂乂冖見
右	𠂇口
塔	土艹亼口
準	氵隹十
拖	扌𠂉也
摸	扌莫
院	阝宀一兀
慘	忄三（厶）人彡
訂	言丁
散	散
松	木人厶
爸	八乂巴
喜	士口䒑口
洋	氵羊
語	言五口
呈	呈
治	氵厶口
降	阝夂㐄
峯	山夂丰
漢	氵𦰩
富	宀一口田
姓	女生
料	米斗
嘎	口𦣻戈
結	糸士口
閃	門人
咬	口亠八乂
梅	木每
批	扌匕匕
戶	戶
足	足
寧	宀心皿丁
爬	爪巴
醒	酉日生
狠	犭艮
逛	⻌犭王
精	米青
瘦	疒叟
瘋	疒風
踩	足爪木
槍	木倉
誒	言厶矢
軟	車欠
偷	亻俞
支	支
杜	木土
麗	一冂丶一冂丶鹿
鞋	革圭
展	展
咧	口一夕刂
興	臼同𠔀
依	亻衣
倍	亻立口
康	广隶
堂	【尚】土
救	求攵
觀	艹口口隹見
鍵	金廴聿
製	牛巾刂衣
餘	食余
冇	𠂇冂
筆	⺮聿
音	立日
世	世
著	艹者
仲	亻中
舞	𬻝舛
吖	口丷丨
守	宀寸
露	雨足夂口
冒	冒
昇	日升
唄	口貝
榮	火火冖木
弱	弱
影	日亠口小彡
州	⺍川
替	夫夫日
逼	⻌一口田
陸	阝坴
曲	曲
願	厂白小頁
牙	牙
箱	⺮木目
嚇	口赤赤
測	氵貝刂
莊	艹爿士
寬	宀艹見丶
遍	⻌戶冊
細	糸田
狀	爿犬
巴	巴
閒	門月
武	武
湖	氵十口月
聯	耳幺幺丩丩
程	禾呈
柳	木卯
偏	亻戶冊
實	宀毌貝
印	𠀉卩
味	口未
鎖	金小貝
衆	血乑
零	雨令
環	王睘
角	𠂊用
紫	止匕糸
勒	革力
島	鳥山
耶	耳阝
熟	亠口子丸灬
孔	子乚
寸	寸
標	木西示
歐	匚三（口）欠
厚	厂日子
答	⺮亼口
社	示土
懶	忄束𠂊貝
顧	戶隹頁
順	川頁
滅	氵戊一火
運	⻌冖車
輪	車亼冊
兼	兼
溫	氵圍人皿
娘	女丶艮
登	癶豆
悶	門心
微	彳𢼸
佳	亻圭
瞭	目一火日小
雅	牙隹
魔	麻鬼
司	司
拋	扌尢力
志	士心
奇	大可
編	糸戶冊
瓦	瓦
居	尸十口
憑	冫馬心
盛	戊㇆皿
奶	女乃
虎	虎
后	后
洞	氵同
台	厶口
形	开彡
佢	亻巨
負	𠂊貝
川	川
檔	木【尚】田
圓	圍口貝
牆	爿嗇
囧	圍八冂
充	𠫓儿
害	宀丰口
喂	口畏
免	免
景	日亠口小
擬	扌疑
穩	禾爪工彐心
曹	一曲日
曉	日堯
煮	者灬
良	丶艮
蛋	疋虫
吐	口土
肥	月巴
仙	亻山
宮	宀呂
碰	石並
酸	酉厶八夂
侯	侯
塞	【寒】土
嘍	口婁
脫	月八口儿
勁	巠力
欠	欠
創	倉刂
擦	扌宀䏑又示
爾	爾
藏	艹戈爿臣
皆	匕匕白
屁	尸匕匕
永	永
夫	夫
掙	扌爭
琴	王王今
錄	金彑水
餵	食畏
稅	禾八口儿
宏	宀𠂇厶
例	亻一夕刂
專	專
砍	石欠
視	示見
繼	糸匕四（幺）
兄	口儿
產	文厂生
善	羊䒑口
增	土曾
施	方𠂉也
淚	氵戶犬
暗	日立日
忍	刀丶心
肯	止月
母	母
聖	聖
橫	木黃
遊	⻌方𠂉子
艾	艹乂
致	致
宗	宀示
偉	亻韋
麻	麻
怒	女又心
扔	扌乃
爭	爭
游	氵方𠂉子
鄧	癶豆阝
腰	月西女
嫩	女束攵
肖	小月
淨	氵爭
罪	罒非
仔	亻子
彈	弓單
丑	丑
減	氵戊一口
敏	每攵
義	羊我
棒	木𡗗キ
臭	自犬
響	鄉立日
聞	門耳
拆	扌斥
蔡	艹䏑又示
計	言十
絲	糸糸
校	木亠八乂
氏	氏
糖	米唐
吉	士口
押	扌甲
馮	冫馬
吵	口小丿
谷	八人口
麥	麥
衣	衣
宇	宀于
雜	𠅃木隹
末	一木
潘	氵釆田
告	牛口
旁	旁
耐	而寸
董	艹重
榜	木旁
醉	酉卒
鍾	金重
妹	女未
鋼	金𦉰山
蔣	艹爿䏑寸
幣	巾𠁼攵巾
宜	宀且
尼	尸匕
灰	𠂇火
評	言平
維	糸隹
絕	糸刀巴
屋	尸至
幾	幺幺戈人
楚	木木疋
屆	尸土凵
館	食宀㠯
丹	丹
乘	禾北
認	言刀丶心
刻	亥刂
俊	亻厶八夂
芳	艹方
抄	扌小丿
夾	夾
酷	酉牛口
京	亠口小
嚴	口口厂敢
返	⻌反
礦	石广黄
廳	广耳𡈼𢛳
魯	魚日
瑞	王山而
仁	亻二
飄	西示風
註	言主
添	氵天㣺
催	亻山隹
具	具
威	戊一女
劇	虎豕刂
核	木亥
農	曲辰
瓶	并瓦
銅	金同
犯	犭卩
族	方𠂉矢
季	禾子
尋	彐工口寸
顯	日幺幺灬頁
骨	骨
嘿	口黑
鏈	金⻌車
擺	扌罒能
擠	扌齊
黎	禾丿刀人水
騎	馬大可
密	宀必山
士	士
術	行术
炸	火乍
祇	示氏
洪	氵共
訊	言乙十
腦	月巛囟
禮	示曲豆
容	穴人口
輝	光冖車
射	身寸
智	矢口日
索	十冖糸
聚	耳又乑
拼	扌并
燕	燕
撞	扌立里
膜	月莫
普	並日
竹	亇亇
魏	禾女鬼
澤	氵睪
乜	㇆乚
側	亻貝刂
諾	言艹𠂇口
呂	呂
范	艹氵卩
搭	扌艹亼口
鳳	【鳳】鳥
袁	土口𧘇
扯	扌止
鑽	金先先貝
彭	士口䒑彡
陰	阝今二厶
唸	口今心
薄	艹氵甫寸
涼	氵亠口小
曰	日
胃	田月
鹽	臣𠂉卜圍乂皿
賴	束𠂊貝
獨	犭蜀
窩	穴咼
堆	土隹
赴	走卜
載	𢦏車
躲	身几木
孟	子皿
抵	扌氐
甜	舌甘
舉	與キ
彩	爪木彡
甚	甚
厄	厂卩
粗	米且
傑	亻舛木
噸	口屯頁
慶	鹿㇕心夂
緣	糸彑豕
駐	馬主
申	申
衛	行韋
訓	言川
念	今心
蕭	艹肅
惹	艹𠂇口心
帳	巾長
勸	艹口口隹力
讚	言先先貝
盒	亼口皿
逃	⻌兆
嘉	士口䒑力口
納	糸内
升	升
倉	倉
姚	女兆
休	亻木
症	疒正
斤	斤
功	工力
喇	口束刂
釦	金口
浪	氵丶艮
扣	扌口
泰	𡗗水
忠	中心
梁	氵刀八木
吸	口及
貝	貝
跨	足大亏
盧	虎田皿
森	三（木）
瞎	目宀丰口
卷	半卩
于	于
井	井
針	金十
蛇	虫宀匕
寺	土寸
購	貝甘冂土
導	⻌首寸
飲	食欠
噴	口十艹貝
虛	虛
屏	尸并
優	亻一白冖心夂
灌	氵艹口口隹
埋	土里
略	田夂口
掃	扌彐冖巾
吶	口内
目	目
蒙	艹冖一豕
託	言丿七
托	扌丿七
巧	工丂
淡	氵火火
賤	貝戈戈
拜	手一丰
冬	冬
娜	女刀二阝
懷	忄褱
池	氵也
敲	高卜又
凱	山豆几
鐘	金立里
愁	禾火心
鋪	金甫
薩	艹阝立丿生
揚	扌昜
勇	龴用力
財	貝才
鍊	金柬
終	糸冬
質	斤斤貝
泥	氵尸匕
昏	氏日
遇	⻌禺
喬	喬
欄	木門柬
鍋	金咼
巨	巨
儀	亻羊我
遲	⻌尸水牛
怎	乍心
磨	麻石
呼	口乎
賭	貝者
液	氵夜
泉	白水
嫁	女宀豕
捲	扌半卩
汪	氵王
稍	禾小月
薛	艹𠂤辛
賈	西貝
豆	豆
頓	屯頁
旺	日王
儂	亻曲辰
攻	工攵
祥	示羊
委	禾女
佐	亻左
臨	臣𠂉三（口）
隔	阝鬲
繞	糸堯
輛	車兩
崔	山隹
溝	氵甘冂土
碗	石宀夕卩
賠	貝立口
吻	口勿
健	亻廴聿
速	⻌束
失	失
雄	𠂇厶隹
胸	月勹乂凵
框	木匚王
鬥	鬥
暴	日共水
湊	氵𡗗天
陣	阝車
識	言戠
娃	女圭
唯	口隹
漏	氵尸雨
拔	扌犮
洛	氵夂口
探	扌㓁木
碟	石世木
郎	丶艮阝
珠	王朱
劑	齊刂
尿	尸水
透	⻌禾乃
惠	惠
譚	言西日十
營	火火冖吕
府	广亻寸
菲	艹非
叼	口㇆一
父	八乂
耳	耳
殘	一夕戈戈
窗	穴囱
搜	扌叟
希	乂𠂇巾
患	中中心
尾	尸毛
播	扌釆田
岩	山石
逗	⻌豆
廢	广癶弓殳
賢	臣又貝
限	阝艮
帝	帝
昌	日日
模	木莫
磚	石專
扁	戶冊
舒	亼十口予
嫌	女兼
陶	阝勹缶
苗	艹田
剪	䒑月刂刀
羽	习习
哩	口里
稿	禾高
棟	木東
邦	丰阝
撿	扌僉
玲	王令
驚	艹勹口攵馬
坑	土亠几
備	亻𤰇
撥	扌癶弓殳
袋	亻弋衣
趁	走人彡
妖	女夭
甩	月乚
錦	金白巾
溼	氵一幺幺土
琳	王木木
乙	乙
伴	亻半
淺	氵戈戈
尊	丷酉寸
顏	文厂彡頁
匯	匚氵隹
熬	敖灬
吊	口巾
霜	雨木目
沿	氵㕣
伯	亻白
盜	氵欠皿
浩	氵牛口
剩	禾北刂
域	土戈口一
祖	示且
肺	月巿
附	阝亻寸
制	牛巾刂
玄	亠幺
置	罒直
豪	亠口冖豕
恆	忄亙
助	且力
濤	氵士㇕工一口寸
幽	幺幺山
欣	斤欠
豐	丰丰山豆
辣	辛束
煤	火甘木
戀	䜌心
圍	圍韋
瓜	瓜
諸	言者
俾	亻卑
慧	丰丰彐心
墨	黑土
鮮	魚羊
鏡	金立日儿
娶	耳又女
蝦	虫叚
犬	犬
鵬	月月鳥
誠	言戊㇆
賀	力口貝
險	阝僉
飾	食𠂉巾
撐	扌【尚】牙
炎	火火
震	雨辰
鋒	金夂丰
遂	⻌丷豕
斌	文武
軒	車干
控	扌穴工
殼	士冖一几殳
擋	扌【尚】田
覆	西彳𠂉日夂
趟	走尚
禁	木木示
烤	火考
盃	不皿
童	立里
蟲	三（虫）
徵	彳𢽠
靚	青見
杯	木不
暨	艮旡日一
晴	日青
魂	二厶鬼
益	益
庭	广廷
肝	月干
濃	氵曲辰
坊	土方
晨	日辰
紀	糸己
振	扌辰
塵	鹿土
割	宀丰口刂
敗	貝攵
消	氵小月
兆	兆
楓	木風
隆	阝夂一生
撤	扌𠫓月攵
粥	弓米弓
馨	士尸殳禾日
誤	言吴
滑	氵骨
噠	口⻌土羊
曼	曼
暖	日爪一𠂇又
滬	氵戶口巴
己	己
止	止
柱	木主
塗	氵余土
妻	妻
灣	氵䜌弓
盾	盾
奔	奔
潤	氵門王
政	正攵
爹	八乂夕夕
尹	尹
廖	广习习人彡
刺	木冂刂
冠	冖一兀寸
躺	身尚
舍	亼十口
鑫	三（金）
蓮	艹⻌車
售	隹口
獸	口口田一口犬
婚	女氏日
攝	扌三（耳）
醫	匚矢殳酉
閣	門夂口
妞	女丑
邱	丘阝
兔	兔
敬	艹勹口攵
潮	氵十日十月
昂	日卬
飽	食包
咳	口亥
邪	牙阝
促	亻足
鼠	鼠
葛	艹曷
串	中中
桑	三（又）木
續	糸賣
苑	艹夕卩
迎	⻌卬
弓	弓
碎	石卒
余	余
承	㇕水三
迪	⻌由
膠	月习习人彡
烏	烏
牠	牛也
臣	臣
勤	堇力
摔	扌亠幺𠁼十
撈	扌火火冖扌力
蒸	艹㇕水一灬
凌	冫夌
辛	辛
旗	方𠂉其
妙	女小丿
始	女厶口
符	⺮亻寸
倫	亻亼冊
鋁	金吕
亭	亠口冖丁
吼	口子乚
云	二厶
研	石开
咪	口米
俗	亻八人口
爺	八乂耳阝
啓	戶攵口
霧	雨矛夂力
珍	王人彡
卓	卓
韋	韋
歡	艹口口隹欠
嗨	口氵每
積	禾龶貝
擡	扌士口冖至
捧	扌𡗗キ
鳴	口鳥
舔	舌天㣺
贊	先先貝
喃	口十冂半
簡	⺮門日
豔	丰丰山豆土厶皿
愈	俞心
溪	氵爪幺大
罰	罒言刂
歪	不正
晃	日光
斜	余斗
預	予頁
鄒	芻阝
崗	山𦉰山
尤	尤
洲	氵⺍川
乎	乎
湘	氵木目
罷	罒能
軸	車由
妳	女尔
翔	羊习习
異	異
隱	阝爪工彐心
枝	木支
逸	⻌兔
哄	口共
餐	卜夕又食
顆	果頁
鴨	甲鳥
染	氵九木
餅	食并
粘	米卜口
藝	艹坴丸二厶
炮	火包
桌	卜日木
芬	艹八刀
鴻	氵工鳥
攜	扌山隹冏
腎	臣又月
撲	扌菐
萍	艹氵平
晶	三（日）
勾	勹厶
戒	戈廾
桂	木圭
朗	丶艮月
堵	土者
矣	厶矢
捐	扌口月
彎	䜌弓
薑	艹三田田
荷	艹亻可
畝	亠田𠂊丶
棉	木白巾
私	禾厶
擊	車凵殳手
姜	羊女
貸	亻弋貝
嗲	口八乂夕夕
傾	亻匕頁
鼓	士口䒑支
霞	雨叚
瞧	目隹灬
皇	白王
企	人止
互	一彑
沉	氵冖几
箭	⺮䒑月刂
柏	木白
騰	月半馬
焦	隹灬
憋	巾𠁼攵心
潔	氵丰刀糸
盟	日月皿
延	廴丿止
柔	矛木
資	次貝
粒	米立
嶺	山令頁
盆	八刀皿
檢	木僉
護	言艹隹又
眉	尸目
傘	人四（人）十
碧	王白石
籍	⺮耒昔
燙	氵昜火
瑪	王馬
刮	舌刂
勿	勿
坤	土申
汁	氵十
冊	冊
銘	金夕口
浴	氵八人口
翼	习习異
哲	扌斤口
涵	氵函
鈣	金下乚
菌	艹圍禾
敵	啇攵
桶	木龴用
抹	扌一木
判	半刂
寵	宀龍
紋	糸文
弟	弟
傅	亻甫寸
衰	衣口一
譯	言睪
柯	木可
叔	上小又
肩	戶月
殿	尸共殳
番	釆田
驢	馬虎田皿
怡	忄厶口
旭	九日
訪	言方
勢	坴丸力
蒐	艹鬼
航	舟亠几
妮	女尸匕
萊	艹來
坡	土皮
兇	乂凵儿
旅	方𠂉𠂢
鷹	广亻隹鳥
赤	赤
技	扌支
韻	立日口貝
摘	扌啇
翠	习习卒
邁	⻌萬
孝	孝
移	禾夕夕
搖	扌䏑缶
畢	畢
予	予
岳	丘山
屎	尸米
融	鬲虫
棋	木其
勞	火火冖力
採	扌爪木
鈕	金丑
扶	扌夫
介	介
渡	氵广廿又
芯	艹心
奪	大隹寸
采	爪木
乳	爪子乚
拳	半手
浜	氵兵
齣	齒勹口
錫	金日勿
薇	艹彳𢼸
淫	氵爪壬
拽	扌曳
職	耳戠
宅	宀丿七
掌	【尚】手
培	土立口
莉	艹禾刂
損	扌口貝
櫃	木匚中一貝
盼	目八刀
握	扌尸至
謀	言甘木
廟	广十日十月
截	𢦏隹
酶	酉每
孤	子瓜
壯	爿士
邵	召阝
墊	土半丸土
規	夫見
頗	皮頁
什	亻十
宣	宀二日
妍	女开
尖	小大
討	言寸
醋	酉昔
朵	几木
膽	月𠂊厂八言
穆	禾白小彡
姬	女臣
龜	龜
啃	口止月
漸	氵車斤
耗	耒毛
息	自心
伍	亻五
塘	土唐
壽	士㇕工一口寸
逢	⻌夂丰
闖	門馬
晉	晉
桃	木兆
壁	尸口辛土
霍	雨隹
爐	火虎田皿
漆	氵木人水
暫	車斤日
虹	虫工
丸	丸
券	半刀
獃	山豆犬
辭	𤔔辛
縫	糸⻌夂丰
俱	亻具
菊	艹勹米
奴	女又
岸	山厂干
凝	冫疑
膩	月弋二貝
芝	艹之
兮	八丂
脈	月𠂆𠂢
嚐	口【尚】匕日
烈	一夕刂灬
矮	矢禾女
貪	今貝
婆	氵皮女
俞	俞
蝶	虫世木
誇	言大亏
枕	木冖儿
毀	臼土殳
避	⻌尸口辛
郝	赤阝
帕	巾白
綁	糸丰阝
悅	忄八口儿
浮	氵爪子
盈	乃又皿
枚	木攵
材	木才
賞	【尚】貝
扎	扌乚
翁	公习习
幻	幺㇆
衫	衤彡
杆	木干
固	圍十口
耀	光习习隹
槽	木一曲日
穴	穴
獻	虎鬲犬
幅	巾一口田
審	宀釆田
斬	車斤
伸	亻申
悲	非心
殷	殷
茲	艹幺幺
穎	匕禾頁
萌	艹日月
斑	王文王
澡	氵三（口）木
牽	亠幺冖牛
屈	尸出
娟	女口月
怨	夕卩心
癢	疒羊丶艮
恐	工凡心
凍	冫東
複	衤𠂉日夂
柴	止匕木
逆	⻌屰
僞	亻爲
騷	馬蚤
渣	氵查
熙	臣巳灬
抖	扌斗
忽	勿心
津	氵聿
胎	月厶口
糧	米日一里
濟	氵齊
參	三（厶）人彡
譜	言並日
准	冫隹
褲	衤广車
紮	木乚糸
摩	麻手
縮	糸宀亻一白
漫	氵曼
溜	氵卯田
彥	文厂彡
棄	𠫓廿木
扇	戶习习
婷	女亠口冖丁
菸	艹於
脣	辰月
憂	一白冖心夂
堡	亻口木土
淘	氵勹缶
墓	莫土
鹿	鹿
攢	扌先先貝
嬌	女喬
遞	⻌虒
彬	木木彡
蹭	足曾
卿	丿丩艮卩
琪	王其
鶴	冖隹鳥
函	函
確	石冖隹
郡	尹口阝
奈	大示
茂	艹戊
緩	糸爪一𠂇又
協	十三（力）
瓊	王敻
髒	骨莽（死）
債	亻龶貝
肌	月几
薰	艹熏
映	日冂大
粵	向釆亏
鼻	自田丌
泵	石水
銷	金小月
育	𠫓月
澳	氵向米大
陞	阝升土
候	候
堅	臣又土
种	禾中
邀	⻌白方攵
閉	門才
妝	爿女
噻	口【寒】土
佩	亻【鳳】巾
決	氵夬
適	⻌啇
策	⺮木冂
藤	艹月半水
仿	亻方
磊	三（石）
雁	厂亻隹
俠	亻夾
腸	月昜
窄	穴乍
昨	日乍
倪	亻臼儿
務	矛夂力
雯	雨文
戈	戈
爪	爪
癌	疒三（口）山
效	亠八乂攵
拷	扌考
猴	犭侯
掏	扌勹缶
汝	氵女
撮	扌最
幸	土半
揉	扌矛木
醬	爿䏑寸酉
舟	舟
訴	言斥
態	能心
盯	目丁
繡	糸肅
蜜	宀必虫
漂	氵西示
序	广予
巷	共巳
梨	禾刂木
舌	舌
蒂	艹帝
腹	月𠂉日夂
蟹	𠂊用刀牛虫
陷	阝𠂊臼
捉	扌足
蒼	艹倉
鵝	我鳥
疑	疑
鼎	鼎
釣	金勹丶
慌	忄艹亡川
蔥	艹囱心
瘤	疒卯田
彼	彳皮
辰	辰
執	土半丸
忌	己心
踏	足水日
龔	龍共
捷	扌一彐止
罐	缶艹口口隹
腫	月重
縱	糸從
伏	亻犬
壇	土亠圍口日一
觸	𠂊用蜀
默	黑犬
懸	目木丿糸心
赫	赤赤
瑩	火火冖王
杰	木灬
孩	子亥
咖	口力口
幀	巾卜貝
悟	忄五口
頻	止𣥂頁
灑	氵一冂丶一冂丶鹿
燉	火亠口子攵
帽	巾冒
幼	幺力
旋	方𠂉疋
擁	扌亠乡隹
聶	三（耳）
猶	犭丷酉
壹	士冖豆
霸	雨革月
席	广廿巾
叉	又丶
繫	車凵殳糸
妃	女己
擔	扌𠂊厂八言
典	典
贈	貝曾
儒	亻雨而
裸	衤果
奉	𡗗キ
叻	口力
御	彳卸
腔	月穴工
突	穴犬
刑	开刂
痕	疒艮
賓	宀一𣥂貝
纔	糸毚
午	午
攤	扌𦰩隹
蕾	艹雨田
頸	巠頁
臟	月艹戈爿臣
宰	宀辛
囊	一中冖口口甘𧘇
賬	貝長
弘	弓厶
境	土立日儿
拒	扌巨
毅	立豕殳
煎	䒑月刂灬
弦	弓亠幺
渝	氵俞
罩	罒卓
蓉	艹穴人口
憶	忄立日心
卵	卯丶丶
遷	⻌䙴
尺	尺
禍	示咼
逾	⻌俞
垂	垂
潛	氵旡旡日
郵	垂阝
惜	忄昔
浦	氵甫
警	艹勹口攵言
扛	扌工
氧	气羊
揭	扌曷
逐	⻌豕
謂	言田月
昭	日召
宿	宀亻一白
統	糸𠫓儿
裂	一夕刂衣
僧	亻曾
慣	忄毌貝
裙	衤尹口
彪	虎彡
淋	氵木木
束	束
牢	宀牛
齋	齊示
揍	扌𡗗天
仕	亻士
鉤	金勹口
劫	土厶力
拓	扌石
扮	扌八刀
疊	三（田）冖且
鋅	金辛
喻	口俞
律	彳聿
株	木朱
砂	石小丿
埃	土厶矢
斗	斗
坪	土平
揮	扌冖車
箇	⺮圍十口
仇	亻九
吞	天口
亡	亡
沾	氵卜口
遙	⻌䏑缶
壺	士冖亞
牧	牛攵
霖	雨木木
兜	兜
寨	【寒】木
掐	扌𠂊臼
監	臣𠂉丶皿
稀	禾乂𠂇巾
恰	忄亼口
牴	牛氐
棍	木日匕匕
啵	口氵皮
朕	月䒑大
淑	氵上小又
饒	食堯
慕	莫㣺
歇	曷欠
疏	疋𠫓川
膏	亠口冖口月
陵	阝夌
壩	土雨革月
纏	糸广里八土
鹹	卜圍乂戊一口
姆	女母
聰	耳囱心
捱	扌厂圭
碳	石山𠂇火
銳	金八口儿
驗	馬僉
齒	齒
廷	廷
糊	米十口月
翹	堯习习
儲	亻言者
楠	木十冂半
顛	真頁
蚊	虫文
祭	䏑又示
龐	广龍
嘞	口革力
拾	扌亼口
裴	非衣
朋	月月
媚	女尸目
芸	艹二厶
吟	口今
筒	⺮同
丘	丘
責	龶貝
趴	足八
堯	堯
繁	每攵糸
坦	土日一
穗	禾惠
紗	糸小丿
屯	屯
虐	虎匚一
蹲	足丷酉寸
紹	糸召
惟	忄隹
幕	莫巾
澆	氵堯
扒	扌八
搓	扌差
遮	⻌广廿灬
庚	广彐人
哉	𢦏口
涉	氵止𣥂
忒	弋心
賦	貝武
臂	尸口辛月
樁	木𡗗臼
敷	甫方攵
禪	示單
佬	亻老
瑤	王䏑缶
習	习习白
臥	臣人
釘	金丁
阮	阝一兀
丙	丙
歷	厂禾禾止
躍	足习习隹
署	罒者
範	⺮車卩
示	示
邢	开阝
擰	扌宀心皿丁
莎	艹氵小丿
糞	糞
嵐	山風
濱	氵宀一𣥂貝
夕	夕
苯	艹木一
議	言羊我
趣	走耳又
渠	氵巨木
閱	門八口儿
繩	糸黽
杭	木亠几
疾	疒矢
崇	山宀示
擴	扌广黄
傢	亻宀豕
婦	女彐冖巾
涅	氵日土
裕	衤八人口
嘆	口𦰩
艦	舟臣𠂉丶皿
挪	扌刀二阝
荒	艹亡川
貞	卜貝
筋	⺮月力
孕	乃子
撕	扌其斤
鈴	金令
戳	习习隹戈
帆	巾凡
籌	⺮士㇕工一口寸
奎	大圭
駕	力口馬
阻	阝且
享	亠口子
棚	木月月
傲	亻敖
欽	金欠
蹦	足山月月
焊	火日干
召	召
徒	彳走
脂	月匕日
几	几
趨	走芻
艘	舟叟
喵	口艹田
競	立口儿立口儿
靖	立青
奏	𡗗天
咒	口口几
釋	釆睪
盲	亡目
姿	次女
炫	火亠幺
賜	貝日勿
湧	氵龴用力
潑	氵癶弓殳
坎	土欠
琦	王大可
拌	扌半
樊	木乂乂木大
缸	缶工
弗	弗
狐	犭瓜
漿	爿䏑寸水
栽	𢦏木
閻	門𠂊臼
攪	扌臼乂乂冖見
硅	石圭
述	⻌术
籠	⺮龍
泛	氵乏
甫	甫
佑	亻𠂇口
鮑	魚包
閥	門亻戈
卦	圭卜
耿	耳火
咽	口圍大
倩	亻青
袖	衤由
貧	八刀貝
糟	米一曲日
激	氵白方攵
階	阝匕匕白
珊	王册
潭	氵西日十
蠢	𡗗日虫虫
植	木直
占	卜口
嘯	口肅
徑	彳巠
鉛	金㕣
屍	尸死
倚	亻大可
灘	氵𦰩隹
姨	女大弓
災	巛火
幢	巾立里
鈉	金内
暢	申昜
詠	言永
齡	齒令
焉	焉
茹	艹女口
桐	木同
痰	疒火火
捂	扌五口
鄰	米舛阝
癡	疒疑
揀	扌柬
艙	舟倉
謙	言兼
万	万
織	糸戠
蒲	艹氵甫
芽	艹牙
佈	亻𠂇巾
驅	馬匚三（口）
昊	日天
轟	三（車）
攔	扌門柬
碑	石卑
嚼	口爵
燃	火䏑犬灬
摟	扌婁
輔	車甫
暉	日冖車
朴	木卜
碩	石頁
煲	亻口木火
杖	木一乂
謎	言⻌米
磷	石米舛
竄	穴鼠
脆	月𠂊厂卩
刃	刀丶
墜	阝丷豕土
姑	女十口
衡	行𠂊田大
皺	芻皮
繳	糸白方攵
擇	扌睪
櫻	木貝貝女
鹼	卜圍乂僉
窯	穴羊灬
措	扌昔
眠	目民
途	⻌余
鄂	口口亏阝
捅	扌龴用
叢	业半耳又
禾	禾
磁	石䒑幺幺
錶	金表
沃	氵夭
屢	尸婁
辯	辛言辛
肚	月土
哀	衣口
浸	氵彐冖又
柄	木丙
跪	足𠂊厂卩
攬	扌臣𠂉丶罒見
輯	車口耳
瓷	次瓦
澀	氵刀丶刀丶止止
踹	足山而
凸	圍冂
瑜	王俞
磅	石旁
豈	山豆
瀉	氵宀舄
遼	⻌一火日小
豎	臣又豆
宴	宀日女
堪	土甚
擱	扌門夂口
麟	鹿米舛
祿	示彑水
翟	习习隹
仗	亻一乂
崩	山月月
醜	酉鬼
厲	厂萬
革	革
莪	艹我
憲	宀丰罒心
遺	⻌中一貝
聘	耳由丂
喚	口奐
閘	門甲
刊	干刂
裁	𢦏衣
郁	𠂇月阝
逝	⻌扌斤
際	阝䏑又示
狄	犭火
誌	言士心
塌	土日习习
崖	山厂圭
廉	广兼
婉	女宀夕卩
攀	木乂乂木大手
獅	犭𠂤一巾
喘	口山而
氫	气巠
氮	气火火
鞍	革宀女
竈	穴土黽
竇	穴賣
墳	土十艹貝
巫	巫
虞	虎吴
沁	氵心
瑟	王王必
揪	扌禾火
棵	木果
閆	門三
拐	扌另
築	⺮工凡木
癮	疒阝爪工彐心
剝	彑水刂
披	扌皮
削	小月刂
籃	⺮臣𠂉丶皿
悠	攸心
睿	卜冖一八人目
甯	宀心用
凹	圍凵
葬	莽（死）
咦	口大弓
瞪	目癶豆
詹	𠂊厂八言
侃	亻口川
授	扌爪冖又
卸	卸
頌	公頁
慈	䒑幺幺心
闊	門氵舌
纖	糸韱
棗	木冂木冂
瞄	目艹田
婭	女亞
駱	馬夂口
馳	馬也
鞭	革亻一日乂
楞	木𬙙
兌	八口儿
危	𠂊厂卩
襲	龍衣
泊	氵白
喉	口侯
溶	氵穴人口
撫	扌𬻝灬
媛	女爪一𠂇又
拎	扌令
察	宀䏑又示
駿	馬厶八夂
繪	糸會
黴	彳𢼸（黑）
鈞	金匀
憐	忄米舛
昆	日匕匕
禹	禹
娥	女我
醇	酉亠口子
橙	木癶豆
辨	辛刂辛
暮	莫日
祕	示必
薪	艹立木斤
煥	火奐
巢	巛果
鉀	金甲
脾	月卑
淵	氵𣶒
愚	禺心
蜀	蜀
裹	衣果
藕	艹耒禺
滕	月半水
劈	尸口辛刀
堤	土是
拱	扌共
夸	大亏
傍	亻旁
燥	火三（口）木
綫	糸戈戈
漁	氵魚
茜	艹西
允	厶儿
杏	木口
芒	艹亡
畔	田半
豹	豸勹丶
澄	氵癶豆
冥	冖日亠八
媒	女甘木
燦	火卜夕又米
酥	酉禾
垮	土大亏
枯	木十口
軌	車九
塑	屰月土
卜	卜
構	木甘冂土
茅	艹矛
鉅	金巨
慾	八人口欠心
搏	扌甫寸
鑄	金士㇕工一口寸
沐	氵木
豫	予象
蒜	艹示示
淩	氵夌
雀	小隹
鈦	金大丶
亨	亠口了
詳	言羊
腐	广亻寸肉
皓	白牛口
央	冂大
氟	气弗
冤	冖兔
据	扌尸十口
浙	氵扌斤
瑋	王韋
栓	木人王
梳	木𠫓川
冀	北異
叄	三（厶）人三
輩	非車
筱	⺮攸
冉	冂土
餡	食𠂊臼
彤	丹彡
奕	亦大
卑	卑
誓	扌斤言
蜂	虫夂丰
勺	勹丶
迅	⻌乙十
虫	虫
恥	耳心
匹	匚儿
曦	日羊禾戈丂
仰	亻卬
煞	𠂊彐攵灬
羞	羊丑
注	氵主
嫂	女叟
瞳	目立里
黛	亻弋黑
妾	立女
拂	扌弗
挨	扌厶矢
泄	氵世
綱	糸𦉰山
茨	艹次
夷	大弓
慎	忄真
汽	氵气
婕	女一彐止
恭	共㣺
弊	巾𠁼攵廾
屌	尸口巾
摳	扌匚三（口）
貳	弋二貝
旦	日一
涂	氵余
氯	气彐水
祁	示阝
蠟	虫巤
乍	乍
孰	亠口子丸
耕	耒井
飆	三（犬）風
稻	禾爪臼
屠	尸者
綺	糸大可
荊	艹开刂
桿	木日干
笛	⺮由
捕	扌甫
蕊	艹三（心）
喪	土口口𧘇
盪	氵昜皿
氨	气宀女
愣	忄𬙙
幺	幺
瀾	氵門柬
悔	忄每
敦	亠口子攵
葵	艹癶天
煒	火韋
磕	石土厶皿
顫	亠圍口日一頁
閩	門虫
渴	氵曷
曝	日日共水
閔	門文
撇	扌巾𠁼攵
梗	木一日乂
絡	糸夂口
貫	毌貝
蔚	艹尸示寸
翅	支习习
估	亻十口
鎂	金羊大
復	彳𠂉日夂
瓣	辛瓜辛
濫	氵臣𠂉丶皿
況	氵口儿
淮	氵隹
陀	阝宀匕
莖	艹巠
勳	熏力
惑	戈口一心
簾	⺮广兼
巡	⻌巛
墩	土亠口子攵
徽	彳𢼸（糸）
謹	言堇
脹	月長
噓	口虛
瞞	目㒼
娛	女吳
蓄	艹亠幺田
梓	木辛
匪	匚非
昕	日斤
濺	氵貝戈戈
敘	余攵
鑑	金臣𠂉丶皿
溢	氵益
彌	弓爾
覓	爪見
寇	宀一兀卜又
佟	亻冬
獵	犭巤
滄	氵倉
葷	艹冖車
蓬	艹⻌夂丰
薦	艹廌
硫	石𠫓川
俏	亻小月
迫	⻌白
貌	豸白儿
弔	弔
舜	爪冖舛
炳	火丙
茄	艹力口
頤	臣頁
訣	言夬
廚	广士口䒑寸
炭	山𠂇火
綿	糸白巾
搗	扌鳥山
萱	艹宀二日
岡	𦉰山
挂	扌圭
掀	扌斤欠
誘	言禾乃
翰	十日十人习习
睜	目爭
撓	扌堯
掩	扌大电
蹬	足癶豆
泳	氵永
玫	王攵
椅	木大可
鈺	金王丶
遜	⻌子丿糸
甄	西土瓦
侍	亻土寸
抑	扌卬
啞	口亞
敖	敖
酮	酉同
毫	亠口冖毛
侵	亻彐冖又
妥	爪女
覽	臣𠂉丶罒見
概	木艮旡
貢	工貝
呦	口幺力
援	扌爪一𠂇又
昔	昔
晾	日亠口小
逮	⻌隶
卒	卒
鬆	長彡木公
捆	扌圍木
厭	厂日月犬
峽	山夾
彷	彳方
寢	宀爿彐冖又
菱	艹夌
梯	木弟
僑	亻喬
籽	米子
腕	月宀夕卩
挫	扌坐
膝	月木人水
嗦	口十冖糸
璇	王方𠂉疋
眨	目乏
循	彳盾
臀	尸共殳月
矛	矛
努	女又力
黔	黑今
乏	乏
魅	鬼未
徹	彳𠫓月攵
凶	乂凵
胺	月宀女
廈	广𦣻夂
掘	扌尸出
茗	艹夕口
絨	糸戈𠂇
璐	王足夂口
擾	扌一白冖心夂
襯	衤立木見
雌	止匕隹
旱	日干
掰	手八刀手
伽	亻力口
蛙	虫圭
雕	用口隹
嬰	貝貝女
痣	疒士心
譽	與言
跡	足亦
廂	广木目
汀	氵丁
隋	阝左月
緒	糸者
蘊	艹糸圍人皿
勻	勻
祛	示土厶
芙	艹夫
棲	木妻
刁	㇆一
瑛	王艹冂大
禽	禽
腺	月白水
迦	⻌力口
矯	矢喬
欺	其欠
杉	木彡
党	【尚】儿
竅	穴白方攵
鑲	金衣口口甘
緯	糸韋
曏	日鄉
繆	糸习习人彡
玖	王𠂊丶
肆	長聿
悉	釆心
掂	扌广卜口
菁	艹青
鎳	金自木
冶	冫厶口
絆	糸半
嘔	口匚三（口）
遣	⻌中一㠯
岑	山今
皖	白宀一兀
糕	米羊灬
斐	非文
閤	門亼口
釀	酉衣口口甘
彙	彑冖果
址	土止
蘸	艹酉隹灬
茵	艹圍大
簿	⺮氵甫寸
旬	勹日
丈	一乂
咸	戊一口
呸	口不一
胤	儿幺月
摻	扌三（厶）人彡
蹤	足從
婁	婁
鎚	金⻌𠂤
桓	木二日
碘	石典
瞅	目禾火
廊	广丶艮阝
焰	火𠂊臼
壘	三（田）土
燁	火華
淳	氵亠口子
畏	畏
屑	尸小月
酯	酉匕日
覃	西日十
嵌	山甘欠
販	貝反
泣	氵立
嗆	口倉
眾	眾
袍	衤包
菴	艹大电
僵	亻三田田
饞	食毚
沫	氵一木
滯	氵帶
臻	至𡗗禾
眺	目兆
寂	宀上小又
醣	酉唐
晏	日宀女
秤	禾平
嗚	口烏
蘿	艹罒糸隹
誅	言朱
瑾	王堇
藻	艹氵三（口）木
螺	虫田糸
錠	金宀𤴓
診	言人彡
恤	忄血
污	氵亏
涯	氵厂圭
滋	氵䒑幺幺
蘆	艹虎田皿
嗜	口老日
貿	卯貝
療	疒一火日小
滲	氵三（厶）人彡
瀝	氵厂禾禾止
陡	阝走
栗	西木
筍	⺮勹日
朔	屰月
淇	氵其
捻	扌今心
勃	十冖子力
矩	矢巨
沽	氵十口
淤	氵於
描	扌艹田
膚	虎田月
契	丰刀大
靳	革斤
祠	示司
陝	阝夾
鞏	工凡革
峻	山厶八夂
稠	禾用口
爵	爵
秉	禾彐
刨	包刂
雍	亠乡隹
群	尹口羊
麵	麥面
盞	戈戈皿
役	彳殳
烙	火夂口
灾	宀火
强	强
痘	疒豆
髓	骨⻌左月
嫣	女焉
募	莫力
苟	艹勹口
析	木斤
篩	⺮𠂤一巾
魁	鬼斗
斥	斥
棕	木宀示
匡	匚王
倦	亻半卩
疆	弓土三田田
蔓	艹曼
樺	木華
牟	厶牛
芷	艹止
霆	雨廷
蠶	旡旡日虫虫
嘰	口幺幺戈人
靴	革亻匕
慮	虎田心
眸	目厶牛
烟	火圍大
惱	忄巛囟
巾	巾
殊	一夕朱
叮	口丁
晟	日戊㇆
艇	舟廷
熔	火穴人口
裘	求衣
芹	艹斤
儘	亻𦘒灬皿
寡	宀頁刀
擲	扌丷酉大阝
蔔	艹勹一口田
硪	石我
迥	⻌冋
巖	山口口厂敢
瞬	目爪冖舛
邑	口巴
〇	口
鉻	金夂口
榕	木穴人口
庸	庸
渾	氵冖車
棠	【尚】木
仨	亻三
祺	示其
紡	糸方
蝕	食虫
窺	穴夫見
埠	土𠂤十
酚	酉八刀
奮	大隹田
剎	乂术刂
濁	氵蜀
茬	艹【在】土
濾	氵虎田心
珂	王可
嗅	口自犬
簫	⺮肅
佰	亻一白
滇	氵真
寅	寅
婧	女青
姦	三（女）
梵	木木凡
蛾	虫我
慰	尸示寸心
履	尸彳𠂉日夂
駛	馬口乂
宛	宀夕卩
襪	衤𦭝戍
嫖	女西示
綸	糸亼冊
礙	石疑
肽	月大丶
獄	犭言犬
闢	門尸口辛
歎	𦰩欠
蟬	虫單
涮	氵尸巾刂
督	上小又目
衍	行氵
違	⻌韋
絞	糸亠八乂
廿	廿
摁	扌圍大心
劣	小丿力
銜	行金
祈	示斤
搵	扌圍人皿
尅	十口儿寸
貶	貝乏
魄	白鬼
崽	山田心
斧	八乂斤
裔	衣冏
湛	氵甚
琛	王㓁木
淌	氵尚
簇	⺮方𠂉矢
償	亻【尚】貝
沛	氵巿
澗	氵門日
殤	一夕𠂉昜
掠	扌亠口小
崎	山大可
贛	立日十夂工貝
蕩	艹氵昜
菇	艹女十口
砌	石七刀
眯	目米
闌	門柬
嬲	田力女田力
辱	辰寸
匠	匚斤
肘	月寸
淹	氵大电
洽	氵亼口
溟	氵冖日亠八
諗	言今心
究	穴九
慼	戊上小心
矢	矢
蟻	虫羊我
澈	氵𠫓月攵
葦	艹韋
瞥	巾𠁼攵目
崑	山日匕匕
墮	阝左月土
輓	車免
鴿	亼口鳥
錘	金垂
懼	忄目目隹
坨	土宀匕
椰	木耳阝
梢	木小月
嘟	口者阝
瀟	氵艹肅
障	阝立日十
霄	雨小月
疇	田士㇕工一口寸
揣	扌山而
槐	木鬼
粟	西米
唆	口厶八夂
誦	言龴用
綜	糸宀示
詢	言勹日
劃	聿田一刂
札	木乚
駁	馬乂乂
拴	扌人王
攏	扌龍
聳	從耳
燭	火蜀
襖	衤向米大
臘	月巤
吏	一口乂
堰	土匚日女
棺	木宀㠯
腥	月日生
胞	月包
羨	羊氵欠
韶	立日召
阜	𠂤十
剖	立口刂
羹	羊灬羊大
剃	弟刂
寓	宀禺
峪	山八人口
煜	火日立
竊	穴釆卜冂人禸
撩	扌一火日小
扳	扌反
桔	木士口
轄	車宀丰口
臧	戈爿臣
喀	口宀夂口
妄	亡女
陌	阝一白
弧	弓瓜
弩	女又弓
撰	扌巽
瞿	目目隹
卞	亠卜
蛤	虫亼口
襄	衣口口甘
肅	肅
擒	扌禽
哨	口小月
鑿	业半臼殳金
皂	白七
佘	人示
鋸	金尸十口
汞	工水
芭	艹巴
膿	月曲辰
懿	士冖豆次心
蔭	艹阝今二厶
椒	木上小又
戎	戈𠂇
肋	月力
翎	令习习
煌	火白王
錐	金隹
疤	疒巴
瀚	氵十日十人习习
闕	門屰欠
絹	糸口月
僱	亻戶隹
泓	氵弓厶
昧	日未
柒	氵七木
棧	木戈戈
硯	石見
錳	金子皿
旨	匕日
鱗	魚米舛
巳	巳
辜	十口辛
筐	⺮匚王
膊	月甫寸
遵	⻌丷酉寸
摺	扌习习白
輥	車日匕匕
嗒	口艹亼口
剁	几木刂
愧	忄鬼
拙	扌出
彆	巾𠁼攵弓
竿	⺮干
鈔	金小丿
鏟	金立丿生
驛	馬睪
鱉	巾𠁼攵魚
稜	禾夌
憤	忄十艹貝
綽	糸卓
鶯	火火冖鳥
緻	糸致
圭	圭
塚	土冖豕
甸	勹田
衷	衣中
燜	火門心
脊	𠁼人月
憨	敢心
搽	扌艹人木
捶	扌垂
勵	厂萬力
毓	每𠫓川
苔	艹厶口
鉗	金甘
鉢	金木一
奸	女干
坂	土反
淼	三（水）
黏	禾人水卜口
縷	糸婁
甭	不用
瞟	目西示
舅	臼田力
錚	金争
阪	阝反
恕	女口心
轎	車喬
啼	口帝
繭	艹冂糸丨虫
鬱	缶木木冖乂凵匕彡
曠	日广黄
睹	目者
禿	禾儿
諦	言帝
疲	疒皮
褪	衤⻌艮
鞠	革勹米
釉	釆由
彰	立日十彡
綴	糸叕
軋	車乚
酬	酉⺍川
橘	木矛冏
啪	口扌白
睛	目青
斂	僉攵
遁	⻌盾
晝	聿日一
殲	一夕韱
樸	木菐
哆	口夕夕
窟	穴尸出
鈍	金屯
垢	土后
愿	厂白小心
奚	爪幺大
誼	言宀且
緋	糸非
紛	糸八刀
褚	衤者
腮	月田心
枉	木王
旳	日勹丶
鍍	金广廿又
涓	氵口月
嗟	口差
蠱	三（虫）皿
笙	⺮生
沸	氵弗
妓	女支
儉	亻僉
猿	犭土口𧘇
漠	氵莫
撬	扌三（毛）
巍	山禾女鬼
鉑	金白
漾	氵羊永
擎	艹勹口攵手
詐	言乍
絃	糸亠幺
靶	革巴
鴉	牙鳥
俐	亻禾刂
胚	月不一
楷	木匕匕白
侶	亻呂
迭	⻌失
詔	言召
嗣	口冊司
嵩	山高
驕	馬喬
蠅	虫黽
蹄	足帝
穫	禾艹隹又
潰	氵中一貝
褐	衤曷
丞	㇕水一
芮	艹内
梭	木厶八夂
瘡	疒倉
槓	木工貝
唷	口𠫓月
曜	日习习隹
鯨	魚亠口小
灝	氵日亠口小頁
鎊	金旁
畜	亠幺田
廬	广虎田皿
砼	石人工
粽	米宀示
韌	韋刀丶
囉	口罒糸隹
唑	口坐
鋰	金里
鸞	䜌鳥
鈾	金由
宵	宀小月
榆	木俞
嚷	口衣口口甘
釵	金又丶
焱	三（火）
絮	女口糸
戊	戊
鄔	烏阝
剷	立丿生刂
罕	㓁干
欒	䜌木
糾	糸丩
駝	馬宀匕
叩	口卩
箏	⺮爭
俯	亻广亻寸
瀑	氵日共水
濕	氵日幺幺灬
肇	戶攵聿
窪	穴氵圭
毋	毋
摞	扌田糸
暇	日叚
岐	山支
睬	目爪木
郊	亠八乂阝
璧	尸口辛王丶
挾	扌夾
捎	扌小月
嶼	山與
汶	氵文
糸	糸
嘀	口啇
斃	巾𠁼攵死
犁	禾刂牛
怔	忄正
焚	木木火
恁	亻壬心
鷗	匚三（口）鳥
癖	疒尸口辛
灼	火勹丶
孽	艹𠂤辛子
岱	亻弋山
麓	木木鹿
匙	是匕
嚎	口亠口冖豕
爻	乂乂
鏢	金西示
涇	氵巠
珏	王王丶
摧	扌山隹
械	木戈廾
乞	乞
卯	卯
凋	冫用口
蕙	艹惠
噗	口菐
硒	石西
嗔	口真
卟	口卜
筠	⺮土匀
諧	言匕匕白
咔	口上卜
喧	口宀二日
癲	疒真頁
汎	氵凡
瓢	西示瓜
嚕	口魚日
裳	【尚】衣
釗	金刂
謊	言艹亡川
晤	日五口
竭	立曷
妨	女方
玻	王皮
聾	龍耳
宸	宀辰
擅	扌亠圍口日一
蔘	艹三（厶）人彡
諫	言柬
烹	亠口了灬
卉	卉
綾	糸夌
括	扌舌
檐	木𠂊厂八言
漬	氵龶貝
戟	十日十戈
韜	韋爪臼
尸	尸
椎	木隹
恬	忄舌
胥	疋月
檀	木亠圍口日一
坯	土不一
葡	艹勹甫
仄	厂人
噯	口爪冖心夂
溴	氵自犬
縛	糸甫寸
姝	女朱
嬸	女宀釆田
塢	土烏
壙	土广黄
伙	亻火
蠍	虫曷欠
暱	日匚艹𠂇口
垣	土二日
拘	扌勹口
呱	口瓜
昱	日立
篤	⺮馬
箍	⺮扌匚巾
鳩	九鳥
噁	口亞心
躁	足三（口）木
噬	口⺮巫
鎢	金烏
孚	爪子
穀	士冖一禾殳
玥	王月
蓓	艹亻立口
蛆	虫且
囚	圍人
癱	疒𦰩隹
鞘	革小月
瀨	氵束𠂊貝
滷	氵卜圍乂
匣	匚甲
鉬	金目
銹	金禾乃
凳	癶豆几
隙	阝小日小
娣	女弟
驟	馬耳又乑
莞	艹宀一兀
曆	厂禾禾日
躥	足穴鼠
銨	金宀女
荃	艹人王
伶	亻令
謠	言䏑缶
璽	爾王丶
拭	扌弋工
醃	酉大电
墅	里予土
釩	金凡
懵	忄𦭝冖目
苷	艹甘
碾	石展
雋	隹冂凵
禧	示士口䒑口
囡	圍女
鷺	足夂口鳥
鵑	口月鳥
脅	三（力）月
榨	木穴乍
黯	黑立日
侖	亼冊
荼	艹余
苞	艹包
戚	戊上小
曄	日華
饃	食莫
頒	八刀頁
倘	亻尚
怯	忄土厶
淪	氵亼冊
礁	石隹灬
睏	目圍木
瞻	目𠂊厂八言
躬	身弓
餌	食耳
脖	月十冖子
襟	衤木木示
尉	尸示寸
絳	糸夂㐄
軼	車失
亥	亥
屄	尸穴
蘋	艹止𣥂頁
尐	小丶
肢	月支
悄	忄小月
紐	糸丑
閹	門大电
弋	弋
厘	厂里
貯	貝宀丁
僕	亻菐
憎	忄曾
禎	示卜貝
隴	阝龍
緬	糸面
頰	夾頁
砷	石申
糙	米⻌牛口
炯	火冋
莘	艹辛
盔	𠂇火皿
睦	目坴
仟	亻千
炕	火亠几
渦	氵咼
鬢	長彡宀一𣥂貝
艷	丰丰山豆𠂊巴
荔	艹三（力）
嗷	口敖
盅	中皿
籲	⺮龠頁
鯊	氵小丿魚
藩	艹氵釆田
楨	木卜貝
奢	大者
尬	尢介
趾	足止
贖	貝賣
瘀	疒於
悼	忄卓
臍	月齊
抿	扌民
憾	忄戊一口心
愷	忄山豆
孓	了丶
滌	氵攸木
浣	氵宀一兀
兀	兀
蹟	足龶貝
囿	圍𠂇月
嶽	山犭言犬
稚	禾隹
褒	衣亻口木
痔	疒土寸
烘	火共
渭	氵田月
嘻	口士口䒑口
錨	金艹田
鍛	金厂三殳
喏	口艹𠂇口
町	田丁
麒	鹿其
熄	火自心
烯	火乂𠂇巾
艮	艮
珉	王民
捋	扌爪寸
薯	艹罒者
禦	彳卸示
蕉	艹隹灬
荀	艹勹日
逍	⻌小月
冼	冫先
泪	氵目
拗	扌幺力
檯	木士口冖至
轍	車𠫓月攵
鵰	用口鳥
毯	毛火火
鐸	金睪
邸	氐阝
柵	木冊
炙	䏑火
倭	亻禾女
翊	立习习
熾	火戠
馱	馬大
莽	莽
笠	⺮立
勉	免力
亢	亠几
羌	羊儿
璋	王立日十
毆	匚三（口）殳
咚	口冬
癟	疒自亼冊
槳	爿䏑寸木
恪	忄夂口
涌	氵龴用
妒	女戶
醯	酉𠫓川皿
圩	土于
噹	口【尚】田
暑	日者
軀	身匚三（口）
鈷	金十口
疫	疒殳
歉	兼欠
汐	氵夕
績	糸龶貝
樟	木立日十
峩	山我
錒	金阝可
豁	宀丰口八人口
窖	穴牛口
脉	月永
启	戶口
驥	馬北異
扭	扌丑
胰	月大弓
梟	鳥木
泗	氵四
邇	⻌爾
啟	戶口攵
帘	穴巾
隅	阝禺
葆	艹亻口木
岔	八刀山
歆	立日欠
禰	示爾
弛	弓也
秘	禾必
渚	氵者
纜	糸臣𠂉丶罒見
枴	木叧
畀	田丌
鑼	金罒糸隹
廁	广貝刂
撼	扌戊一口心
雛	芻隹
痞	疒不口
瘟	疒日皿
樽	木丷酉寸
崢	山爭
颳	風舌
澇	氵火火冖力
歧	止支
椿	木𡗗日
确	石𠂊用
咀	口且
箋	⺮戈戈
价	亻介
寮	宀一火日小
緹	糸是
繃	糸山月月
蒿	艹高
醛	酉艹人王
肏	人肉
譟	言三（口）木
悍	忄日干
嬋	女單
駭	馬亥
碁	其石
硼	石月月
啤	口卑
壬	壬
鄺	广黄阝
叛	半反
浚	氵厶八夂
獒	敖犬
捌	扌另刂
霽	雨齊
嘮	口火火冖力
鎘	金鬲
勘	甚力
剌	束刂
樵	木隹灬
啄	口豕
倡	亻日日
肛	月工
糜	麻米
漪	氵犭大可
迴	⻌圍口
駒	馬勹口
瑕	王叚
蔽	艹巾𠁼攵
鐳	金雨田
糯	米雨而
茫	艹氵亡
噎	口士冖豆
飼	食司
狹	犭夾
凰	𠘨白王
溺	氵弱
寰	宀睘
璞	王菐
霓	雨臼儿
醚	酉⻌米
硝	石小月
囤	圍屯
吭	口亠几
靡	麻非
厥	厂屰欠
凜	冫亠圍口禾
跺	足几木
沓	水日
忻	忄斤
遛	⻌卯田
萃	艹卒
氈	亠圍口日一毛
埔	土甫
扼	扌厂卩
吱	口支
竺	⺮二
綢	糸用口
霏	雨非
蛟	虫亠八乂
圃	圍甫
晗	日今口
鉉	金亠幺
鋤	金且力
誕	言廴丿止
泠	氵令
瘸	疒力口肉
琢	王豕
酉	酉
棘	木冂木冂
蚌	虫丰
虜	虎田力
吋	口寸
夥	果夕夕
譁	言華
辮	辛糸辛
疣	疒尤
恍	忄光
貽	貝厶口
糠	米广隶
渺	氵目小丿
洙	氵朱
瀛	氵亡口月女凡
祀	示巳
瓏	王龍
琅	王丶艮
攥	扌⺮目大糸
苛	艹可
苓	艹令
丕	不一
唬	口虎
夭	夭
腌	月大电
姍	女冊
橡	木象
嗄	口𦣻夂
眩	目亠幺
弈	亦廾
珞	王夂口
拈	扌卜口
茸	艹耳
倔	亻尸出
諜	言世木
喆	士口士口
艱	𦰩艮
貂	豸召
諒	言亠口小
丰	丰
耙	耒巴
跋	足犮
踱	足广廿又
叭	口八
恢	忄𠂇火
彝	彑米糸廾
綰	糸宀㠯
扽	扌屯
磯	石幺幺戈人
旌	方𠂉生
濮	氵亻菐
孜	子攵
琨	王日匕匕
琰	王火火
踐	足戈戈
舵	舟宀匕
廝	广其斤
寐	宀爿未
璃	王离
荻	艹犭火
孬	不女子
懈	忄𠂊用刀牛
漕	氵一曲日
磐	舟殳石
宦	宀臣
撅	扌厂屰欠
櫟	木白幺幺木
罡	罒正
漱	氵束欠
櫥	木广士口䒑寸
諱	言韋
庶	广廿灬
癬	疒魚羊
馭	馬又
掄	扌亼冊
釜	八乂王丷
焯	火卓
熵	火商
騫	【寒】馬
釐	未攵厂里
挎	扌大亏
茉	艹一木
隸	木示隶
匾	匚戶冊
筑	⺮工凡
膳	月羊䒑口
濡	氵雨而
蕪	艹𬻝灬
鎬	金高
痹	疒田丌
恃	忄土寸
淞	氵木公
頹	禾儿頁
鋇	金貝
舀	爪臼
閑	門木
搔	扌蚤
矇	目艹冖一豕
縈	火火冖糸
嬪	女宀一𣥂貝
梧	木五口
匝	匚巾
哌	口𠂆𠂢
羈	罒革馬
屹	山乞
侑	亻𠂇月
頃	匕頁
鯉	魚里
灸	𠂊丶火
甦	一日乂生
熹	士口䒑灬
鵲	昔鳥
鑰	金龠
焙	火立口
蹈	足爪臼
牡	牛土
秧	禾冂大
飢	食几
狸	犭里
訶	言可
訥	言内
沼	氵召
襠	衤【尚】田
夯	大力
毗	田匕匕
慫	從心
懲	彳𢽠心
炬	火巨
逞	⻌呈
曖	日爪冖心夂
簧	⺮黄
脲	月尸水
鰭	魚老日
窘	穴尹口
赦	赤攵
蔫	艹焉
柚	木由
煨	火畏
溯	氵屰月
宙	宀由
薹	艹士口冖至
斟	甚斗
柑	木甘
匿	匚艹𠂇口
剔	日勿刂
崴	山戊一女
胯	月大亏
眷	半目
癸	癶天
緞	糸厂三殳
馴	馬川
蟎	虫㒼
顱	虎田皿頁
嘲	口十日十月
噤	口木木示
弒	乂术弋工
諭	言俞
謬	言习习人彡
甕	亠乡隹瓦
噩	王四（口）
鬚	長彡彡頁
蟒	虫莽
偵	亻卜貝
鎧	金山豆
攆	扌夫夫車
巔	山真頁
燮	言火火又
汲	氵及
筷	⺮忄夬
輿	臼車𠔀
侄	亻至
詭	言𠂊厂卩
滔	氵爪臼
銑	金先
姣	女亠八乂
丐	下乚
檸	木宀心皿丁
硃	石朱
戌	戊一
敝	巾𠁼攵
壟	龍土
諮	言次口
疹	疒人彡
炊	火欠
涕	氵弟
瑣	王小貝
摹	莫手
樞	木匚三（口）
覈	西白方攵
杵	木午
棣	木隶
羚	羊令
渤	氵十冖子力
蝨	乙十虫虫
墟	土虚
柿	木市
烷	火宀一兀
綏	糸爪女
薔	艹嗇
蹙	戊上小足
噪	口三（口）木
頑	一兀頁
璟	王日亠口小
氖	气乃
攸	攸
帛	白巾
膨	月士口䒑彡
涐	氵我
甬	龴用
琉	王𠫓川
抒	扌予
薊	艹魚刂
酌	酉勹丶
榭	木身寸
鐺	金【尚】田
爍	火白幺幺木
沅	氵一兀
濠	氵亠口冖豕
闇	門立日
嬉	女士口䒑口
殖	一夕直
珀	王白
眶	目匚王
稼	禾宀豕
錛	金奔
咎	夂卜口
潞	氵足夂口
絢	糸勹日
莓	艹每
嘈	口一曲日
馥	禾日𠂉日夂
皋	白大十
粹	米卒
瀅	氵火火冖王丶
祗	示氐
穢	禾止戊一𣥂
褂	衤圭卜
娼	女日日
鰲	敖魚
琱	王用口
鳶	弋鳥
叟	叟
墾	豸艮土
廓	广亠口子阝
弼	弓一白弓
珈	王力口
旻	日文
翡	非习习
曳	曳
偕	亻匕匕白
諶	言甚
羲	羊禾戈丂
汾	氵八刀
陂	阝皮
藺	艹門隹
軾	車弋工
蛹	虫龴用
丿	丿
儷	亻一冂丶一冂丶鹿
僦	亻亠口小尤
郅	至阝
啖	口火火
籬	⺮离隹
豚	月豕
湄	氵尸目
熨	尸示寸火
犀	尸水牛
珺	王尹口
咂	口匚巾
釹	金女
糗	米自犬
摯	土半丸手
騏	馬其
吡	口匕匕
冕	冃免
頜	亼口頁
褶	衤习习白
巿	巿
垛	土几木
髻	長彡士口
擂	扌雨田
芊	艹千
檬	木艹冖一豕
砬	石立
咕	口十口
嘶	口其斤
昀	日匀
卹	血卩
疝	疒山
尻	尸九
孑	了一
坳	土幺力
薈	艹會
槌	木⻌𠂤
吮	口厶儿
厂	厂
芋	艹于
萎	艹禾女
榻	木日习习
嗡	口公习习
漣	氵⻌車
妤	女予
墒	土商
瑄	王宀二日
隼	隹十
訟	言公
燬	火臼工殳
烴	火巠
巒	䜌山
吠	口犬
囑	口尸水蜀
幡	巾釆田
篷	⺮⻌夂丰
伢	亻牙
仂	亻力
沂	氵斤
尕	乃小
聆	耳令
騁	馬由丂
嗑	口土厶皿
稟	亠圍口禾
漳	氵立日十
沱	氵宀匕
卅	一川
碌	石彐水
偈	亻曷
蒽	艹圍大心
颱	風厶口
燴	火會
冪	冖莫巾
怠	厶口心
擄	扌虎田力
杠	木工
砰	石平
鹵	卜圍乂
曙	日罒者
稽	禾尤匕日
簪	⺮旡旡日
偎	亻畏
潁	匕水頁
恙	羊心
敞	尚攵
徙	彳止止
嬴	亡口月女凡
瘺	疒尸雨
祚	示乍
巽	巽
拇	扌母
兢	十口儿十口儿
踮	足广卜口
觴	𠂊用𠂉昜
汕	氵山
纓	糸貝貝女
綻	糸宀𤴓
亓	一丌
磺	石黄
囂	㗊（頁）
啜	口叕
氰	气青
羥	羊巠
螢	火火冖虫
闞	門敢
璉	王⻌車
壑	卜冖一八人口又土
嗪	口𡗗禾
呤	口令
峨	山我
濂	氵广兼
閨	門圭
姊	女丿乚亻
驪	馬一冂丶一冂丶鹿
敕	束攵
嘖	口龶貝
瞼	目僉
謁	言曷
讒	言毚
愉	忄俞
溥	氵甫寸
緇	糸巛田
鄢	焉阝
捨	扌亼十口
罔	𦉰亡
衙	行五口
懇	豸艮心
厝	厂昔
鄙	口十圍口阝
勛	口貝力
餃	食亠八乂
錕	金日匕匕
桀	舛木
痠	疒厶八夂
澎	氵士口䒑彡
宥	宀𠂇月
聿	聿
頡	士口頁
骸	骨亥
彿	彳弗
煽	火戶习习
澱	氵尸共殳
驍	馬堯
驊	馬華
檻	木臣𠂉丶皿
隕	阝口貝
饋	食中一貝
餉	食向口
鈥	金火
狙	犭且
惶	忄白王
酣	酉甘
輒	車耳乚
杳	木日
顰	止𣥂頁卑
煦	日勹口灬
鍔	金口口亏
庇	广匕匕
芥	艹介
苡	艹厶人
戍	戍
蝗	虫白王
暄	日宀二日
鱷	魚王四（口）
床	广木
楽	白𠁼木
泯	氵民
衹	衤氏
陋	阝丙乚
戮	习习人彡戈
壤	土衣口口甘
墉	土庸
揖	扌口耳
攙	扌毚
菡	艹函
伎	亻支
脛	月巠
愕	忄口口亏
紳	糸申
呷	口甲
唧	口艮卩
朧	月龍
詣	言匕日
烽	火夂丰
慨	忄艮旡
菂	艹白勹丶
嘸	口𬻝灬
乒	丘丿
朦	月艹冖一豕
諡	言八丂皿
粱	氵刀八米
宓	宀必
囗	圍
峙	山土寸
侗	亻同
征	彳正
鋯	金牛口
詰	言士口
淒	氵妻
畦	田圭
骶	骨氐
膘	月西示
庾	广臼人
淬	氵卒
掖	扌夜
柬	柬
犢	牛賣
逵	⻌坴
悳	直心
秩	禾失
颯	立風
湜	氵是
蕃	艹釆田
朽	木丂
塹	車斤土
杞	木己
蛛	虫朱
啡	口非
晦	日每
傈	亻西木
佷	亻艮
餿	食叟
昶	永日
痂	疒力口
扉	戶非
嫉	女疒矢
酈	一冂丶一冂丶鹿阝
蓆	艹广廿巾
蕁	艹彐工口寸
鍼	金戊一口
謨	言莫
广	广
垠	土艮
萘	艹大示
蜷	虫半卩
嗤	口蚩
幌	巾日光
篆	⺮彑豕
臼	臼
傭	亻庸
鍺	金者
諷	言風
諳	言立日
慚	忄車斤
怖	忄𠂇巾
灶	火土
宁	宀丁
裱	衤表
扈	戶口巴
嫡	女啇
磬	士尸殳石
嗖	口叟
鍥	金丰刀大
哺	口甫
踝	足果
叱	口匕
婢	女卑
婿	女疋月
擀	扌十日十人干
挽	扌免
氾	氵卩
歹	一夕
矗	三（直）
叨	口刀
喙	口彑豕
晰	日木斤
晁	日兆
箐	⺮青
鼬	鼠由
閏	門王
辷	⻌一
揩	扌匕匕白
砣	石宀匕
罈	缶西日十
氬	气亞
偃	亻匚日女
濛	氵艹冖一豕
蝸	虫咼
銻	金弟
氐	氐
迸	⻌并
酪	酉夂口
嘜	口麥
咿	口亻尹
幔	巾曼
戇	立日十夂工貝心
淖	氵卓
渥	氵尸至
瑰	王鬼
蔗	艹广廿灬
嗓	口三（又）木
郜	牛口阝
籮	⺮罒糸隹
鉚	金卯
膛	月【尚】土
孢	子包
黒	黒
幟	巾戠
涔	氵山今
嬡	女爪冖心夂
饗	鄉食
瓚	王先先貝
蛻	虫八口儿
浠	氵乂𠂇巾
汛	氵乙十
剿	巛果刂
菿	艹至刂
噌	口曾
円	冂丨一
掣	牛巾刂手
娑	氵小丿女
蔬	艹疋𠫓川
枷	木力口
啉	口木木
俑	亻龴用
腋	月夜
癒	疒俞心
憫	忄門文
灞	氵雨革月
吆	口幺
憊	亻𤰇心
舫	舟方
瀏	氵卯金刂
羿	习习廾
為	爲
璜	王黄
拄	扌主
郴	木木阝
蟾	虫𠂊厂八言
腚	月宀𤴓
誡	言戈廾
吝	文口
沏	氵七刀
渙	氵奐
穹	穴弓
媞	女是
嘌	口西示
岫	山由
筵	⺮廴丿止
裊	鳥衣
矜	矛今
掬	扌勹米
皿	皿
纂	⺮目大糸
徊	彳圍口
鰓	魚田心
誨	言每
焗	火尸㇆口
鬍	長彡十口月
撂	扌田夂口
覷	虚見
嗽	口束欠
曇	日雨二厶
悖	忄十冖子
耘	耒二厶
蜃	辰虫
郢	呈阝
罘	罒不
鍘	金貝刂
銓	金人王
鏽	金肅
雒	夂口隹
勐	子皿力
鑾	䜌金
蔻	艹宀一兀卜又
榴	木卯田
蹺	足堯
伺	亻司
尒	人小
饑	食幺幺戈人
諞	言戶冊
瀦	氵豕者
胜	月生
芣	艹不
榛	木𡗗禾
弌	弋一
簍	⺮婁
筏	⺮亻戈
銬	金考
奐	奐
癩	疒束𠂊貝
淅	氵木斤
澹	氵𠂊厂八言
禱	示士㇕工一口寸
辟	尸口辛
姥	女老
欖	木臣𠂉丶罒見
嗝	口鬲
譏	言幺幺戈人
粕	米白
燊	三（火）木
甾	巛田
坷	土可
莢	艹夾
靄	雨言曷
顎	口口亏頁
嶄	山車斤
髖	骨宀艹見丶
仆	亻卜
佚	亻失
脯	月甫
痢	疒禾刂
煸	火戶冊
灃	氵丰丰山豆
汰	氵大丶
濯	氵习习隹
萼	艹口口亏
楔	木丰刀大
軻	車可
輻	車一口田
呲	口止匕
唰	口尸巾刂
疃	田立里
煊	火宀二日
淶	氵來
亍	一丁
圳	土川
煉	火柬
洵	氵勹日
犟	强牛
顳	三（耳）頁
槎	木差
甌	匚三（口）瓦
峭	山小月
気	气乂
猥	犭畏
惺	忄日生
締	糸帝
楣	木尸目
嘩	口華
僚	亻一火日小
忿	八刀心
孵	卯丶丶爪子
紊	文糸
罄	士尸殳缶
髯	長彡冂土
贅	敖貝
捺	扌大示
懋	木矛木心
魘	厂日月犬鬼
齲	齒禹
帷	巾隹
嶸	山火火冖木
雉	矢隹
舸	舟可
膈	月鬲
洩	氵曳
寞	宀莫
蹇	【寒】足
櫓	木魚日
蚜	虫牙
畸	田大可
箕	⺮其
匆	匆
壕	土亠口冖豕
撣	扌單
堇	堇
蕞	艹最
涎	氵廴丿止
渲	氵宀二日
寳	宀王尔貝
闋	門癶天
耽	耳冖儿
菅	艹宀㠯
仝	人工
猩	犭日生
詮	言人王
疵	疒止匕
瀧	氵龍
遐	⻌叚
袂	衤夬
霾	雨豸里
虔	虎文
蹴	足亠口小尤
鉸	金亠八乂
舶	舟白
斕	文門柬
謐	言必皿
燎	火一火日小
熠	火习习白
闔	門土厶皿
殃	一夕冂大
軫	車人彡
噼	口尸口辛
遏	⻌曷
銼	金坐
舛	舛
匕	匕
謔	言虎匚一
隘	阝益
殑	一夕十口儿
騾	馬田糸
檜	木會
囝	圍子
喈	口匕匕白
稈	禾日干
澍	氵士口䒑寸
珩	王行
欏	木罒糸隹
畈	田反
鵠	牛口鳥
衢	行目目隹
譴	言⻌中一㠯
泌	氵必
宕	宀石
邈	⻌豸白儿
苄	艹亠卜
菀	艹宀夕卩
礬	乂乂木木大石
岷	山民
贍	貝𠂊厂八言
俘	亻爪子
衾	今衣
衕	行同
鈀	金巴
狩	犭宀寸
襬	衤罒能
蠡	彑豕虫虫
邰	厶口阝
殆	一夕厶口
鬃	長彡宀示
啶	口宀𤴓
晌	日向口
睫	目一彐止
飭	食𠂉力
鈿	金田
獾	犭艹口口隹
鯤	魚日匕匕
琍	王禾刂
捍	扌日干
芾	艹巿
彧	弋口一彡
蝠	虫一口田
嘣	口山月月
岢	山可
鑣	金鹿灬
鷲	亠口小尤鳥
訛	言亻匕
詡	言习习
潯	氵彐工口寸
靛	青宀𤴓
莆	艹甫
礪	石厂萬
氦	气亥
佯	亻羊
膀	月旁
瀆	氵賣
緗	糸木目
姻	女圍大
繽	糸宀一𣥂貝
葭	艹叚
鑒	臣𠂉丶罒金
贓	貝戈爿臣
徳	彳十罒心
関	門䒑大
耆	老日
捫	扌門
拚	扌厶廾
籤	⺮韱
夙	【鳳】夕
腑	月广亻寸
謾	言曼
蟄	土半丸虫
樾	木走戉
咣	口光
噙	口禽
猝	犭卒
訖	言乞
熒	火火冖火
潼	氵立里
窒	穴至
翌	习习立
奼	女丿七
夔	夔
髂	骨宀夂口
熏	熏
刈	乂刂
鉭	金日一
鍬	金禾火
舷	舟亠幺
肟	月亏
鱔	魚羊䒑口
誑	言犭王
氓	亡民
豢	半豕
忱	忄冖儿
洧	氵𠂇月
雇	戶隹
閭	門吕
媳	女自心
蠹	一中冖石虫虫
荐	艹【在】子
蟮	虫羊䒑口
踰	足俞
彡	彡
鍶	金田心
対	文寸
庖	广包
鶩	矛攵鳥
埂	土一日乂
琥	王虎
賁	十艹貝
哏	口艮
俟	亻厶矢
懾	忄三（耳）
汙	氵于
紺	糸甘
抻	扌申
缶	缶
絛	攸糸
鏤	金婁
汴	氵亠卜
忝	天㣺
璨	王卜夕又米
虯	虫丩
躡	足三（耳）
喱	口厂里
嵇	禾尤山
鉞	金戉
鈊	金心
鴛	夕卩鳥
誣	言巫
諍	言争
怵	忄术
湍	氵山而
葳	艹戊一女
藜	艹禾丿刀人水
輟	車叕
僻	亻尸口辛
鏃	金方𠂉矢
瓤	衣口口甘瓜
鶉	亠口子鳥
翦	䒑月刂习习
羯	羊曷
熳	火曼
澶	氵亠圍口日一
滸	氵言午
廴	廴
燾	士㇕工一口寸灬
撾	扌⻌咼
拯	扌㇕水一
芡	艹欠
枰	木平
俸	亻𡗗キ
翱	白大十习习
奠	丷酉大
銥	金衣
肱	月𠂇厶
瘧	疒虎匚一
屙	尸阝可
邕	巛口巴
埒	土爪寸
茱	艹朱
槿	木堇
梔	木𠂋巴
楹	木乃又皿
僥	亻堯
倖	亻土半
慍	忄圍人皿
玟	王文
礎	石木木疋
矽	石夕
蛭	虫至
哽	口一日乂
髁	骨果
骰	骨殳
氡	气冬
鏜	金【尚】土
飧	夕食
訕	言山
漚	氵匚三（口）
翩	戶冊习习
祟	出示
殉	一夕勹日
塬	土厂白小
琬	王宀夕卩
剋	十口儿刂
芩	艹今
様	木羊水
硎	石开刂
冂	冂
峁	山卯
淦	氵金
皰	皮包
収	丩又
苒	艹冂土
箔	⺮氵白
鐨	金弗貝
洎	氵自
輦	夫夫車
薆	艹爪冖心夂
跤	足亠八乂
嗌	口益
顥	日亠口小頁
懟	业羊寸心
牲	牛生
氳	气圍人皿
牒	片世木
戦	単戈
漩	氵方𠂉疋
殞	一夕口貝
玳	王亻弋
芪	艹氏
皙	木斤白
礫	石白幺幺木
賄	貝𠂇月
僳	亻西米
饈	食羊丑
胍	月瓜
鮎	魚卜口
詒	言厶口
悵	忄長
涸	氵圍十口
綬	糸爪冖又
攘	扌衣口口甘
嚄	口艹隹又
喓	口西女
歟	與欠
牋	片戈戈
鐲	金蜀
変	亦夂
淥	氵彑水
宀	宀
剜	宀夕卩刂
孖	子子
卍	㇆丨一丨
綣	糸半卩
圻	土斤
苣	艹巨
芍	艹勹丶
菩	艹立口
蠔	虫亠口冖豕
哂	口西
佣	亻用
仞	亻刀丶
諏	言耳又
冽	冫一夕刂
廡	广𬻝灬
綃	糸小月
耦	耒禺
桉	木宀女
粲	卜夕又米
喳	口查
啐	口卒
儺	亻𦰩隹
鏗	金臣又土
諛	言臼人
庋	广支
粑	米巴
籹	米女
瀘	氵虎田皿
鋈	氵夭金
滘	氵㓁工口
戾	戶犬
亟	亟
嬈	女堯
堀	土尸出
莧	艹見
蘑	艹麻石
輾	車展
跛	足皮
崾	山西女
顓	山而頁
鉍	金必
鎔	金穴人口
鯽	魚艮卩
憬	忄日亠口小
愀	忄禾火
湮	氵西土
洇	氵圍大
祜	示十口
闡	門單
亙	亙
囍	士口䒑口士口䒑口
撻	扌⻌土羊
芏	艹土
莣	艹亡心
蒞	艹氵亻立
檫	木宀䏑又示
饕	口丂虎食
盹	目屯
脩	攸月
畲	人示田
鎵	金宀豕
謗	言旁
糰	米圍專
灩	氵丰丰山豆土厶皿
寤	宀爿五口
縉	糸晋
娉	女由丂
垟	土羊
硌	石夂口
盎	冂大皿
睢	目隹
徠	彳來
斛	𠂊用斗
泮	氵半
汊	氵又丶
灤	氵䜌木
繕	糸羊䒑口
歿	一夕勹又
碴	石查
逕	⻌巠
哮	口孝
嘬	口最
嶂	山立日十
乓	丘丶
逯	⻌彐水
閾	門戈口一
葽	艹西女
枳	木口八
杓	木勹丶
鄴	业半木阝
岬	山甲
誥	言牛口
汏	氵大
売	士冖儿
埭	土隶
螯	敖虫
孛	十冖子
啷	口丶艮阝
笥	⺮司
鵒	八人口鳥
狡	犭亠八乂
竦	立束
癰	疒巛口巴隹
瀹	氵龠
潙	氵爲
硐	石同
蹶	足厂屰欠
蹋	足日习习
篡	⺮目大厶
俚	亻里
伈	亻心
魷	魚尤
鰻	魚曼
讕	言門柬
恣	次心
羧	羊厶八夂
紂	糸寸
緲	糸目小丿
戩	晉戈
児	丨日儿
呿	口土厶
胄	由月
禺	禺
矚	目尸水蜀
笆	⺮巴
鉈	金宀匕
竣	立厶八夂
甑	曾瓦
悸	忄禾子
煬	火昜
縐	糸芻
玓	王勹丶
萇	艹長
蓯	艹從
韭	韭
暝	日冖日亠八
凼	水凵
睨	目臼儿
仩	亻上
倌	亻宀㠯
銦	金圍大
鍇	金匕匕白
肪	月方
馗	九首
孺	子雨而
緝	糸口耳
殮	一夕僉
琮	王宀示
芫	艹一兀
菈	艹扌立
檣	木嗇
賚	來貝
掱	三（手）
秸	禾士口
儼	亻口口厂敢
皎	白亠八乂
龕	亼口龍
諼	言爪一𠂇又
瘓	疒奐
癆	疒火火冖力
煅	火厂三殳
慵	忄庸
涙	氵戶大
惢	三（心）
耨	耒辰寸
蜇	扌斤虫
莒	艹吕
蘅	艹行𠂊田大
苕	艹召
橇	木三（毛）
翳	匚矢殳习习
哐	口匚王
賑	貝辰
崛	山尸出
篁	⺮白王
偌	亻艹𠂇口
釧	金川
鈮	金尸匕
諺	言立丿彡
庵	广大电
炷	火主
濄	氵⻌咼
洳	氵女口
隧	阝⻌丷豕
塒	土日土寸
茆	艹卯
橈	木堯
靨	厂日月犬面
蜈	虫吴
喹	口大圭
咲	口䒑大
冑	由冂二
乄	丿丶
偠	亻西女
澧	氵曲豆
屜	尸彳世
卐	乚一丨一
纈	糸士口頁
姒	女厶人
瓔	王貝貝女
柘	木石
枋	木方
虻	虫亡
釕	金了
廕	广阝今二厶
惰	忄左月
懺	忄韱
洮	氵儿氵
蚤	蚤
婊	女表
斡	十日十人斗
韃	革⻌土羊
轅	車土口𧘇
栩	木习习
攴	卜又
哧	口赤
睞	目來
僖	亻士口䒑口
傣	亻𡗗水
倏	攸犬
銫	金𠂊巴
銃	金𠫓儿
諤	言口口亏
苹	艹平
蕨	艹厂屰欠
茴	艹圍口
藐	艹豸白儿
芠	艹文
酵	酉孝
蛔	虫圍口
崮	山圍十口
嶠	山喬
膦	月米舛
鮭	魚圭
匈	勹乂凵
譙	言隹灬
洹	氵二日
沢	氵尺
璁	王囱心
蒯	艹月月刂
醞	酉圍人皿
椋	木亠口小
叵	匚口
齦	齒艮
嗶	口畢
唾	口垂
哖	口年
噔	口癶豆
笫	⺮丿乚亻
惚	忄勿心
澮	氵會
閫	門圍木
瑙	王巛囟
棹	木卓
蜥	虫木斤
蛀	虫主
螟	虫冖日亠八
唏	口乂𠂇巾
畹	田宀夕卩
黍	禾人水
鑊	金艹隹又
腓	月非
詎	言巨
庥	广亻木
濰	氵糸隹
緘	糸戊一口
攣	䜌手
轂	士冖一車殳
蓴	艹專
蒔	艹日土寸
佇	亻宀丁
鈐	金今
貉	豸夂口
瀕	氵止𣥂頁
闃	門目犬
翀	习习中
妊	女壬
紓	糸予
荇	艹行
蔸	艹兜
艿	艹乃
櫛	木⺮艮卩
斫	石斤
咻	口亻木
箴	⺮戊一口
适	⻌舌
飴	食厶口
訝	言牙
淙	氵宀示
嫦	女【尚】巾
弁	厶廾
韉	革艹廌
萜	艹巾卜口
薏	艹立日心
趺	足夫
賒	貝人示
郗	乂𠂇巾阝
饌	食巽
虢	爪寸虎
慷	忄广隶
濼	氵白幺幺木
実	宀𡗗
寥	宀习习人彡
褋	衤世木
摑	扌圍戈口一
邯	甘阝
蔑	𦭝戍
楮	木者
圧	厂土
砥	石氐
迄	⻌乞
儆	亻艹勹口攵
讎	隹言隹
銪	金𠂇月
臊	月三（口）木
鴕	鳥宀匕
誆	言匚王
咫	尺口八
鍪	矛攵金
婺	矛攵女
綹	糸夂卜口
搪	扌唐
葑	艹圭寸
噫	口立日心
瞰	目敢
攵	攵
僮	亻立里
佗	亻宀匕
鐫	金隹冂凵
塾	亠口子丸土
旎	方𠂉尸匕
壅	亠乡隹土
懦	忄雨而
発	癶二儿
繚	糸一火日小
繹	糸睪
酆	丰丰山豆阝
藹	艹言曷
箬	⺮艹𠂇口
爰	爪一𠂇又
鋮	金戊㇆
鏘	金爿䏑寸
魴	魚方
詼	言𠂇火
謖	言田八夂
炔	火夬
燼	火𦘒灬皿
妲	女日一
勱	萬力
蓼	艹习习人彡
鸕	虎田皿鳥
螭	虫离
峒	山同
県	目乚小
狽	犭貝
觥	𠂊用光
羔	羊灬
熘	火卯田
衿	衤今
騖	矛攵馬
盂	于皿
髦	長彡毛
萸	艹臼人
磧	石龶貝
蜆	虫見
踞	足尸十口
昴	日卯
僾	亻爪冖心夂
卮	𠂋卩
氷	水丶
詬	言后
癥	疒彳𢽠
湫	氵禾火
綵	糸爪木
娓	女尸毛
恚	圭心
莜	艹攸
蘚	艹魚羊
尢	尢
匭	匚車九
籟	⺮束𠂊貝
魑	鬼离
頦	亥頁
汜	氵巳
縝	糸真
芰	艹支
椏	木亞
榫	木隹十
椽	木彑豕
蟠	虫釆田
啫	口者
蹊	足爪幺大
晞	日乂𠂇巾
詈	罒言
肴	乂𠂇月
銠	金老
鈑	金反
獠	犭一火日小
誚	言小月
諂	言𠂊臼
痿	疒禾女
焓	火今口
湃	氵手一丰
湟	氵白王
祉	示止
縵	糸曼
妗	女今
擻	扌婁攵
菘	艹木公
菏	艹氵可
葯	艹糸勹丶
砦	止匕石
鶚	口口亏鳥
睪	睪
釁	臼同冖酉八刀
鏞	金庸
啻	帝口
旖	方𠂉大可
饔	亠乡隹食
劭	召力
姘	女并
畿	幺幺戈田
坭	土尸匕
霈	雨氵巿
呔	口大丶
崧	山木公
箸	⺮者
稔	禾今心
籩	⺮⻌自穴方
乂	乂
鏵	金華
塍	月半土
詫	言宀丿七
庹	广廿尺
疚	疒𠂊丶
怛	忄日一
瀋	氵宀釆田
黽	黽
窿	穴阝夂一生
芐	艹下
霰	雨散
歩	止小丿
噘	口厂屰欠
啾	口禾火
崙	山亼冊
俅	亻求
鎰	金益
腱	月廴聿
鱸	魚虎田皿
処	夂几
瘁	疒卒
浹	氵夾
漓	氵离
寔	宀是
禕	示韋
闆	門三（口）
迂	⻌于
菰	艹子瓜
碇	石宀𤴓
嗬	口艹亻可
笄	⺮开
筧	⺮見
鐮	金广兼
凇	冫木公
洌	氵一夕刂
袒	衤日一
鄄	西土阝
櫚	木門吕
呋	口夫
囁	口三（耳）
唳	口戶犬
篙	⺮高
氛	气八刀
鋌	金廷
詘	言出
賡	广彐人貝
禛	示真
闥	門⻌土羊
嬤	女麻幺
垚	三（土）
垃	土立
蕎	艹喬
蚴	虫幺力
跖	足石
鄖	口貝阝
踉	足丶艮
牘	片賣
佃	亻田
腈	月青
腊	月昔
膺	广亻隹月
焐	火五口
洱	氵耳
衲	衤内
邏	⻌罒糸隹
蛩	工凡虫
琶	王王巴
菟	艹兔
薌	艹鄉
稷	禾田八夂
簣	⺮中一貝
笈	⺮及
鱟	臼乂乂冖魚
鄣	立日十阝
痙	疒巠
惲	忄冖車
冨	冖一口田
韞	韋日皿
蘼	艹麻非
螅	虫自心
嚯	口雨隹
篪	⺮虒
夊	夂
誹	言非
讖	言韱
燻	火熏
沮	氵且
轡	車糸糸口
挹	扌口巴
逑	⻌求
鞅	革冂大
桜	木⺍女
蚧	虫介
骯	骨亠几
笏	⺮勿
鎦	金卯田
酋	丷酉
鎏	氵𠫓川金
滁	氵阝余
媸	女蚩
媧	女咼
并	并
苫	艹卜口
楸	木禾火
檳	木宀一𣥂貝
賾	臣龶貝
迓	⻌牙
匱	匚中一貝
蛘	虫羊
踵	足重
炅	日火
罹	罒忄隹
笱	⺮勹口
鈹	金皮
肼	月井
臏	月宀一𣥂貝
鮃	魚平
旃	方𠂉丹
懊	忄向米大
涫	氵宀㠯
瀰	氵弓爾
遽	⻌虎豕
陛	阝匕匕土
紸	糸主
觳	士冖一𠂊用殳
鬩	鬥臼儿
摶	扌專
揸	扌查
苊	艹厂卩
萄	艹勹缶
薜	艹尸口辛
囈	口艹坴丸二厶
嚦	口厂禾禾止
崆	山穴工
佽	亻次
銖	金朱
獺	犭束𠂊貝
脘	月宀一兀
芻	芻
贇	文武貝
惻	忄貝刂
闈	門韋
嫵	女𬻝灬
舂	𡗗臼
璦	王爪冖心夂
蔦	艹鳥
橢	木阝左月
达	⻌大
唇	辰口
豕	豕
呎	口尺
嵊	山禾北
睋	目我
幃	巾韋
况	冫口儿
褰	【寒】衣
冗	冖几
恵	一由心
薨	𦭝冖死
蓀	艹子丿糸
葒	艹糸工
鏨	車斤金
椴	木厂三殳
齶	齒口口亏
噲	口會
雎	且隹
鏂	金匚三（口）
腩	月十冂半
鮫	魚亠八乂
謫	言啇
瘴	疒立日十
憚	忄單
満	氵龷巾凵
浼	氵免
閬	門丶艮
媼	女圍人皿
絀	糸出
芎	艹弓
酊	酉丁
笞	⺮厶口
侮	亻每
胱	月光
肓	亡月
痧	疒氵小丿
袢	衤半
黿	一兀黽
髡	長彡兀
擢	扌习习隹
麴	麥勹米
厴	厂日月犬甲
嘁	口戊上小
罅	缶虎乎
佼	亻亠八乂
侷	亻尸㇆口
釔	金乙
鑠	金白幺幺木
亳	亠口冖丿七
悴	忄卒
閌	門亠几
壎	土熏
菓	艹果
梆	木丰阝
乩	卜口乚
呶	口女又
賂	貝夂口
誄	言耒
疽	疒且
淄	氵巛田
逅	⻌后
逄	⻌夂㐄
亜	亜
堺	土界
擷	扌士口頁
菽	艹上小又
蓖	艹囟匕匕
菔	艹月卩又
苧	艹宀丁
蟆	虫莫
齪	齒足
嘭	口士口䒑彡
尜	小大小
嵋	山尸目
佤	亻瓦
鼾	自田丌干
鎩	金乂木殳
凊	冫青
猷	丷酉犬
閎	門𠂇厶
閿	門爪冖又
卩	卩
縭	糸离
螚	能虫
萁	艹其
葩	艹白巴
蛐	虫曲
勖	冒力
岜	山巴
笪	⺮日一
舐	舌氏
佶	亻士口
倨	亻尸十口
餒	食爪女
鳧	鳥几
詿	言圭
溉	氵艮旡
赭	赤者
檠	艹勹口攵木
桅	木𠂊厂卩
眥	止匕目
訾	止匕言
嘹	口一火日小
嚀	口宀心皿丁
犇	三（牛）
伝	亻二厶
鱘	魚彐工口寸
諟	言是
庠	广羊
慳	忄臣又土
慟	忄重力
葙	艹木目
杈	木又丶
砧	石卜口
蛉	虫令
蟀	虫亠幺𠁼十
咭	口士口
嚙	口齒
飫	食夭
鈰	金市
惕	忄日勿
惘	忄𦉰亡
惦	忄广卜口
潦	氵一火日小
窠	穴果
裨	衤卑
迨	⻌厶口
矸	石干
贗	厂亻鳥貝
蜓	虫廷
嘵	口堯
唚	口彐冖又
餼	食气米
褻	衣坴丸
袞	衣八口
懍	忄亠圍口禾
褔	衤一口田
蚩	蚩
櫱	屮𠂤辛木
殯	一夕宀一𣥂貝
耒	耒
芄	艹丸
榷	木冖隹
奄	大电
碚	石立口
喑	口立日
鋨	金我
繇	爪缶丿糸
裾	衤尸十口
窈	穴幺力
豉	豆支
箌	⺮至刂
讜	言【尚】黑
劾	亥力
憧	忄立里
裑	衤身
裼	衤日勿
孿	䜌子
嫠	未攵厂女
琇	王禾乃
荏	艹亻壬
蘢	艹龍
杪	木小丿
榔	木丶艮阝
隹	隹
餳	食昜
鉺	金耳
鎌	金兼
旆	方𠂉巿
癇	疒門月
燧	火⻌丷豕
遑	⻌白王
橐	一中冖石木
圪	土乞
嗇	嗇
駢	馬并
藪	艹婁攵
芃	艹凡
槭	木戊上小
棰	木垂
噥	口曲辰
嗥	口白大十
峴	山見
岣	山勹口
佉	亻土厶
魈	鬼小月
頎	斤頁
鏌	金莫
颼	風叟
詵	言先
諢	言冖車
覚	⺍冖見
瀬	氵束頁
珥	王耳
駟	馬四
茤	艹夕夕
砭	石乏
碓	石隹
蟑	虫立日十
蚓	虫弓丨
嗵	口⻌龴用
嵴	山𠁼人月
憩	舌自心
俁	亻吳
臚	月虎田皿
昝	夂卜日
隗	阝鬼
繾	糸⻌中一㠯
紉	糸刀丶
壊	土十罒衣
琚	王尸十口
葫	艹十口月
鞣	革矛木
顴	艹口口隹頁
蕕	艹犭丷酉
醴	酉曲豆
饜	厂日月犬食
齠	齒召
顒	禺頁
嘗	【尚】匕日
嵛	山俞
牯	牛十口
簟	⺮西日十
笮	⺮乍
囪	囪
儈	亻會
鷂	爪缶鳥
譲	言衣八甘
麝	鹿身寸
沌	氵屯
勰	三（力）田心
婀	女阝可
縞	糸高
瑁	王冒
綦	其糸
齷	齒尸至
喋	口世木
躋	足齊
瓴	令瓦
毖	匕匕必
悽	忄妻
愫	忄龶糸
悚	忄束
搴	【寒】手
朶	乃木
増	土曽
菋	艹口未
驀	莫馬
醪	酉习习人彡
囀	口車專
趿	足及
蹌	足倉
嗍	口屰月
杲	日木
暘	日昜
骷	骨十口
爨	臼同冖木木大火
羸	亡口月羊凡
誶	言卒
廄	广艮殳
瀲	氵僉攵
攫	扌目目隹又
茼	艹同
齜	齒止匕
圜	圍睘
秣	禾一木
僭	亻旡旡日
囟	囟
鑭	金門柬
鰳	魚革力
鰨	魚日习习
慊	忄兼
媯	女爲
鞀	革召
樅	木從
団	圍寸
罌	貝貝缶
儔	亻士㇕工一口寸
羶	羊亠圍口日一
汨	氵日
閼	門於
閽	門氏日
閡	門亥
譬	尸口辛言
縹	糸西示
摒	扌尸并
齬	齒五口
嘧	口宀必山
嵬	山鬼
瞑	目冖日亠八
穡	禾嗇
氪	气十口儿
笳	⺮力口
魃	鬼犮
佸	亻舌
艉	舟尸毛
穌	魚禾
浯	氵五口
溱	氵𡗗禾
阡	阝千
璩	王虎豕
醮	酉隹灬
硤	石夾
蠊	虫广兼
圉	圍土半
嚓	口宀䏑又示
纍	三（田）糸
賙	貝用口
豺	豸才
獐	犭立日十
旄	方𠂉毛
広	广厶
糝	米三（厶）人彡
泖	氵卯
溏	氵唐
裉	衤艮
戸	戶
琺	王氵土厶
芟	艹殳
棖	木長
柜	木巨
蚨	虫夫
蟶	虫聖
俎	人人且
肫	月屯
糍	米䒑幺幺
槊	屰月木
涑	氵束
涪	氵立口
漉	氵鹿
緄	糸日匕匕
彗	丰丰彐
鞦	革禾火
莔	艹圍八冂
躉	萬足
櫪	木厂禾禾止
齔	齒匕
屾	山山
鶻	骨鳥
泱	氵冂大
泫	氵亠幺
鴆	冖儿鳥
帚	彐冖巾
埕	土呈
珪	王圭
瑗	王爪一𠂇又
茁	艹出
檄	木白方攵
竽	⺮于
稗	禾卑
佺	亻人王
鍆	金門
鯢	魚臼儿
戠	戠
咨	次口
淀	氵宀𤴓
謇	【寒】言
逖	⻌犭火
羋	丨卜卜キ
靼	革日一
莋	艹亻乍
唵	口大电
吩	口八刀
哞	口厶牛
羆	罒能灬
嶧	山睪
迤	⻌𠂉也
秈	禾山
簞	⺮單
佞	亻二女
鉿	金亼口
艫	舟虎田皿
諉	言禾女
瘍	疒昜
憒	忄中一貝
郯	火火阝
邋	⻌巤
闐	門真
孃	女衣口口甘
縊	糸益
垌	土同
璀	王山隹
芘	艹匕匕
蹩	巾𠁼攵足
昉	日方
鱈	魚雨彐
鮒	魚亻寸
涿	氵豕
鼐	乃鼎
戛	𦣻戈
髪	長彡𠂇又
瑀	王禹
驄	馬囱心
璣	王幺幺戈人
芨	艹及
蠓	虫艹冖一豕
蚪	虫斗
吒	口丿七
瞋	目真
毎	𠂉毋
倥	亻穴工
猓	犭果
頫	兆頁
褥	衤辰寸
嬖	尸口辛女
孀	女雨木目
縋	糸⻌𠂤
珣	王勹日
璘	王米舛
菠	艹氵皮
卣	卜圍コ
嚶	口貝貝女
跚	足册
嶷	山疑
牖	片戶甫
徨	彳白王
鉄	金失
豸	豸
溧	氵西木
寀	宀爪木
阱	阝井
愍	民攵心
皴	厶八夂皮
撳	扌金欠
蘺	艹离隹
櫸	木與キ
磣	石三（厶）人彡
蠐	虫齊
咑	口扌丁
踔	足卓
黜	黑出
崍	山來
魎	鬼兩
偸	亻兪
兗	亠八口儿
淝	氵月巴
鷸	矛冏鳥
続	糸士冖儿
梘	木見
虺	兀虫
磋	石差
蠛	虫𦭝戍
蠖	虫艹隹又
哃	口同
吽	口牛
徘	彳非
粼	米舛巜
烊	火羊
紆	糸于
紈	糸丸
埗	土止𣥂
鄹	耳又乑阝
瓁	王艹隹又
鸛	艹口口隹鳥
蓑	艹衣口一
酢	酉乍
醌	酉日匕匕
樘	木【尚】土
楦	木宀二日
蜒	虫廴丿止
唲	口臼儿
咜	口宀匕
彫	用口彡
偲	亻田心
鐿	金立日心
胂	月申
忤	忄午
潶	氵黑
紜	糸二厶
艽	艹九
醭	酉菐
蜡	虫昔
蚝	虫毛
嚨	口龍
毬	毛求
鍖	金甚
鏍	金田糸
癜	疒尸共殳
沭	氵术
滓	氵宀辛
娌	女里
繒	糸曾
跫	工凡足
鏊	敖金
葶	艹亠口冖丁
酞	酉大丶
榱	木衣口一
槨	木亠口子阝
郟	夾阝
踴	足龴用力
兎	兎
倳	亻事
煳	火十口月
嬛	女睘
嫚	女曼
驃	馬西示
柰	木示
桁	木行
蜱	虫卑
餚	食乂𠂇月
鯀	魚丿糸
郞	丶艮阝
恫	忄同
憔	忄隹灬
剡	火火刂
姫	女臣
彀	士冖一弓殳
珅	王申
萿	艹氵舌
雹	雨包
橄	木敢
匚	匚
蟛	虫士口䒑彡
咴	口𠂇火
噈	口亠口小尤
冏	冏
髕	骨宀一𣥂貝
値	亻直
俶	亻上小又
皚	白山豆
錈	金半卩
遒	⻌丷酉
畑	火田
衩	衤又丶
嬙	女嗇
媄	女羊大
圮	土己
耔	耒子
揆	扌癶天
苤	艹不一
苴	艹且
苻	艹亻寸
婪	木木女
櫫	豕者木
碉	石用口
咼	咼
倬	亻卓
饉	食堇
彳	彳
譎	言矛冏
奘	爿士大
痱	疒非
疙	疒乞
浞	氵足
湔	氵䒑月刂
潺	氵尸三（子）
袷	衤亼口
爿	爿
鸝	一冂丶一冂丶鹿鳥
驤	馬衣口口甘
覲	堇見
鄞	堇阝
蕗	艹足夂口
梶	木尸毛
邨	屯阝
鹺	卜圍乂差
鼉	口口田一黽
鴰	舌鳥
伲	亻尸匕
劬	勹口力
炤	火召
単	単
閶	門日日
恿	龴用心
坍	土丹
垸	土宀一兀
鬟	長彡睘
耪	耒旁
芑	艹己
逋	⻌甫
蚶	虫甘
曷	曷
侈	亻夕夕
刖	月刂
獯	犭熏
觶	𠂊用單
鰍	魚禾火
旒	方𠂉𠫓川
忖	忄寸
惆	忄用口
閂	門一
邐	⻌一冂丶一冂丶鹿
鬮	鬥龜
驁	敖馬
掇	扌叕
鶘	十口月鳥
鞫	革勹言
槲	木𠂊用斗
齟	齒且
噺	口立木斤
韙	是韋
冄	冂二
鸚	貝貝女鳥
鉦	金正
鋟	金彐冖又
錙	金巛田
猗	犭大可
堃	方方土
沔	氵丁乚㇆
灕	氵离隹
窨	穴立日
厾	乙土厶
緦	糸田心
耄	老毛
杴	木欠
蚵	虫可
蛄	虫十口
蠣	虫厂萬
篦	⺮囟匕匕
俳	亻非
錸	金來
鐐	金一火日小
獬	犭𠂊用刀牛
胝	月氐
礱	龍石
濉	氵目隹
洺	氵夕口
邃	⻌穴丷豕
屐	尸彳支
経	糸又土
殄	一夕人彡
瞽	士口䒑支目
鷙	土半丸鳥
験	馬㑒
蠆	萬虫
芴	艹勿
楝	木柬
鶇	東鳥
耷	大耳
曛	日熏
稹	禾真
氤	气圍大
込	⻌人
臆	月立日心
髙	亠卜丨冋
埸	土日勿
拊	扌亻寸
荑	艹大弓
芤	艹子乚
榧	木匚非
砑	石牙
垡	亻戈土
倮	亻果
徇	彳勹日
鑷	金三（耳）
鑌	金宀一𣥂貝
腆	月典
胗	月人彡
瘢	疒舟殳
遨	⻌敖
弢	弓屮又
緙	糸革
駑	女又馬
擤	扌自田丌
匏	大亏包
尷	尢臣𠂉丶皿
蝴	虫十口月
虼	虫乞
曈	日立里
澩	臼乂乂冖水
餱	食侯
粿	米果
渀	氵奔
宄	宀九
隳	阝左月人㣺
堋	土月月
菹	艹氵且
酐	酉干
櫳	木龍
哚	口几木
眭	目圭
鴦	冂大鳥
峰	山夂丰
侞	亻女口
飩	食屯
餾	食卯田
銣	金女口
胛	月甲
腴	月臼人
獰	犭宀心皿丁
詁	言十口
諑	言豕
訃	言卜
疳	疒甘
癤	疒⺮艮卩
惴	忄山而
怺	忄永
窕	穴兆
陟	阝止𣥂
悪	亜心
鼙	士口䒑支卑
聵	耳中一貝
鴣	十口鳥
蕈	艹西日十
蘄	艹單斤
薺	艹齊
釅	酉口口厂敢
楂	木查
楫	木口耳
碭	石昜
戔	戈戈
呻	口申
叺	口人
咄	口出
崞	山亠口子
嶗	山火火冖力
骼	骨夂口
籙	⺮金彐水
魍	鬼𦉰亡
僉	僉
饅	食曼
餛	食日匕匕
鍐	金乂凵八夂
狎	犭甲
麾	麻毛
羝	羊氐
糲	米厂萬
憷	忄木木疋
煋	火日生
燚	四（火）
窣	穴卒
窸	穴釆心
褡	衤艹亼口
闍	門者
閞	門厶廾
嬗	女亠圍口日一
絵	糸人二厶
邛	工阝
玎	王丁
瑚	王十口月
琿	王冖車
玘	王己
茈	艹止匕
藎	艹𦘒灬皿
椐	木尸十口
螞	虫馬
蜘	虫矢口
嗉	口龶糸
唁	口言
躚	足⻌䙴
筮	⺮巫
箜	⺮穴工
瓮	公瓦
鈸	金犮
錮	金圍十口
鍤	金千臼
鯁	魚一日乂
鰱	魚⻌車
粳	米一日乂
遄	⻌山而
裰	衤叕
鞴	革𤰇
蘩	艹每攵糸
麩	麥夫
碲	石帝
觜	止匕𠂊用
跏	足力口
唎	口禾刂
崚	山夌
仵	亻午
歙	亼口习习欠
鏇	金方𠂉疋
諄	言亠口子
竜	竜
蠲	益蜀
粞	米西
湢	氵一口田
涳	氵穴工
蟊	矛虫虫
媲	女囟匕匕
緱	糸侯
繅	糸巛果
盍	土厶皿
扦	扌千
萵	艹咼
菪	艹宀石
棱	木夌
輳	車𡗗天
蛞	虫舌
笤	⺮召
傀	亻鬼
飪	食壬
胭	月圍大
謄	月半言
殳	殳
旮	九日
悻	忄土半
巛	巛
埝	土今心
圯	土巳
栲	木考
朮	朮
榊	木示申
砹	石艹乂
図	圍⺀乂
跣	足先
邾	朱阝
氚	气川
俷	亻月巴
譕	言𬻝灬
瓿	立口瓦
潢	氵黄
漷	氵亠口子阝
辶	⻌
禳	示衣口口甘
鬻	弓米弓鬲
綆	糸一日乂
彘	彑匕矢匕
殛	一夕亟
堊	亞土
琵	王王匕匕
頊	王頁
拮	扌士口
枡	木升
砟	石乍
骱	骨介
笸	⺮匚口
頷	今口頁
鋃	金丶艮
狻	犭厶八夂
鴇	匕十鳥
鴟	氐鳥
邙	亡阝
悌	忄弟
淠	氵田丌
嫫	女莫
妣	女匕匕
餮	一夕人彡食
赳	走丩
埽	土彐冖巾
圾	土及
荖	艹老
薅	艹女辰寸
樗	木雨亏
柞	木乍
欹	大可欠
蠼	虫目目隹又
跆	足厶口
嗐	口宀丰口
黙	里犬灬
嵯	山差
牝	牛匕
怹	亻也心
鏑	金啇
瘛	疒丰刀心
巻	半己
懌	忄睪
瀞	氵青争
漵	氵余攵
漈	氵䏑又示
滂	氵旁
繻	糸雨而
糶	出米习习隹
嫘	女田糸
橛	木厂屰欠
骺	骨后
笊	⺮爪
倀	亻長
倜	亻用口
皈	白反
鈳	金可
鯛	魚用口
怙	忄十口
滹	氵虎乎
蔠	艹糸冬
撃	車殳手
槁	木高
酃	霝阝
奩	大匚三（口）
鴯	而鳥
郾	匚日女阝
畋	田攵
髀	骨卑
穰	禾衣口口甘
獗	犭厂屰欠
謅	言芻
癭	疒貝貝女
羰	羊山𠂇火
愴	忄倉
窬	穴俞
嬿	女燕
砉	丰石
抉	扌夬
莩	艹爪子
迣	⻌世
柩	木匚𠂊丶
蚰	虫由
螳	虫【尚】土
蛑	虫厶牛
咆	口包
篋	⺮匚夾
価	亻西
翕	亼口习习
郄	乂𠂇厶阝
朐	月勹口
夤	夕寅
窳	穴瓜瓜
劼	士口力
踅	扌斤足
蘧	艹⻌虎豕
杼	木予
磽	石堯
鳪	卜鳥
蚋	虫内
跗	足亻寸
侔	亻厶牛
艚	舟一曲日
郇	勹日阝
裎	衤呈
冢	冖豕
陔	阝亥
埵	土垂
瑭	王唐
醺	酉熏
喟	口田月
咐	口亻寸
蜚	非虫
旯	日九
嶙	山米舛
甥	生田力
篾	⺮罒戍
皤	白釆田
敫	白方攵
鵜	弟鳥
洄	氵圍口
裟	氵小丿衣
弭	弓耳
媾	女甘冂土
緡	糸民日
莨	艹丶艮
櫺	木霝
霹	雨尸口辛
邳	不一阝
蟪	虫惠
歳	止戊一小
蚣	虫公
跎	足宀匕
呉	呉
嶝	山癶豆
嶁	山婁
郃	亼口阝
貘	豸莫
読	言士冖儿
紶	糸土厶
婞	女土半
靑	龶冂丨一
苾	艹必
霑	雨氵卜口
蝽	虫𡗗日
犧	牛羊禾戈丂
恂	忄勹日
夬	夬
翮	鬲习习
両	一巾凵
邴	丙阝
玠	王介
蕤	艹豕生
鷯	一火日小鳥
蚱	虫乍
趵	足勹丶
帰	刂彐冖巾
罟	罒十口
矍	目目隹又
峋	山勹日
嶋	山鳥
髏	骨婁
嚳	臼乂乂冖牛口
皁	白十
齎	齊貝
萆	艹卑
槔	木白大十
磴	石癶豆
蟣	虫幺幺戈人
畛	田人彡
岈	山牙
犍	牛廴聿
釤	金彡
臃	月亠乡隹
譖	言旡旡日
廛	广里八土
愎	忄𠂉日夂
茚	艹𠀉卩
軛	車厂卩
匴	匚⺮目廾
曩	日衣口口甘
暾	日亠口子攵
罱	罒十冂半
岵	山十口
畬	余田
粢	次米
庀	广匕
湎	氵面
鐾	尸口辛金
総	糸公心
炱	厶口火
墻	土嗇
摜	扌毌貝
苜	艹目
硨	石車
錁	金果
窆	穴乏
聴	耳十罒心
瑠	王卯田
搧	扌戶习习
藿	艹雨隹
薱	艹业羊寸
葰	艹亻厶八夂
茭	艹亠八乂
菑	艹巛田
霎	雨立女
蛺	虫夾
蜿	虫宀夕卩
昃	日厂人
簸	⺮其皮
佹	亻𠂊厂卩
儕	亻齊
剣	㑒刂
艋	舟子皿
齏	齊韭
鶿	䒑幺幺鳥
炆	火文
惋	忄宀夕卩
湓	氵八刀皿
褆	衤是
蓁	艹𡗗禾
萣	艹宀𤴓
柊	木冬
泅	氵圍人
紱	糸犮
擯	扌宀一𣥂貝
搡	扌三（又）木
帯	廿丨冖巾
酹	酉爪寸
雩	雨亏
靂	雨厂禾禾止
兕	圍凵儿
帙	巾失
簌	⺮束欠
穂	禾一由心
僂	亻婁
鄱	釆田阝
獍	犭立日儿
廩	广亠圍口禾
瀠	氵火火冖糸
韝	韋甘冂土
顙	三（又）木頁
綈	糸弟
堝	土咼
辻	⻌十
蔵	艹戊臣
晷	日夂卜口
筇	⺮工阝
賃	亻壬貝
鐙	金癶豆
脒	月米
炻	火石
泔	氵甘
専	一由寸
墀	土尸水牛
挈	丰刀手
玹	王亠幺
騅	馬隹
嘏	十口叚
蓽	艹畢
転	車二厶
弍	弋二
蟯	虫堯
圏	圍半己
豊	曲豆
衄	血丑
儻	亻【尚】黑
狆	犭中
痤	疒坐
塋	火火冖土
煢	火火冖乙十
惇	忄亠口子
溲	氵叟
鷚	习习人彡鳥
丌	丌
掾	扌彑豕
萩	艹禾火
崤	山乂𠂇月
仃	亻丁
倗	亻月月
鈁	金方
艏	舟首
狷	犭口月
肷	月欠
鯖	魚青
麋	鹿米
逶	⻌禾女
辺	⻌刀
縲	糸田糸
絎	糸行
銎	工凡金
鞔	革免
櫨	木虎田皿
瓠	大亏瓜
蚯	虫丘
圇	圍亼冊
圊	圍青
蹕	足畢
罨	罒大电
簹	⺮【尚】田
簋	⺮艮皿
氘	气氘
邉	⻌自穴口
徦	彳叚
艄	舟小月
煺	火⻌艮
泚	氵止匕
湝	氵匕匕白
褳	衤⻌車
璠	王釆田
夼	大川
蠕	虫雨而
蹼	足菐
暌	日癶天
眇	目小丿
儐	亻宀一𣥂貝
鈽	金𠂇巾
釙	金卜
詆	言氐
馘	首戈口一
襦	衤雨而
遢	⻌日习习
逡	⻌厶八夂
婼	女艹𠂇口
縟	糸辰寸
鬲	鬲
殫	一夕單
螫	赤攵虫
騕	馬西女
藶	艹厂禾禾止
酩	酉夕口
砘	石屯
戢	口耳戈
噦	口止戊一𣥂
躂	足⻌土羊
跩	足曳
旰	日干
篳	⺮畢
鍑	金𠂉日夂
鎪	金叟
脳	月⺍乂凵
鴝	勹口鳥
応	广心
愬	屰月心
滎	火火冖水
濞	氵自田丌
窶	穴婁
穸	穴夕
弾	弓単
薍	艹𤔔乚
蔟	艹方𠂉矢
蕖	艹氵巨木
硭	石艹亡
吲	口弓丨
氙	气山
璺	臼同冖王丶
鷦	隹灬鳥
徂	彳且
錆	金青
刎	勿刂
燔	火釆田
洸	氵光
瀵	氵糞
宬	宀戊㇆
綪	糸青
玦	王夬
蔞	艹婁
繋	車殳糸
榿	木山豆
硇	石囟
跬	足圭
牸	牛宀子
簑	⺮衣口一
仮	亻反
傛	亻穴人口
辵	彡止
舾	舟西
颺	風昜
膾	月會
憮	忄𬻝灬
泐	氵阝力
褸	衤婁
衽	衤壬
闘	門豆寸
擘	尸口辛手
綞	糸垂
縑	糸兼
鵡	武鳥
玢	王八刀
喥	口广廿又
笹	⺮世
篔	⺮口貝
餞	食戈戈
錟	金火火
舯	舟中
隈	阝畏
戞	一白冖戈
薤	艹一夕韭
剽	西示刂
僰	木冂木冂人
枇	木匕匕
砝	石土厶
劌	止戊一𣥂刂
蟈	虫圍戈口一
囹	圍令
罾	罒曾
笓	⺮匕匕
佧	亻上卜
俜	亻由丂
仡	亻乞
儋	亻𠂊厂八言
舳	舟由
胙	月乍
愜	忄匚夾
沬	氵未
潒	氵象
瀼	氵衣口口甘
鄆	冖車阝
叚	叚
隠	阝爪彐心
垓	土亥
枸	木勹口
蝟	虫田月
秫	禾术
笶	⺮矢
餑	食十冖子
愆	行氵心
猊	犭臼儿
詛	言且
瘩	疒艹亼口
疥	疒介
迢	⻌召
隰	阝日幺幺灬
畚	厶大田
甏	士口䒑彡瓦
堠	土侯
醅	酉立口
椛	木艹亻匕
輅	車夂口
梃	木廷
霊	雨二业
曌	日月穴工
舎	人土口
涘	氵厶矢
哿	力口可
珙	王共
葚	艹甚
蒝	艹厂白小
萑	艹隹
櫝	木賣
蚺	虫冂土
螄	虫𠂤一巾
蚍	虫匕匕
嶇	山匚三（口）
幗	巾圍戈口一
筌	⺮人王
鵂	亻木鳥
鴒	令鳥
謳	言匚三（口）
痌	疒同
愾	忄气米
捯	扌至刂
摭	扌广廿灬
葜	艹丰刀大
榦	十日十人木
藁	艹高木
醢	酉𠂇口皿
喞	口白匕卩
屼	山兀
烀	火乎
繴	尸口辛糸
紇	糸乞
絯	糸亥
坼	土斥
柟	木冂土
巰	巠𠫓川
鬯	乂凵匕
鐠	金並日
鯃	魚五口
糅	米矛木
嫗	女匚三（口）
鬨	鬥共
嶅	敖山
騮	馬卯田
莠	艹禾乃
茳	艹氵工
暁	日十艹兀
偅	亻重
錡	金大可
鏹	金强
亀	亀
鶼	兼鳥
烜	火二日
湁	氵扌亼口
袼	衤夂口
甓	尸口辛瓦
乸	也母
紾	糸人彡
螂	虫丶艮阝
暹	⻌日隹
帔	巾皮
佾	亻八月
肜	月彡
胳	月夂口
瘠	疒𠁼人月
翥	者习习
聃	耳冂土
髟	長彡
栢	木一白
酡	酉宀匕
櫧	木言者
杷	木巴
篠	⺮攸木
箛	⺮子瓜
鋏	金夾
鐓	金亠口子攵
凪	𠘨止
颶	風具
糀	米艹亻匕
淰	氵今心
滃	氵公习习
済	氵齊
湴	氵並
鷥	糸糸鳥
琯	王宀㠯
卌	一刂刂
艨	舟艹冖一豕
誃	言夕夕
慄	忄西木
鵓	十冖子鳥
薷	艹雨而
萢	艹氵包
楛	木艹十口
櫬	木立木見
柁	木宀匕
黠	黑士口
迕	⻌午
観	𠂉一隹見
稲	禾爪丨日
俓	亻巠
鵯	卑鳥
偓	亻尸至
鄯	羊䒑口阝
悕	忄乂𠂇巾
悩	忄⺍乂凵
澪	氵雨令
滏	氵八乂王丷
寛	宀艹見
襝	衤僉
険	阝㑒
醵	酉虎豕
碣	石曷
晡	日甫
矬	矢坐
篼	⺮兜
徉	彳羊
舴	舟乍
鷄	爪幺大鳥
胩	月上卜
狒	犭弗
訳	言尺
麂	鹿几
忉	忄刀
蓜	艹酉己
囔	口一中冖口口甘𧘇
躒	足白幺幺木
唦	口氵小丿
噉	口敢
畎	田犬
乗	千艹木
毽	毛廴聿
脿	月表
忔	忄乞
熸	火旡旡日
湉	氵忄舌
緶	糸亻一日乂
孌	䜌女
纛	龶母目木丿糸
荘	艹爿士
豳	豕豕山
幄	巾尸至
徼	彳白方攵
猖	犭日日
鰩	魚爪缶
癍	疒王文王
悱	忄非
湞	氵卜貝
孱	尸三（子）
謦	士尸殳言
柙	木甲
雫	雨下
嚧	口虎田皿
瞠	目【尚】土
覬	山豆見
侏	亻朱
戧	倉戈
効	亠八乂力
焜	火日匕匕
屮	屮
坩	土甘
琤	王争
菝	艹扌犮
茯	艹亻犬
蒍	艹爲
蓿	艹宀亻一白
戡	甚戈
蜻	虫青
圄	圍五口
筘	⺮扌口
簦	⺮癶豆
僨	亻十艹貝
鍰	金爪一𠂇又
猾	犭骨
冲	冫中
戕	爿戈
痊	疒人王
渫	氵世木
洶	氵勹乂凵
迹	⻌亦
疋	疋
隍	阝白王
鬣	長彡巤
耩	耒甘冂土
駅	馬尺
抜	扌𠂇又
揺	扌爪干凵
蓶	艹口隹
茽	艹亻中
蕹	艹亠乡隹
蓙	艹广坐
薬	艹白𠁼木
槸	木坴丸
醍	酉是
轆	車鹿
麮	麥土厶
桷	木𠂊用
歴	厂木木止
尥	尢勹丶
噱	口虎豕
唿	口勿心
禸	禸
黝	黑幺力
缽	缶木一
傕	亻冖隹
従	彳䒑止
敓	八口儿攵
鋝	金爪寸
蠃	亡口月虫凡
庢	广至
瘞	疒夾土
痋	疒虫
燿	火习习隹
漃	氵宀上小又
縌	糸⻌屰
郷	郷
抔	扌不
椹	木甚
柢	木氐
呴	口勹口
蹉	足差
銭	金㦮
鰥	魚眔
愔	忄立日
溻	氵日习习
漯	氵田糸
窀	穴屯
堔	土㓁木
騸	馬戶习习
軹	車口八
貲	止匕貝
翾	睘习习
鐃	金堯
廋	广叟
鷓	广廿灬鳥
痾	疒阝可
糢	米莫
惔	忄火火
襘	衤會
陘	阝巠
紟	糸今
璵	王與
萋	艹妻
豨	豕乂𠂇巾
崦	山大电
坌	八刀土
鯧	魚日日
恛	忄圍口
洣	氵米
邂	⻌𠂊用刀牛
繢	糸中一貝
廾	廾
蓍	艹老日
榀	木三（口）
檁	木亠圍口禾
榍	木尸小月
磔	石舛木
嗏	口艹人木
峇	山亼口
岌	山及
笢	⺮民
皛	三（白）
舨	舟反
亶	亠圍口日一
癯	疒目目隹
焼	火十艹兀
滈	氵高
滝	氵竜
褟	衤日习习
嫿	女聿田一
菥	艹木斤
菖	艹日日
栳	木老
杌	木兀
椥	木矢口
桴	木爪子
螓	虫𡗗禾
跽	足己心
筅	⺮先
逭	⻌宀㠯
廻	廴圍口
弖	弓一
紿	糸厶口
嚭	士口䒑口不口
赧	赤卩又
鋆	土匀金
贄	土半丸貝
鬘	長彡曼
騶	馬芻
葺	艹口耳
莛	艹廷
酔	酉九十
検	木㑒
呺	口口丂
敤	果卜又
幛	巾立日十
剴	山豆刂
籜	⺮扌睪
働	亻重力
舥	舟巴
腙	月宀示
斎	齊示
汩	氵圍一
禤	示罒习习
劦	三（力）
妺	女一木
媔	女面
胬	女又肉
儿	儿
玷	王卜口
琲	王非
萠	艹月月
蔇	艹艮旡
栖	木西
柝	木斥
砵	石木一
嚅	口雨而
箝	⺮扌甘
凭	亻壬几
佝	亻勹口
徥	彳是
疔	疒丁
堍	土兔
埌	土丶艮
髑	骨蜀
穏	禾爪彐心
僤	亻單
仫	亻丿厶
傯	亻囱心
颮	風包
韵	立日匀
翫	习习白一兀
彅	弓䒑月刂刀
嬬	女雨而
馹	馬日
檎	木禽
踊	足龴用
魡	魚勹丶
懨	忄厂日月犬
澔	氵白牛口
渢	氵風
幇	圭寸巾
髭	長彡止匕
珎	王尔
虆	艹三（田）糸
槇	木眞
囲	圍井
暀	日彳主
儚	亻夢
傖	亻倉
偝	亻北月
糴	人米习习隹
鐔	金西日十
肭	月内
狍	犭包
匐	勹一口田
謌	言可可
懐	忄亠罒衣
漖	氵孝攵
獣	⺍田一口犬
鼡	⺍几キ
濆	氵十艹貝
戻	戶大
陲	阝垂
牁	爿可
繲	糸𠂊用刀牛
坻	土氐
掟	扌宀𤴓
嚏	口十冖田疋
佻	亻兆
敉	米攵
汸	氵方
陬	阝耳又
驂	馬三（厶）人彡
悊	扌斤心
薫	艹重灬
蕝	艹糸𠂊巴
厎	厂氐
覘	卜口見
呰	止匕口
嗞	口䒑幺幺
鸀	蜀鳥
甡	生生
盥	臼水皿
躱	身乃木
仳	亻匕匕
欷	乂𠂇巾欠
鍜	金叚
魼	魚土厶
斉	齊
慬	忄堇
営	⺍冖吕
栄	⺍冖木
汔	氵乞
乀	丶
荽	艹爪女
桎	木至
蜞	虫其
蛸	虫小月
盱	目于
溷	氵圍豕
袈	力口衣
覡	巫見
攖	扌貝貝女
蝲	虫束刂
蝂	虫片反
囷	圍禾
趼	足开
嘽	口單
簭	⺮巫八口
鐖	金幺幺戈人
脕	月免
夐	夐
弚	丷弔
澥	氵𠂊用刀牛
扃	戶冋
拏	女又手
耜	耒㠯
茛	艹艮
叶	口十
喰	口食
眚	生目
徭	彳爪缶
胴	月同
觚	𠂊用瓜
繯	糸睘
壢	土厂禾禾止
蒎	艹氵𠂆𠂢
靉	雨二厶爪冖心夂
樋	木⻌龴用
鵪	大电鳥
蝰	虫大圭
氅	尚攵毛
晩	日免
黥	黑亠口小
嵫	山䒑幺幺
贔	三（貝）
倶	亻具
鰣	魚日土寸
訐	言干
旂	方𠂉斤
斿	方𠂉子
邶	北阝
犖	火火冖牛
溦	氵𢼸
窞	穴𠂊臼
紒	糸介
堞	土世木
聒	耳舌
蹂	足矛木
笂	⺮丸
箹	⺮糸勹丶
僬	亻隹灬
猙	犭爭
鰈	魚世木
袱	衤亻犬
遴	⻌米舛
纊	糸广黄
紼	糸弗
壚	土虎田皿
愨	士冖一殳心
駙	馬亻寸
蘀	艹扌睪
蓐	艹辰寸
蔀	艹立口阝
軽	車又土
嘂	㗊（丩）
巋	山𠂤止彐冖巾
嵂	山彳聿
徴	彳山王攵
郤	八人口阝
鏝	金曼
瘕	疒叚
滒	氵可可
叕	叕
璫	王【尚】田
莃	艹乂𠂇巾
樻	木中一貝
嗾	口方𠂉矢
舄	舄
疸	疒日一
悝	忄里
殂	一夕且
迋	⻌王
墼	車凵殳土
楀	木禹
奭	大一白一白
臸	至至
蜩	虫用口
鴞	口丂鳥
黼	业巾𠁼甫
嵖	山查
睺	目侯
侀	亻开刂
鋱	金弋心
鉯	金厶人
塱	丶艮月土
頖	半頁
憍	忄喬
悾	忄穴工
忸	忄丑
滆	氵鬲
浭	氵一日乂
潵	氵散
洊	氵【在】子
浥	氵口巴
迡	⻌尸匕
妁	女勹丶
毐	士毋
捩	扌戶犬
奓	大夕夕
哫	口足
鯓	魚身
渼	氵羊大
紘	糸𠂇厶
豌	豆宀夕卩
駘	馬厶口
頼	束頁
蹚	足【尚】土
躊	足士㇕工一口寸
嚜	口黑土
毘	田匕匕
嶆	山一曲日
簬	⺮足夂口
犵	犭乞
鮱	魚老
讞	言虎鬲犬
剤	齊刂
竑	立𠂇厶
瀡	氵阝⻌左月
顁	宀𤴓頁
衯	衤八刀
襞	尸口辛衣
姉	女巿
彖	彑豕
姙	女亻壬
帑	女又巾
髹	長彡亻木
揶	扌耳阝
呬	口四
瞌	目土厶皿
鼯	鼠五口
猱	犭矛木
縻	麻糸
怦	忄平
忡	忄中
渋	氵止𠁼
洫	氵血
濘	氵宀心皿丁
榖	士冖一木殳
甍	𦭝冖瓦
蒗	艹氵丶艮
櫞	木糸彑豕
蝮	虫𠂉日夂
嗼	口莫
呪	口口儿
嶒	山曾
顗	山豆頁
歓	𠂉一隹欠
龠	龠
痍	疒大弓
懣	氵㒼心
渟	氵亠口冖丁
褦	衤能
娸	女其
嬢	女衣八甘
邗	干阝
堙	土西土
抨	扌平
蝌	虫禾斗
哘	口行
矓	目龍
臾	臼人
螣	月半虫
夌	夌
瑢	王穴人口
鞞	革卑
蕓	艹雨二厶
剞	大可刂
綔	大亏丿糸
囮	圍亻匕
眄	目丁乚㇆
嶈	山爿䏑寸
黐	禾人水离
懞	忄艹冖一豕
湡	氵禺
淆	氵乂𠂇月
沆	氵亠几
袙	衤白
姤	女后
鬈	長彡半卩
酗	酉乂凵
篝	⺮甘冂土
穠	禾曲辰
伉	亻亠几
徜	彳尚
貊	豸一白
悃	忄圍木
継	糸米乚
扞	扌干
蕻	艹長共
蒶	艹糸八刀
唖	口亜
賅	貝亥
睽	目癶天
箅	⺮田丌
傜	亻爪缶
鏚	金戊上小
臌	月士口䒑支
犴	犭干
匍	勹甫
瘌	疒束刂
曽	曽
濋	氵木木疋
潕	氵𬻝灬
戣	癶天戈
姮	女二日
塄	土𬙙
桄	木光
吁	口于
佴	亻耳
仉	亻几
湲	氵爪一𠂇又
祓	示犮
紲	糸世
垜	土乃木
齧	丰刀齒
栫	木【在】子
枘	木内
権	木𠂉一隹
檞	木𠂊用刀牛
刳	大亏刂
犒	牛高
剰	千艹木刂
秕	禾匕匕
佌	亻止匕
鯪	魚夌
癘	疒萬
粄	米反
炘	火斤
悢	忄丶艮
湅	氵柬
礽	示乃
皯	皮干
薠	艹火頁
芓	艹子
喁	口禺
稞	禾果
皞	白白大十
鯗	羊魚
悒	忄口巴
忑	下心
縶	土半丸糸
瓘	王艹口口隹
聡	耳公心
鞚	革穴工
榎	木𦣻夂
槻	木夫見
鄲	單阝
黟	黑夕夕
鎹	金⻌䒑大
濇	氵嗇
労	⺍冖力
汭	氵内
扆	戶衣
隩	阝向米大
繐	糸惠
娩	女免
搠	扌屰月
枵	木口丂
螈	虫厂白小
睥	目卑
臬	自木
傺	亻䏑又示
邠	八刀阝
鮞	魚而
鰷	魚攸木
鯇	魚宀一兀
沚	氵止
澠	氵黽
瑨	王晋
耬	耒婁
挻	扌廴丿止
靺	革一木
葃	艹日乍
屺	山己
迮	⻌乍
脡	月廷
朓	月兆
痩	疒申又
巣	⺍果
挲	氵小丿手
祆	示天
芞	艹气
茌	艹亻士
栝	木舌
螃	虫旁
昪	日厶廾
幘	巾龶貝
儇	亻睘
獷	犭广黄
嫄	女厂白小
殧	一夕亠口小尤
丼	井丶
墁	土曼
捜	扌申又
鞨	革曷
欐	木一冂丶一冂丶鹿
磡	石甚力
覧	臣𠂉丶見
歔	虚欠
艶	曲豆𠂊巴
髎	骨习习人彡
黌	臼乂乂冖黄
躰	身木一
鱧	魚曲豆
麈	鹿主
淏	氵日天
禊	示丰刀大
烝	㇕水一灬
纋	糸一白冖心夂
繰	糸三（口）木
趔	走一夕刂
玡	王牙
掊	扌立口
蟋	虫釆心
迚	⻌中
暐	日韋
毳	三（毛）
儰	亻艹爲
錬	金東
鱖	魚厂屰欠
訇	勹言
汚	氵亐
陴	阝卑
紑	糸不
犛	未攵厂牛
埴	土直
搐	扌亠幺田
藸	艹豕者
蒛	艹缶夬
蕅	艹氵禺
軔	車刀丶
靦	面見
蛯	虫老
喨	口亠口冖几
黻	业巾𠁼犮
鍚	金昜
凖	冫隹十
廨	广𠂊用刀牛
瘳	疒习习人彡
鶺	𠁼人月鳥
滻	氵立丿生
窓	穴厶心
屨	尸彳婁
騭	阝止𣥂馬
婠	女宀㠯
孥	女又子
埤	土卑
琊	王牙阝
晢	扌斤日
呣	口母
昜	昜
籀	⺮扌卯田
媵	月半女
癶	癶
覿	賣見
騒	馬又虫
揄	扌俞
拶	扌巛夕
萏	艹𠂊臼
覇	西革月
厓	厂圭
躇	足艹者
簀	⺮龶貝
偭	亻面
儡	亻三（田）
侘	亻宀丿七
勍	亠口小力
纀	糸亻菐
圬	土亏
垳	土行
搛	扌兼
楯	木盾
椈	木勹米
尨	尨
銚	金兆
痦	疒五口
懮	忄一白冖心夂
氶	㇕水
塩	土𠂉口皿
蒨	艹亻青
樨	木尸水牛
崕	山厂圭
巉	山毚
犠	牛羊我
笅	⺮乂乂
弇	亼口廾
貅	豸亻木
舭	舟匕匕
廆	广鬼
怍	忄乍
愮	忄爪缶
悛	忄厶八夂
滀	氵亠幺田
寘	宀真
夛	彐夕
彑	彑
亏	亏
垎	土夂口
蒴	艹屰月
柃	木令
鉒	金主
魨	魚屯
鯡	魚非
邡	方阝
沋	氵尤
氿	氵九
絪	糸圍大
紝	糸壬
纘	糸先先貝
墠	土單
塲	土𠂉昜
駆	馬匚乂
撟	扌喬
蔌	艹束欠
瞢	𦭝冖目
雱	雨方
砕	石九十
啁	口用口
岠	山巨
簨	⺮巽
俉	亻五口
翛	攸习习
傝	亻日习习
垕	后土
艟	舟立里
誋	言己心
冴	冫牙
怩	忄尸匕
滉	氵日光
沴	氵人彡
浄	氵争
澉	氵敢
衧	衤于
阼	阝乍
牂	爿羊
姞	女士口
垧	土向口
逹	⻌土半
栭	木而
砒	石匕匕
狃	犭丑
澌	氵其斤
綮	戶攵糸
趄	走且
絜	丰刀糸
掭	扌天㣺
戁	𦰩隹心
茺	艹𠫓儿
螻	虫婁
崋	山一艹キ
覦	俞見
庣	广兆
烺	火丶艮
熻	火亼口习习
潸	氵木木月
沕	氵勿
褑	衤爪一𠂇又
繖	糸散
孋	女一冂丶一冂丶鹿
妢	女八刀
檉	木聖
霪	雨氵爪壬
尪	尢王
崟	山金
呑	夭口
玀	犭罒糸隹
瘥	疒差
怫	忄弗
褙	衤北月
隣	阝米舛
郪	妻阝
耋	老至
珧	王兆
遘	⻌甘冂土
蕺	艹口耳戈
椀	木宀夕卩
剄	巠刂
慝	匚艹𠂇口心
嗛	口兼
牾	牛五口
侉	亻大亏
倓	亻火火
脰	月豆
賸	月半貝
鰰	魚示申
憡	忄⺮木冂
烔	火同
燠	火向米大
濊	氵止戊一𣥂
遅	⻌尸羊
闀	門共巳
婗	女臼儿
紕	糸匕匕
殪	一夕士冖豆
掤	扌月月
葸	艹田心
貰	世貝
蓊	艹公习习
柈	木半
楗	木廴聿
划	戈刂
匜	匚也
躔	足广里八土
伾	亻不一
瑆	王日生
皵	昔皮
茇	艹犮
蕆	艹戊貝
棬	木半卩
簕	⺮革力
傒	亻爪幺大
獼	犭弓爾
卆	九十
袤	衣矛
悗	忄免
洑	氵亻犬
瀷	氵习习異
祌	示中
褘	衤韋
韡	韋華
縴	糸亠幺冖牛
瑝	王白王
葎	艹彳聿
椚	木門
礴	石艹氵甫寸
賻	貝甫寸
鯠	魚來
鄜	鹿阝
忕	忄大
屣	尸彳止止
翬	习习冖車
圷	土下
酤	酉十口
柷	木口儿
躅	足蜀
昺	日丙
罍	三（田）缶
傋	亻甘冂土
俙	亻乂𠂇巾
脙	月求
肄	匕矢聿
麿	麻吕
癔	疒立日心
蛍	⺍冖虫
湳	氵十冂半
濈	氵口耳戈
祅	示夭
丮	乙キ
縁	糸彐豕
璿	王卜冖一八人目
睚	目厂圭
癿	白乚
鱒	魚丷酉寸
瘙	疒蚤
忪	忄公
阯	阝止
娠	女辰
覯	甘冂土見
蕢	艹中一貝
棼	木木八刀
欑	木先先貝
蜴	虫日勿
躕	足广士口䒑寸
甁	幷瓦
簰	⺮片卑
侳	亻坐
儴	亻衣口口甘
鄶	會阝
鏐	金习习人彡
鰾	魚西示
迯	⻌夕卜
亰	亠日小
裒	衣臼
庤	广土寸
癃	疒阝夂一生
浘	氵尸毛
扂	戶卜口
祫	示亼口
閺	門日文
臠	䜌肉
挿	扌千日
棌	木爪木
歭	止土寸
蝙	虫戶冊
戥	日生戈
忮	忄支
惈	忄果
襻	衤乂乂木木大手
褫	衤虒
禚	示羊灬
掲	扌日勹匕
攛	扌穴鼠
扱	扌及
鞎	革艮
唴	口羊儿
曚	日艹冖一豕
昳	日失
岼	山平
礐	臼乂乂冖石
伋	亻及
鮀	魚宀匕
誸	言弓亠幺
庁	广丁
慲	忄㒼
慥	忄⻌牛口
祧	示兆
褕	衤俞
堥	矛攵土
夃	乃又
妧	女一兀
媺	女𢼸
毿	三（厶）人彡毛
拫	扌艮
搦	扌弱
砢	石可
籐	⺮月半水
穜	禾立里
倻	亻耳阝
癈	疒癶弓殳
漭	氵莽
襤	衤臣𠂉丶皿
憙	士口䒑口心
趫	走喬
瑱	王真
耱	耒麻石
攮	扌一中冖口口甘𧘇
釃	酉一冂丶一冂丶鹿
嶌	山鳥
偛	亻千臼
犽	犭牙
羑	羊𠂊丶
怏	忄冂大
灄	氵三（耳）
洿	氵大亏
渉	氵止小丿
潃	氵彳夂月
瀙	氵立木見
戭	寅戈
袛	衤氐
綍	糸十冖子
嫜	女立日十
弆	土厶廾
捭	扌卑
栱	木共
蜮	虫戈口一
蜢	虫子皿
舁	臼廾
仏	亻厶
鞤	圭寸革
塝	土旁
搣	扌戊一火
撹	扌⺍冖見
茪	艹光
棻	艹八刀木
酴	酉余
槧	車斤木
栴	木𠂉丹
翃	𠂇厶习习
歯	齒
嗕	口辰寸
嚌	口齊
秭	禾丿乚亻
畠	白田
夎	坐夂
猻	犭子丿糸
譃	言虚
瘼	疒莫
涜	氵士冖儿
褓	衤亻口木
艸	屮屮
姏	女甘
垤	土至
哢	口王廾
簏	⺮鹿
釢	金乃
熲	匕火頁
癀	疒黄
鏖	鹿金
潲	氵禾小月
殠	一夕自犬
堣	土禺
玕	王干
驫	三（馬）
荄	艹亥
薀	艹氵圍人皿
酲	酉呈
囫	圍勿
蹓	足卯田
罽	罒厂火火刂
嶢	山堯
崁	山土欠
崡	山函
牤	牛亡
黧	禾丿刀黑
僸	亻木木示
劊	會刂
钀	金虎鬲犬
銗	金后
腄	月垂
脇	月三（力）
脧	月厶八夂
孳	䒑幺幺子
涬	氵土半
厳	⺍厂敢
涴	氵宀夕卩
襁	衤强
闅	門目卜又
菤	艹半卩
莙	艹尹口
腠	月𡗗天
腧	月俞
鮪	魚𠂇月
瘰	疒田糸
疧	疒氏
疰	疒主
摽	扌西示
蕘	艹堯
梺	木木下
檑	木雨田
輞	車𦉰亡
霂	雨氵木
黷	黑賣
眈	目冖儿
犤	牛罒能
儞	亻爾
敍	余卜又
衞	行𫝀口一巾
飮	食卜欠
鐡	金𢦏口䒑
脥	月夾
亹	亠臼同冖且
膂	方𠂉𠂢月
廃	广癶二儿
癉	疒單
愭	忄老日
褗	衤匚日女
衪	衤也
妯	女由
縼	糸方𠂉疋
蓂	艹冖日亠八
篥	⺮西木
簃	⺮禾夕夕
儱	亻龍
螽	冬虫虫
爝	火爵
垰	土上下
堨	土曷
趠	走卓
拝	扌一丰
鞮	革是
酎	酉寸
暠	日高
鼩	鼠勹口
劓	自田丌刂
燐	火米舛
涗	氵八口儿
漥	氵穴圭
袴	衤大亏
襆	衤菐
姺	女先
娭	女厶矢
趲	走先先貝
払	扌厶
楢	木丷酉
貺	貝口儿
艤	舟羊我
膻	月亠圍口日一
胼	月并
疻	疒口八
煇	火冖車
羼	尸三（羊）
埏	土廴丿止
珷	王武
珽	王廷
驩	馬艹口口隹
騩	馬鬼
苖	艹由
蒢	艹阝余
栻	木弋工
齢	齒令
喌	口口⺍川
嗿	口今貝
幪	巾艹冖一豕
嶉	山口隹
矧	矢弓丨
犦	牛日共水
簷	⺮𠂊厂八言
鼴	鼠匚日女
魊	鬼戈口一
齁	自田丌勹口
偊	亻禹
倞	亻亠口小
悆	余心
鍭	金侯
艂	舟夂丰
脟	月爪寸
虓	九虎
鰹	魚臣又土
褊	衤戶冊
妀	己女
繧	糸雨二厶
縄	糸㫣
綎	糸廷
塏	土山豆
垍	土自
琀	王今口
蒹	艹兼
磻	石釆田
匸	匚
躓	足斤斤貝
笘	⺮卜口
貔	豸囟匕匕
獮	犭爾
鮓	魚乍
痼	疒圍十口
汧	氵开
涷	氵東
窅	穴目
垗	土兆
瑅	王是
藒	艹禾曷
蓧	艹攸木
薸	艹氵西示
槙	木真
椄	木立女
礅	石亠口子攵
跂	足支
蹣	足㒼
畤	田土寸
晫	日卓
黹	业巾𠁼
賎	貝㦮
惣	牛勿心
皝	白王光
傞	亻差
衎	行干
諵	言十冂半
竝	立立
洢	氵亻尹
郿	尸目阝
姽	女𠂊厂卩
堷	土立日
珵	王呈
捃	扌尹口
芼	艹毛
槤	木⻌車
柸	木不一
梏	木牛口
忐	上心
嘓	口圍戈口一
晧	日牛口
麇	鹿禾
潗	氵隹木
陜	阝夾
弐	武（二）
赬	赤卜貝
埆	土𠂊用
玞	王夫
駄	馬大丶
薢	艹𠂊用刀牛
厜	厂垂
厖	厂尨
劂	厂屰欠刂
匼	匚亼口
蚡	虫八刀
崶	山圭寸
勲	重力灬
蜑	廴丿止虫
傴	亻匚三（口）
儵	攸黑
劒	僉刀丶
郛	爪子阝
颻	爪缶風
鵺	夜鳥
奨	爿爪寸大
湀	氵癶天
灉	氵巛口巴隹
矞	矛冏
娯	女呉
邽	圭阝
択	扌尺
苠	艹民
蝣	虫方𠂉子
嚗	口日共水
偁	亻爪冂土
狨	犭戈𠂇
訏	言于
諴	言戊一口
瀣	氵卜夕又韭
綝	糸木木
堎	土夌
壱	士冖匕
聹	耳宀心皿丁
捔	扌𠂊用
菍	艹今心
杮	木巿
勅	束力
輊	車至
栃	木𠂆万
磙	石衣公
齮	齒大可
罣	罒圭
瞴	目𬻝灬
飳	食主
譫	言𠂊厂八言
遹	⻌矛冏
翯	习习高
繍	糸粛
堧	土而大
捊	扌爪子
掮	扌戶月
恧	而心
蜾	虫果
咥	口至
辿	⻌山
詀	言卜口
蘾	艹土褱
蘞	艹僉攵
樫	木臣又土
睃	目厶八夂
頲	廷頁
怓	忄女又
禔	示是
禘	示帝
弸	弓月月
繘	糸矛冏
莰	艹土欠
棈	木青
棤	木昔
楩	木亻一日乂
枹	木包
郫	卑阝
偟	亻白王
脽	月隹
獊	犭倉
膷	月鄉
粺	米卑
掎	扌大可
靷	革弓丨
菉	艹彐水
橀	木𠫓川皿
碥	石戶冊
躑	足丷酉大阝
跕	足卜口
褁	果𧘇
顕	日业頁
鷡	𬻝灬鳥
甃	禾火瓦
篨	⺮阝余
倷	亻大示
偍	亻是
鶲	公习习鳥
瓞	瓜失
獴	犭艹冖一豕
鮇	魚未
炰	包灬
糬	米罒者
焮	火斤欠
泙	氵平
挙	兴手
洚	氵夂㐄
祔	示亻寸
闓	門山豆
玗	王于
挵	扌王廾
棓	木立口
篚	⺮匚非
銕	金大弓
瘵	疒䏑又示
惛	忄氏日
棨	戶攵木
駸	馬彐冖又
揵	扌廴聿
萭	艹禹
藠	艹三（白）
蔿	艹爲
藦	艹麻手
榯	木日土寸
斝	口口冖斗
暍	日曷
賥	貝卒
舲	舟令
狚	犭日一
鰕	魚叚
怱	匆心
讃	言夫夫貝
癧	疒厂禾禾止
瘐	疒臼人
渃	氵艹𠂇口
浡	氵十冖子
涢	氵口贝
渕	氵䒑大刂
衶	衤中
擐	扌睘
挼	扌爪女
莕	艹木口
葥	艹䒑月刂
栯	木𠂇月
桕	木臼
蚷	虫巨
咡	口耳
篌	⺮侯
俥	亻車
脭	月呈
狁	犭厶儿
鯔	魚巛田
訞	言夭
埫	土尚
摛	扌离
苨	艹尸匕
厰	厂尚攵
尰	尢重
躞	足言火火又
囃	口𠅃木隹
婓	非女
偢	亻禾火
鉶	金开刂
钁	金目目隹又
舺	舟甲
狌	犭生
頩	并頁
憱	忄亠口小尤
隉	阝臼工
翋	习习立
姁	女勹口
嫋	女弱
喤	口白王
眳	目夕口
釭	金工
鋂	金每
洀	氵舟
湇	氵立月
祏	示石
墘	土十日十乞
逜	⻌五口
捽	扌卒
揎	扌宀二日
轌	車雨彐
轢	車白幺幺木
吷	口夬
倂	亻幷
飜	釆田飛
釈	釆尺
臑	月雨而
猹	犭查
竷	立日十夂㐄夂
瘽	疒堇
淯	氵𠫓月
宍	宀亠八
裃	衤上下
袘	衤𠂉也
嬶	女自田丌
嬾	女束𠂊貝
絘	糸次
蓇	艹骨
茖	艹夂口
朢	臣月王
啕	口勹缶
賍	貝广土
稃	禾爪子
籣	⺮門柬
脤	月辰
鮚	魚士口
鮐	魚厶口
鳽	开鳥
堽	土罒正
縠	士冖一糸殳
苳	艹冬
樿	木單
匰	匚單
蜊	虫禾刂
帴	巾戈戈
嵎	山禺
伀	亻公
盦	今酉皿
凮	【鳳】白
颸	風田心
厹	九厶
惝	忄尚
溽	氵辰寸
涊	氵刀丶心
婥	女卓
珦	王向口
輜	車巛田
碹	石宀二日
鯝	魚圍十口
綀	糸束
縡	糸宀辛
栞	干干木
殢	一夕帶
拠	扌夂几
搌	扌展
遰	⻌帶
爇	艹坴丸灬
韁	革三田田
轔	車米舛
橪	木䏑犬灬
煕	臣巳灬
蝳	虫龶母
蜉	虫爪子
嗩	口小貝
噍	口隹灬
啍	口亠口子
髃	骨禺
盉	禾皿
猁	犭禾刂
匂	勹匕
痃	疒亠幺
懆	忄三（口）木
惓	忄半卩
渱	氵虫工
浛	氵今口
祊	示方
祤	示习习
閟	門必
娖	女口止
繦	糸强
坫	土卜口
珛	王𠂇月
珹	王戊㇆
揲	扌世木
攠	扌麻非
扠	扌又丶
茩	艹后
茀	艹弗
巘	山虎鬲犬
鋩	金艹亡
錧	金宀㠯
遯	⻌月豕
脬	月爪子
鮂	魚圍人
廒	广敖
怭	忄必
皕	一白一白
垝	土𠂊厂卩
垵	土宀女
搢	扌晋
攄	扌虎田心
拡	扌广厶
鞐	革上下
蟿	車凵殳虫
暦	厂木木日
晄	日光
眛	目未
罥	罒口月
罠	罒民
嶵	山罒非
啎	午五口
筰	⺮亻乍
簩	⺮火火冖力
僛	亻其欠
俍	亻丶艮
龢	龠禾
彴	彳勹丶
舢	舟山
臓	月艹戊臣
毞	匕匕毛
豋	䏑又豆
庨	广孝
緳	广丰刀糸
羕	羊永
愯	忄隹又
欻	火火欠
懠	忄齊
悰	忄宀示
溂	氵束刂
滵	氵宀必山
禋	示西土
祾	示夌
冘	冖儿
冞	冖米
臦	臣臣
墬	阝彑豕土
縸	糸莫
鬏	長彡禾火
椇	木具
蠑	虫火火冖木
賕	貝求
臢	月先先貝
悈	忄戈廾
忭	忄亠卜
瓅	王白幺幺木
藾	艹束𠂊貝
苶	艹人小
杻	木丑
噭	口白方攵
唼	口立女
峠	山上下
笵	⺮氵卩
偰	亻丰刀大
谻	八人口乙キ
餠	食幷
巟	亡川
凘	冫其斤
麤	三（鹿）
纇	米糸頁
悧	忄禾刂
溘	氵土厶皿
寑	宀亻彐冖又
彠	彐工口寸艹隹又
陥	阝𠂊丨日
弶	弓亠口小
荍	艹丩攵
桫	木氵小丿
昻	日工卩
鎛	金甫寸
鈏	金弓丨
鵟	犭王鳥
廑	广堇
垞	土宀丿七
騑	馬非
騲	馬艹日十
莁	艹巫
醑	酉疋月
彯	西示彡
霙	雨艹冂大
雰	雨八刀
跢	足夕夕
甽	田川
黢	黑厶八夂
斁	睪攵
盻	目八丂
睒	目火火
秪	禾氐
僈	亻曼
虒	虒
膮	月堯
胲	月亥
觔	𠂊用力
忞	文心
謧	言离
冱	冫一彑
怞	忄由
悇	忄余
漻	氵习习人彡
縕	糸圍人皿
妘	女二厶
婻	女十冂半
紵	糸宀丁
矻	石乞
呫	口卜口
蹁	足戶冊
曀	日士冖豆
籦	⺮金重
傌	亻馬
鉏	金且
脞	月坐
鯷	魚是
鰉	魚白王
庳	广卑
恉	忄匕日
冖	冖
檗	尸口辛木
瞀	矛攵目
絿	糸求
隷	士示隶
鵐	巫鳥
垙	土光
墦	土釆田
瑧	王𡗗禾
鞡	革扌立
莅	艹亻立
軺	車召
郕	戊㇆阝
齕	齒乞
蟳	虫彐工口寸
嶮	山僉
徧	彳戶冊
瘊	疒侯
慓	忄西示
溍	氵晋
沄	氵二厶
灡	氵艹門柬
渇	氵日勹匕
濧	氵业羊寸
泆	氵失
溞	氵蚤
屛	尸幷
姌	女冂土
縗	糸衣口一
綅	糸彐冖又
楳	木甘木
朿	木冂
旼	日文
瞍	目叟
鍉	金是
銛	金舌
鮠	魚𠂊厂卩
詷	言同
潟	氵舄
泇	氵力口
孅	女韱
瑊	王戊一口
駰	馬圍大
抃	扌亠卜
葖	艹穴犬
楅	木一口田
酺	酉甫
棶	木來
輠	車果
椑	木卑
枠	木九十
楤	木匆心
黶	厂日月犬黑
虷	虫干
吪	口亻匕
屴	山力
簠	⺮甫皿
皜	白高
儗	亻疑
臒	月艹隹又
猢	犭十口月
膬	月三（毛）
瘯	疒方𠂉矢
恅	忄老
粋	米九十
裀	衤圍大
襜	衤𠂊厂八言
閦	門三（人）
剟	叕刂
恝	丰刀心
蒻	艹弱
唪	口𡗗キ
踺	足廴聿
欥	日欠
嵁	山甚
眙	目厶口
氕	气丿
譾	言䒑月刂习习
迉	⻌尸
絧	糸同
賛	夫夫貝
頬	夹頁
耵	耳丁
瑒	王昜
藨	艹鹿灬
圀	圍八方
踣	足立口
嘚	口彳㝵
黰	黑真
崱	山貝刂
鼽	自田丌九
粍	米毛
瑬	氵𠫓川王丶
瀍	氵广里八土
戽	戶斗
閖	門水
弝	弓巴
揃	扌䒑月刂
櫌	木一白冖心夂
鱺	魚一冂丶一冂丶鹿
觖	𠂊用夬
豇	豆工
趧	走是
慹	土半丸心
珸	王五口
毦	耳毛
擗	扌尸口辛
蔕	艹帶
蔱	艹乂木殳
棫	木戈口一
轤	車虎田皿
柎	木亻寸
硏	石干干
礌	石雨田
磉	石三（又）木
敺	匚三（口）卜又
蹀	足世木
躪	足艹門隹
晥	日宀一兀
罶	罒卯田
犝	牛立里
秖	禾氏
倴	亻奔
牮	亻弋牛
僗	亻火火冖力
頠	𠂊厂卩頁
焔	火𠂊丨日
熀	火日光
袽	衤女口
鄩	彐工口寸阝
弳	弓巠
嫪	女习习人彡
枒	木牙
燹	豕豕火
瘑	疒咼
焌	火厶八夂
泂	氵冋
潚	氵肅
奡	𦣻大氘
殈	一夕血
琭	王彐水
攉	扌雨隹
萉	艹月巴
楱	木𡗗天
檟	木西貝
輶	車丷酉
啢	口兩
慁	圍豕心
圐	圍𬙙
踽	足禹
跘	足半
喦	三（口）山
暅	日忄二日
幓	巾三（厶）人彡
瞹	目爪冖心夂
皊	白令
鐚	金亞心
鑴	金山隹冏
舡	舟工
鱲	魚巤
鄘	庸阝
洘	氵考
洈	氵𠂊厂卩
襌	衤單
躄	尸口辛足
媦	女田月
婸	女昜
坏	土不
坶	土母
撙	扌丷酉寸
艼	艹丁
蒠	艹自心
蒺	艹疒矢
栁	木夕卩
碏	石昔
虸	虫子
躦	足先先貝
棐	非木
幬	巾士㇕工一口寸
够	勹口夕夕
恓	忄西
汒	氵亡
袗	衤人彡
圣	又土
殙	一夕氏日
敔	五口攵
摰	坴丸手
趯	走习习隹
擭	扌艹隹又
撚	扌䏑犬灬
鄀	艹𠂇口阝
蘘	艹衣口口甘
蒟	艹立勹口
蒄	艹冖一兀寸
覅	西女勿
猋	三（犬）
敊	上小卜又
敹	卜冖釆攵
跐	足止匕
羉	罒䜌
崥	山卑
歃	千臼欠
鍈	金艹冂大
凧	𠘨巾
颭	風卜口
膰	月釆田
鰺	魚三（厶）人彡
烠	火𠂇月
燋	火隹灬
鵷	宀夕卩鳥
娷	女垂
繺	幺𠂊彐攵灬
繶	糸立日心
墚	土氵刀八木
琁	王𠂉疋
晛	日見
帡	巾并
筲	⺮小月
餤	食火火
訬	言小丿
瘖	疒立日
陊	阝夕夕
頇	干頁
鬺	鬲𠂉昜
璈	王敖
璆	王习习人彡
莿	艹木冂刂
蒤	艹氵余
醐	酉十口月
蜍	虫余
啀	口厂圭
餥	非食
暎	日艹冂大
畯	田厶八夂
幏	巾宀豕
皦	白白方攵
僇	亻习习人彡
瓟	瓜包
褩	舟殳衣
鯸	魚侯
爣	火【尚】黑
潩	氵異
襴	衤門柬
褌	衤冖車
塈	艮旡土
纆	糸黑土
縦	糸彳䒑止
垪	土并
蓱	艹氵并
遝	⻌眔
眴	目勹日
筭	⺮王廾
稂	禾丶艮
鮦	魚同
謚	言益
殍	一夕爪子
墈	土甚力
堌	土圍十口
垀	土乎
玊	王丶
顢	㒼頁
韂	革𠂊厂八言
芿	艹亻乃
喒	口夂卜日
噰	口亠乡隹
噂	口丷酉寸
曵	曳丶
晙	日厶八夂
巂	山隹冏
箢	⺮宀夕卩
鼢	鼠八刀
俛	亻免
餖	食豆
鋀	金豆
鋐	金宀𠂇厶
憓	忄惠
憺	忄𠂊厂八言
綷	糸卒
紞	糸冖儿
擿	扌⻌啇
韮	艹韭
蕣	艹爪冖舛
朸	木力
蹯	足釆田
仭	亻刀丶
鏾	金散
臗	月宀艹見丶
痏	疒𠂇月
誾	門言
蝥	矛攵虫
貮	武（貝）
摋	扌乂木殳
葍	艹一口田
遖	⻌十冂半
靬	革干
蕡	艹十艹貝
蒡	艹旁
蕷	艹予頁
輇	車人王
剗	戈戈刂
掔	臣又手
蚿	虫亠幺
咮	口朱
鶡	曷鳥
秏	禾毛
毪	毛厶牛
傉	亻辰寸
儽	亻三（田）糸
皐	白𠁼十
僋	亻今貝
鉐	金石
鉱	金广厶
猄	犭亠口小
鱓	魚單
鰯	魚弱
鷟	方𠂉矢鳥
癙	疒鼠
怳	忄口儿
燂	火西日十
洓	氵木冂
淛	氵牛巾刂
渓	氵爪夫
褖	衤彑豕
冦	冖一兀卜又
巹	㇕水一己
阨	阝厂卩
纚	糸一冂丶一冂丶鹿
碃	石青
磲	石氵巨木
蹖	足𡗗臼
唶	口昔
呾	口日一
踟	足矢口
岍	山开
劁	隹灬刂
銤	金米
猰	犭丰刀大
訌	言工
濩	氵艹隹又
塨	土共㣺
靸	革及
菳	艹金
薿	艹疑
槄	木爪臼
鄠	雨亏阝
蟥	虫黄
晻	日大电
睆	目宀一兀
穊	禾艮旡
鞗	攸革
侅	亻亥
貑	豸叚
艅	舟余
憝	亠口子攵心
譹	言亠口冖豕
羮	羊灬𡗗
鄫	曾阝
懽	忄艹口口隹
糨	米强
燏	火矛冏
袨	衤亠幺
毣	习习毛
嫽	女一火日小
抮	扌人彡
嚆	口艹高
眊	目毛
眕	目人彡
眵	目夕夕
瞷	目門日
箖	⺮木木
釿	金斤
鱝	魚十艹貝
皸	冖車皮
嫻	女門木
瓨	工瓦
騍	馬果
揠	扌匚日女
鶾	十日十𠂉鳥
菧	艹广氐
轕	車艹曷
樛	木习习人彡
犮	犮
甗	虎鬲瓦
蟜	虫喬
蟓	虫象
嗢	口日皿
昣	日人彡
嫳	巾𠁼攵女
嶪	山业半木
箶	⺮十口月
箙	⺮月卩又
仱	亻今
狳	犭余
猟	犭⺍几キ
狖	犭穴
嚲	亠口子單
諝	言疋月
廙	广異
潽	氵並日
寖	宀氵彐冖又
縩	糸䏑又示
墺	土向米大
扐	扌力
栘	木夕夕
圁	圍言
曨	日龍
鼷	鼠爪幺大
眢	夕卩目
諆	言其
絰	糸至
剅	豆刂
藟	艹三（田）
薡	艹鼎
輐	車宀一兀
迍	⻌屯
岞	山乍
熈	丿臣巳灬
牓	片旁
郈	后阝
錼	金大示
脁	月兆
敻	敻
欬	亥欠
潅	氵𠂉一隹
洨	氵亠八乂
寃	宀兔
頞	宀女頁
窊	穴瓜
臩	臣臣大氘
焄	尹口灬
茻	四（屮）
摂	扌耳𠁼
枻	木世
晅	日二日
侁	亻先
銍	金至
猞	犭亼十口
讌	言燕
汋	氵勹丶
艴	弗𠂊巴
妬	女石
嚢	一中冖八甘𧘇
遶	⻌堯
斲	𠁁斤
髫	長彡召
蓰	艹彳止止
桲	木十冖子
椆	木用口
羍	大羊
厗	厂辛
勔	面力
蝻	虫十冂半
喍	口止匕木
嶲	山隹冂凵
敳	山豆攵
嶰	山𠂊用刀牛
瞵	目米舛
矊	目糸白巾
牥	牛方
嶨	臼乂乂冖山
擧	與手
僽	亻禾火心
侂	亻广丿七
魵	魚八刀
邅	⻌亠圍口日一
醤	爿爪寸酉
慠	忄敖
煓	火山而
熥	火⻌龴用
沷	氵犮
沘	氵匕匕
瀯	氵火火冖吕
疎	疋束
妠	女内
妭	女犮
緵	糸乂凵八夂
霅	雨言
昫	日勹口
嶔	山金欠
僩	亻門月
鍠	金白王
猦	犭風
縢	月半糸
膣	月穴至
諲	言西土
淜	氵月月
墝	土堯
覩	者見
璪	王三（口）木
莵	艹兎
蔤	艹宀必山
榼	木土厶皿
醾	酉麻米
椌	木穴工
牻	牛尨
酇	先先貝阝
穭	禾魚日
侹	亻廷
倧	亻宀示
粔	米巨
炟	火日一
焠	火卒
沇	氵厶儿
窋	穴出
孲	子亞
暋	民攵日
姱	女大亏
綼	糸卑
荸	艹十冖子
萯	艹𠂊貝
桯	木呈
筬	⺮戊㇆
泝	氵斥
塅	土厂三殳
埶	坴丸
盩	土半攵皿
玶	王平
駔	馬且
驌	馬肅
掫	扌耳又
硜	石巠
螵	虫西示
蠋	虫蜀
圌	圍山而
塁	田𠁼土
罫	罒圭卜
罝	罒且
骹	骨亠八乂
簳	⺮十日十人干
筦	⺮宀一兀
倢	亻一彐止
偨	亻止匕木
儹	亻先先貝
俤	亻弟
腷	月一口田
狛	犭白
肸	月八十
顚	眞頁
廌	廌
瘝	疒眔
澣	氵十日十人干
漎	氵從
賨	宀示貝
岊	巴山
媥	女戶冊
趑	走次
鞬	革廴聿
蝀	虫東
嚥	口燕
嚫	口立木見
贐	貝𦘒灬皿
傃	亻龶糸
偞	亻世木
歛	僉欠
鈃	金开
鏷	金菐
鈩	金戶
谿	爪幺大八人口
讘	言三（耳）
頏	亠几頁
塭	土日皿
埇	土龴用
耟	耒巨
掞	扌火火
鞁	革皮
茝	艹臣
苅	艹乂刂
輣	車月月
衊	血𦭝戍
筊	⺮亠八乂
偩	亻𠂊貝
侭	亻尽
獏	犭莫
狴	犭匕匕土
鄮	卯貝阝
鱠	魚會
廯	广魚羊
溚	氵艹亼口
鵼	穴工鳥
祂	示也
粛	粛
屓	尸貝
翭	习习侯
娀	女戈𠂇
綖	糸廴丿止
玭	王匕匕
晊	日至
盳	目亡
簻	⺮⻌咼
簜	⺮氵昜
儜	亻宀心皿丁
鏻	金米舛
漶	氵中中心
垾	土日干
墽	土白方攵
塡	土眞
駺	馬丶艮
摐	扌從
撖	扌敢
劐	艹隹又刂
櫙	木艹匚三（口）
輖	車用口
孁	霝女
齵	齒禺
蝤	虫丷酉
蚆	虫巴
蹍	足展
躐	足巤
跼	足尸㇆口
囅	單展
唅	口今口
畳	田冖且
秬	禾巨
秡	禾犮
錞	金亠口子
钃	金尸水蜀
獪	犭會
腃	月半卩
龒	龍示
糈	米疋月
惉	氵卜口心
澴	氵睘
禖	示甘木
賮	𦘒灬貝
繊	糸𢦏业
莇	艹且力
礓	石三田田
迵	⻌同
輋	山大車
筢	⺮扌巴
犄	牛大可
嬃	彡頁女
惏	忄木木
潾	氵米舛
阢	阝兀
耥	耒尚
駉	馬冋
萳	艹十冂半
鄚	莫阝
蒈	艹匕匕白
蕫	艹立里
榲	木圍人皿
嚠	口卯金刂
暕	日柬
巓	山眞頁
睎	目乂𠂇巾
眹	目䒑大
勧	𠂉一隹力
箟	⺮日匕匕
鋙	金五口
鶵	芻鳥
遆	⻌帝
潬	氵單
鍌	氵先金
窉	穴丙
姡	女舌
菺	艹戶月
轘	車睘
栟	木并
咇	口必
蹜	足宀亻一白
爞	火三（虫）
陑	阝而
媱	女爪缶
繝	糸門月
殗	一夕大电
郚	五口阝
朅	土厶曷
鬪	鬥豆寸
駏	馬巨
騋	馬來
騂	馬辛
珝	王习习
斠	甘冂土斗
酄	艹口口隹阝
蘂	艹三（心）木
蔃	艹强
椪	木並
厤	厂禾禾
蟌	虫囱心
螗	虫唐
幰	巾宀丰罒心
犓	牛芻
讐	隹隹言
倅	亻卒
徯	彳爪幺大
頴	匕示頁
瘜	疒自心
憕	忄癶豆
濔	氵爾
潎	氵巾氵攵
濶	氵門舌
祣	示𠂉𠂢
褵	衤离
鸊	尸口辛鳥
覗	司見
彉	弓黄
芔	三（屮）
紩	糸失
妎	女介
偡	亻甚
錍	金卑
鱕	魚釆田
耖	耒小丿
騛	馬飛
輂	共車
輈	車舟
棪	木火火
雿	雨兆
蝓	虫俞
呍	口二厶
踡	足半卩
甞	【尚】甘
晬	日卒
罛	罒瓜
岋	山及
犋	牛具
鼱	鼠青
儃	亻亠圍口日一
偐	亻立丿彡
餀	食艹乂
鷉	虒鳥
鑞	金巤
麑	鹿臼儿
怮	忄幺力
窾	穴士示欠
襐	衤象
裞	衤丷口儿
裲	衤兩
袧	衤勹口
糺	糸乚
薖	艹⻌咼
蔊	艹火日干
襾	一冂凵
枓	木斗
砏	石八刀
蜎	虫口月
曊	日弗貝
倛	亻其
腜	月甘木
脎	月乂木
雘	丹艹隹又
惵	忄世木
愐	忄面
泃	氵勹口
阽	阝卜口
緺	糸咼
絣	糸并
坲	土弗
瓛	王虎鬲犬
驓	馬曾
騄	馬彐水
搋	扌虒
靰	革兀
剳	艹亼口刂
蔉	艹衣八口
醁	酉彐水
梣	木山今
榶	木唐
螘	虫山豆
蠵	虫山隹冏
吰	口𠂇厶
蹡	足爿䏑寸
噛	口齒
勗	日且力
鷃	日宀女鳥
幠	巾𬻝灬
黲	黑三（厶）人彡
罜	罒主
巌	山⺍厂敢
崒	山卒
峛	山一夕刂
牦	牛毛
稊	禾弟
伷	亻由
僔	亻丷酉寸
錺	金艹方
飂	風习习人彡
獥	犭白方攵
狔	犭尸匕
腍	月今心
朏	月出
謣	言雨亏
謢	言隹又
謵	言习习白
庌	广牙
麀	鹿匕
灊	氵旡旡鬲
滭	氵畢
湩	氵重
溓	氵兼
潏	氵矛冏
祴	示戈廾
闉	門西土
頵	尹口頁
阬	阝亠几
丱	丩丩
緌	糸禾女
綯	糸勹缶
蓷	艹扌隹
杕	木大
佖	亻必
迻	⻌夕夕
訧	言尤
桊	半木
怐	忄勹口
沺	氵田
墣	土菐
瑳	王差
騵	馬厂白小
揜	扌亼口廾
薗	艹圍土口𧘇
蒩	艹禾且
棽	木木今
槪	木白匕旡
盬	臣丿舌皿
蝜	虫𠂊貝
圂	圍豕
牚	【尚】牙
矰	矢曾
牬	牛丿乚亻
牿	牛牛口
篸	⺮三（厶）人彡
犨	隹隹牛
餻	食羊灬
鑚	金夫夫貝
鈚	金匕匕
鑱	金毚
犰	犭九
猭	犭彑豕
鵩	月卩又鳥
廞	广金欠
羖	羊殳
熇	火高
瀿	氵每攵糸
覜	兆見
澦	氵予頁
湑	氵疋月
祲	示彐冖又
褞	衤日皿
繑	糸喬
婌	女上小又
坰	土冋
琄	王口月
珖	王光
踇	足每
咍	口厶口
笭	⺮令
鉧	金母
觫	𠂊用束
鮥	魚夂口
緖	糸者丶
塙	土高
毊	士尸殳喬
蔎	艹言殳
莐	艹氵冖儿
荵	艹刀丶心
醽	酉霝
蚖	虫一兀
鸆	虎吴鳥
嘒	口丰丰彐
碞	三（口）石
昄	日反
黮	黑甚
睾	丿睪
郳	臼儿阝
倕	亻垂
狟	犭二日
猵	犭戶冊
頄	九頁
鱚	魚士口䒑口
讙	言艹口口隹
瘈	疒丰刀大
庛	广止匕
鷁	益鳥
惙	忄叕
愶	忄三（力）月
漑	氵白匕旡
澼	氵尸口辛
盝	彐水皿
緤	糸世木
邘	于阝
朹	木九
蚚	虫斤
饐	食士冖豆
涒	氵尹口
慭	来犬心
琈	王爪子
珓	王亠八乂
驎	馬米舛
挍	扌亠八乂
鞄	革包
蔝	艹目米
柂	木𠂉也
豲	豕厂白小
豗	兀豕
皻	虎且皮
嚬	口止𣥂頁
暩	日䏑又示
崌	山尸十口
巇	山虎豆戈
箑	⺮一彐止
筯	⺮且力
傎	亻真
攽	八刀攵
鯑	魚乂𠂇巾
鳦	鳥乙
瘲	疒從
羱	羊厂白小
渮	氵艹可
漼	氵山隹
浟	氵攸
袚	衤犮
姈	女令
枲	厶口木
坬	土瓜
珌	王必
顠	西示頁
梛	木刀二阝
筥	⺮吕
俴	亻戈戈
僿	亻【寒】土
鯫	魚耳又
迖	⻌犬
氂	未攵厂毛
挀	扌𠂆𠂢
捖	扌宀一兀
蒚	艹鬲
藂	艹耳又乑
轀	車圍人皿
梲	木八口儿
枌	木八刀
霢	雨月𠂆𠂢
攲	大可支
耎	而大
黺	业巾𠁼八刀
牷	牛人王
臿	千臼
秺	禾宀丿七
筳	⺮廷
毹	俞毛
鞶	舟殳革
猧	犭咼
毚	毚
旍	方𠂉令
泭	氵亻寸
惌	宀夕卩心
禡	示馬
韔	韋長
檃	阝爪工彐木
姧	女女干
媓	女白王
緂	糸火火
杅	木于
醱	酉癶弓殳
礞	石艹冖一豕
厞	厂非
螝	虫鬼
蜣	虫羊儿
筈	⺮舌
鮨	魚匕日
諌	言東
愲	忄骨
怊	忄召
紃	糸川
鬐	長彡老日
髧	長彡冖儿
菶	艹𡗗キ
惎	其心
酨	𢦏酉
杬	木一兀
醨	酉离
楪	木世木
尞	一火日小
蠀	虫次貝
昡	日亠幺
帨	巾丷口儿
髄	骨⻌𠂇月
箊	⺮於
臈	月艹曷
夆	夂丰
鄗	高阝
瓬	方瓦
犘	麻牛
癐	疒會
憟	忄西米
忳	忄屯
熜	火囱心
湋	氵韋
窫	穴丰刀大
禷	示米犬頁
襶	衤𢦏異
襡	衤蜀
閊	門山
婍	女大可
挐	女口手
媖	女艹冂大
綛	糸刀丶心
鄕	乡白匕阝
殭	一夕三田田
拑	扌甘
揝	扌夂卜日
掻	扌又虫
萺	艹冒
蘹	艹忄褱
檽	木雨而
矼	石工
砫	石主
簙	⺮十甫寸
諀	言卑
剫	广廿又刂
垺	土爪子
蠧	士冖石虫虫
玼	王止匕
糵	艹𠂤辛米
醸	酉衣八甘
歅	西土欠
柅	木尸匕
觱	戊一口𠂊用
疁	田习习人彡
虩	小日小虎
幙	巾莫
嵃	山立丿彡
嶓	山釆田
巃	山龍
犂	禾丿刀牛
魋	鬼隹
鐶	金睘
鋋	金廴丿止
艒	舟冒
臞	月目目隹
獟	犭堯
鸑	犭言犬鳥
鰮	魚圍人皿
鮗	魚冬
鮡	魚兆
懪	忄日共水
烱	火冏
慆	忄爪臼
浤	氵宀𠂇厶
寪	宀爲
繀	糸山隹
嫭	女虎乎
梠	木吕
橚	木肅
犪	牛夔
閷	乂木門人
鐕	金旡旡日
鐋	金氵昜
夘	夕卩
誷	言𦉰亡
瑑	王彑豕
搒	扌旁
葝	艹巠力
薋	艹次貝
酏	酉也
楉	木艹𠂇口
繄	匚矢殳糸
齛	齒世
噀	口巽
氀	婁毛
氍	目目隹毛
眽	目𠂆𠂢
睠	目半卩
箒	⺮彐冖巾
忥	气心
侴	亼丑刂
獦	犭艹曷
鯥	魚坴
觿	𠂊用山隹冏
浢	氵豆
淔	氵直
潐	氵隹灬
禨	示幺幺戈人
閇	門下
阹	阝土厶
繵	糸亠圍口日一
抆	扌文
芅	艹弋
廼	廴西
檛	木⻌咼
篛	⺮弱
僆	亻⻌車
伬	亻尺
餕	食厶八夂
錏	金亞
媬	女亻口木
殣	一夕堇
塥	土鬲
褧	耳火衣
髣	長彡方
聱	敖耳
珶	王弟
攦	扌一冂丶一冂丶鹿
挓	扌宀丿七
捥	扌宀夕卩
尭	十艹兀
藙	艹立豕殳
蓪	艹⻌龴用
楬	木曷
檓	木臼工殳
砯	石水丶
祡	止匕示
蝪	虫昜
甿	田亡
旿	日午
帾	巾者
箷	⺮方𠂉也
烋	亻木灬
餂	食舌
钂	金【尚】黑
獳	犭雨而
朘	月厶八夂
鱣	魚亠圍口日一
匊	勹米
廗	广帶
忣	忄及
韣	韋蜀
癹	癶殳
姎	女冂大
絻	糸免
纕	糸衣口口甘
笴	⺮可
鋳	金丰寸
膍	月囟匕匕
糌	米夂卜日
縎	糸骨
塿	土婁
耠	耒亼口
璮	王亠圍口日一
驦	馬雨木目
抾	扌土厶
搷	扌真
擫	扌厂日月犬
搨	扌日习习
摡	扌艮旡
靾	革世
蓳	艹堇
蟼	艹勹口攵虫
棯	木今心
敧	大可卜又
匽	匚日女
匢	匚勿
嚚	㗊（臣）
崝	山青
崀	山丶艮
簉	⺮⻌牛口
篽	⺮彳卸
儌	亻白方攵
儦	亻鹿灬
鄬	爲阝
狣	犭兆
胕	月亻寸
腯	月盾
腟	月宀至
雊	勹口隹
廇	广卯田
熅	火圍人皿
褮	火火冖衣
漙	氵專
渻	氵小丿目
漴	氵山宀示
裄	衤行
裗	衤𠫓川
鶤	冖車鳥
韎	韋一木
弽	弓世木
嫇	女冖日亠八
繣	糸聿田一
弃	𠫓廾
蒱	艹扌甫
菼	艹火火
穄	禾䏑又示
鑛	金广黄
鰒	魚𠂉日夂
涽	氵氏日
犎	圭寸牛
壝	土⻌中一貝
壌	土衣八甘
摴	扌雨亏
抇	扌日
萐	艹一彐止
靻	革且
栵	木一夕刂
尃	甫寸
櫑	木三（田）
楡	木兪
霫	雨习习白
蝃	虫叕
羂	罒糸口月
嵕	山乂凵八夂
岧	山召
蠈	貝戈𠂇虫
賵	貝冒
箘	⺮圍禾
籔	⺮婁攵
兪	兪
飣	食丁
瓥	瓜豕虫虫
舠	舟刀
颲	風一夕刂
猺	犭爪缶
鮄	魚弗
褭	衣馬
鸇	亠圍口日一鳥
惤	忄弓亠幺
裯	衤用口
邲	必阝
繠	三（心）糸
敯	民日卜又
剼	三（厶）人彡刂
极	木及
茠	艹亻木
蔍	艹鹿
杙	木弋
柤	木且
靃	雨隹隹
儤	亻日共水
佁	亻厶口
鐇	金釆田
鋲	金兵
狺	犭言
詧	䏑又言
讋	龍言
瘃	疒豕
沶	氵示
殏	一夕求
刲	圭刂
堉	土𠫓月
垿	土广予
棸	耳又木
莍	艹求
蕸	艹⻌叚
芧	艹予
榃	木木田
槬	木大亏瓜
檇	木隹冂凵
麭	麥包
楟	木亠口冖丁
槮	木三（厶）人彡
鷖	匚矢殳鳥
螬	虫一曲日
峘	山二日
矱	矢艹隹又
玁	犭口口厂敢
狪	犭同
鯯	魚牛巾刂
羗	羊儿厶
緛	糸而大
媂	女帝
砮	女又石
茋	艹氐
篴	⺮⻌豕
鉋	金包
胑	月口八
腇	月禾女
訄	九言
迆	⻌也
刓	一兀刂
捗	扌止𣥂
扢	扌乞
擸	扌巤
茿	艹工凡
雚	艹口口隹
芺	艹夭
蓹	艹彳卸
橁	木⺮勹日
磑	石山豆
硿	石穴工
蟫	虫西日十
螠	虫益
跅	足斥
蹛	足帶
咢	口口亏
噣	口蜀
罞	罒矛
崿	山口口亏
睩	目彐水
筻	⺮一日乂
稙	禾直
筩	⺮龴用
魆	鬼戉
侫	亻亡女
伔	亻冖几
僝	亻尸三（子）
儠	亻巤
胠	月土厶
臛	月雨隹
猀	犭氵小丿
鰅	魚禺
讟	言賣言
譓	言惠
裛	衣口巴
庈	广今
癓	疒彳𢼸
煆	火叚
慴	忄习习白
璗	氵昜王丶
屧	尸彳世木
緀	糸妻
娵	女耳又
媟	女世木
繜	糸丷酉寸
珇	王且
磞	石山月月
戉	戉
鱆	魚立日十
迿	⻌勹日
縺	糸⻌車
墕	土焉
璱	王王王必
耰	耒一白冖心夂
顜	甘冂土頁
葹	艹方𠂉也
檮	木士㇕工一口寸
楒	木田心
椸	木方𠂉也
櫠	木广癶弓殳
耏	而彡
逴	⻌卓
惄	上小又心
蛜	虫亻尹
喩	口兪
矙	目門敢
牣	牛刀丶
倰	亻夌
鯈	攸魚
皀	白匕
饛	食艹冖一豕
鎡	金䒑幺幺
狶	犭乂𠂇巾
胐	月出
鱨	魚【尚】匕日
麕	鹿圍禾
慒	忄一曲日
墯	忄左月土
嫈	火火冖女
瀀	氵一白冖心夂
滮	氵虎彡
澨	氵⺮巫
宨	宀兆
歠	叕酉欠
櫆	木鬼斗
柀	木皮
蹐	足𠁼人月
詗	言冋
疢	疒火
耇	耂勹口
騤	馬癶天
捄	扌求
莟	艹今口
杤	木万
槱	木酉灬
榤	木舛木
豭	豕叚
蠙	虫宀一𣥂貝
嵜	山竒
睟	目卒
髇	骨高
鵞	我鳥
儓	亻士口冖至
臮	自乑
斶	斤蜀
鈒	金及
鉾	金厶牛
獫	犭僉
胣	月𠂉也
朣	月立里
鯣	魚日勿
鵻	鳥隹
襃	衣𠀉口木
竸	立日儿立日儿
旐	方𠂉兆
憯	忄旡旡日
愓	忄昜
憿	忄白方攵
窐	穴圭
禫	示西日十
闠	門中一貝
劙	彑豕虫虫刂
杄	木千
碪	石甚
磥	石田糸
籛	⺮金戈戈
鶖	禾火鳥
偖	亻者
鉼	金并
詖	言皮
痓	疒至
疕	疒匕
擏	扌艹勹口攵
拵	扌【在】子
葱	艹匆心
礑	石【尚】田
磏	石兼
虤	虎虎
虡	虎业八
勴	虎田心力
蟐	虫【尚】巾
嗊	口工貝
咈	口弗
暿	日士口䒑口
盷	目匀
犅	牛𦉰山
犏	牛戶冊
嵆	禾尤山
谺	八人口牙
鑯	金韱
魶	魚内
鰡	魚卯田
甮	勿用
褢	衣鬼
炣	火可
熛	火西示
焞	火亠口子
澒	氵工頁
潖	氵王王巴
浰	氵禾刂
瀺	氵毚
闤	門睘
翆	习习九十
緁	糸一彐止
嫕	女匚矢心
莤	艹酉
礉	石白方攵
虰	虫丁
旴	日于
鐻	金虎豕
狦	犭冂刂二
蠪	龍虫
洴	氵并
肂	一夕聿
疌	一彐止
瑔	王白水
騊	馬勹缶
颿	馬風
冓	甘冂土
荂	艹大亏
薁	艹向米大
酖	酉冖儿
輴	車盾
靆	雨二厶⻌隶
踼	足昜
緜	白巾丿糸
谼	八人口共
鶹	卯田鳥
玈	亠幺𠂉𠂢
爁	火臣𠂉丶皿
溹	氵十冖糸
滖	氵衣口一
漒	氵强
犚	尸示寸牛
翴	习习⻌車
姶	女亼口
絫	三（厶）糸
斮	昔斤
蓏	艹瓜瓜
郙	甫阝
桭	木辰
椓	木豕
柶	木四
砠	石且
蚳	虫氐
咺	口二日
羇	罒革大可
睄	目小月
垈	亻弋土
弅	八刀廾
旟	方𠂉與
絓	糸圭
郖	豆阝
墡	土羊䒑口
垏	土聿
鬒	長彡真
駣	馬兆
鼒	才鼎
萷	艹小月刂
柾	木正
覊	西革馬
揅	石开手
鹸	卜圍乂㑒
胔	止匕肉
蚗	虫夬
踘	足勹米
嗈	口巛口巴
黚	黑甘
崏	山氏日
穣	禾衣八甘
傱	亻從
膃	月圍人皿
腨	月山而
獞	犭立里
愊	忄一口田
憭	忄一火日小
滍	氵蚩
禓	示昜
雝	巛口巴隹
繷	糸曲辰
塤	土口貝
玔	王川
璲	王⻌丷豕
瑂	王尸目
搰	扌骨
扡	扌也
垔	西土
虖	虎乎
睧	目氏日
鉥	金术
怗	忄卜口
恀	忄夕夕
浿	氵貝
垽	氵斤土
泒	氵瓜
戤	乃又皿戈
絽	糸吕
瓩	瓦千
埻	土亠口子
埪	土穴工
騨	馬単
尠	甚小丿
藰	艹卯金刂
轓	車釆田
樆	木离
硴	石艹亻匕
敁	卜口卜又
蚑	虫支
齗	齒斤
鷶	買鳥
籖	⺮𢦏韭
篊	⺮氵共
鰊	魚柬
褱	褱
麌	鹿吴
籺	米乞
浺	氵忄中
鴳	宀女鳥
鷫	肅鳥
脀	㇕水一月
絁	糸𠂉也
縿	糸三（厶）人彡
玒	王工
揤	扌艮卩
橿	木三田田
榠	木冖日亠八
箎	⺮虎
腤	月立日
蜰	月巴虫
渽	氵𢦏口
丏	丁乚㇆
嫢	夫見女
壖	土雨而
髢	長彡也
珋	王卯
摵	扌戊上小
搉	扌冖隹
鞙	革口月
橞	木惠
輌	車一巾凵
棆	木亼冊
郲	來阝
椨	木广亻寸
霒	雨二厶今
椵	木叚
蟅	虫广廿灬
踦	足大可
喿	三（口）木
帊	巾巴
黓	黑弋
岨	山且
峿	山五口
鵙	貝鳥
犆	牛直
笯	⺮女又
儳	亻毚
傔	亻兼
僪	亻矛冏
嵞	余山山
劔	僉刀丶
爼	乂乂且
饂	食日皿
狤	犭士口
魣	魚予
穈	麻禾
罃	火火冖缶
憸	忄僉
愼	忄眞
懰	忄卯金刂
漧	氵十日十乞
淴	氵勿心
礿	示勹丶
鼆	冖日亠八黽
瑃	王𡗗日
桟	木㦮
杣	木山
瞶	目中一貝
衖	行共
鋗	金口月
腞	月彑豕
訒	言刀丶
泬	氵穴
坉	土屯
挴	扌每
茢	艹一夕刂
靮	革勹丶
靿	革幺力
茘	艹三（刀）
醲	酉曲辰
硠	石丶艮
逌	⻌卜圍コ
蝋	虫⺍几キ
啅	口卓
踧	足上小又
囋	口先先貝
晼	日宀夕卩
笝	⺮圍又
衃	血不
毇	臼米殳
儑	亻日幺幺灬
鶬	倉鳥
鎞	金囟匕匕
艎	舟白王
旓	方𠂉小月
楶	次口木
憀	忄习习人彡
汫	氵井
泲	氵丿乚亻
瀌	氵鹿灬
韘	韋世木
鳲	尸鳥
翣	习习立女
婐	女果
坴	坴
掯	扌止月
蕼	艹長聿
苙	艹立
榾	木骨
柲	木必
梫	木彐冖又
咶	口舌
馝	禾日必
筶	⺮牛口
侲	亻辰
僶	亻黽
悁	忄口月
夒	夒
堐	土厂圭
栔	丰刀木
揊	扌一口田
薣	艹士口䒑支
醧	酉匚三（口）
轒	車十艹貝
輁	車共
軦	車口儿
憖	來犬心
礵	石雨木目
硊	石𠂊厂卩
磳	石曾
畷	田叕
罳	罒田心
黵	黑𠂊厂八言
簁	⺮彳止止
侐	亻血
豃	八人口敢
癋	疒亞心
麃	鹿灬
粻	米長
粃	米匕匕
燀	火單
悀	忄龴用
汯	氵𠂇厶
悹	宀㠯心
窴	穴真
禬	示會
袹	衤一白
衭	衤夫
襗	衤睪
襋	衤木冂木冂
嫮	女雨亏
綌	糸八人口
琔	王宀𤴓
珢	王艮
挃	扌至
拸	扌夕夕
薕	艹广兼
碡	石龶母
蝘	虫匚日女
唗	口走
鋘	金吴
鈶	金厶口
膕	月圍戈口一
肕	月刀丶
痁	疒卜口
痟	疒小月
憪	忄門月
宧	宀臣
櫜	一中冖夂卜口木
坋	土八刀
埢	土半卩
鷇	士冖一鳥殳
畺	三田田
髽	長彡坐
鬋	長彡䒑月刂
鬅	長彡月月
髴	長彡弗
耞	耒力口
騇	馬亼十口
揳	扌丰刀大
鞳	革艹亼口
蔾	艹禾丿刀木
蓨	艹攸月
薝	艹𠂊厂八言
芛	艹尹
蘟	艹阝爪工彐心
橾	木三（口）木
軑	車大
輵	車曷
朳	木八
橧	木曾
梡	木宀一兀
槢	木习习白
礛	石臣𠂉丶皿
豷	豕士冖豆
礒	石羊我
哳	口扌斤
跱	足土寸
踖	足昔
踾	足一口田
踛	足坴
鼈	巾𠁼攵黽
罿	罒立里
睌	目免
穟	禾⻌丷豕
箯	⺮亻一日乂
躾	身羊大
魌	鬼其
伭	亻亠幺
畣	亼口田
彾	彳令
膴	月𬻝灬
狢	犭夂口
雑	九木隹
觭	𠂊用大可
鶁	亠口小鳥
帟	亦巾
凔	冫倉
痷	疒大电
痗	疒每
愒	忄曷
煟	火田月
濳	氵先先日
滫	氵攸月
戺	戶巳
穽	穴井
袵	衤亻壬
袾	衤朱
袟	衤失
矠	矛昔
纒	糸厂黒土
妦	女丰
嫴	女十口辛
媢	女冒
梩	木里
呥	口冂土
嵥	山舛木
釽	金爪
諕	言虎
恇	忄匚王
忺	忄欠
抎	扌二厶
搊	扌芻
拹	扌三（力）
靱	革刀丶
苉	艹匚儿
薐	艹禾夌
蘤	艹白爲
檝	木口耳戈
欉	木业半耳又
鸉	木昜鳥
霨	雨尸示寸
豝	豕巴
磜	石䏑又示
螋	虫叟
齸	齒益
哱	口十冖子
唣	口白七
颽	山豆風
簗	⺮氵刀八木
齇	自田丌虎且
猨	犭爪一𠂇又
猇	犭虎
粂	𠂊丶米
齌	齊火
秶	次禾
廘	广鹿
懁	忄睘
熯	火𦰩
盓	氵于皿
溔	氵羊灬
慂	氵龴用心
袺	衤士口
邥	冖儿阝
衋	聿一白一白血
閈	門干
弨	弓召
帤	女口巾
嫶	女隹灬
繂	糸亠幺𠁼十
俇	亻犭王
僎	亻巽
搫	舟殳手
朒	月肉
痄	疒乍
埳	土𠂊臼
埣	土卒
塀	土尸并
聑	耳耳
駹	馬尨
驏	馬尸三（子）
摲	扌車斤
摓	扌⻌夂丰
莝	艹坐
薶	艹豸里
蘱	艹米犬頁
藋	艹习习隹
輑	車尹口
軷	車犮
柍	木冂大
桼	木人水
磌	石真
磹	石西日十
嫛	匚矢殳女
暶	日方𠂉疋
黫	黑西土
歜	蜀欠
岝	山乍
嶦	山𠂊厂八言
牼	牛巠
氠	气申
偫	亻彳土寸
讆	行韋言
彸	彳公
巵	𠂋巴
獩	犭止戊一𣥂
猫	犭艹田
猼	犭甫寸
鯰	魚今心
韹	立日白王
斻	方𠂉几
鄌	唐阝
爌	火广黄
渿	氵木示
硰	氵小丿石
渰	氵亼口廾
寍	宀心皿
衱	衤及
隮	阝齊
隒	阝兼
盄	弔皿
琫	王𡗗キ
扜	扌于
茷	艹亻戈
柧	木瓜
暰	日從
穬	禾广黄
餧	食禾女
鎃	金氵𠂆𠂢
胻	月行
魛	魚刀
翿	士㇕工一口寸习习
耹	耳今
搘	扌老日
搕	扌土厶皿
苀	艹亠几
醂	酉木木
軓	車凡
軧	車氐
楥	木爪一𠂇又
霠	雨立今
砆	石夫
毉	匚矢殳巫
蠏	虫𠂊用刀牛
啑	口一彐止
蹢	足啇
鴠	日一鳥
昢	日出
帢	巾亼口
罧	罒木木
髆	骨甫寸
鄦	𬻝灬阝
犌	牛叚
礜	與石
僄	亻西示
俋	亻口巴
鄃	俞阝
徛	彳大可
谹	八人口𠂇厶
錭	金用口
鯵	魚厶大彡
羓	羊巴
煠	火世木
瀸	氵韱
潠	氵巽
寱	宀爿自木
窵	穴鳥
禗	示田心
闚	門夫見
劀	矛冏刂
纎	糸𢦏韭
塼	土專
莏	艹扌小丿
荓	艹并
芀	艹刀
俔	亻見
倠	亻隹
胵	月至
誂	言兆
痀	疒勹口
赩	赤𠂊巴
壿	士丷酉寸
璊	王㒼
驒	馬單
馰	馬勹丶
抶	扌失
蓺	艹坴丸
藇	艹與
虀	艹齊韭
翲	西示习习
龗	霝龍
樒	木宀必山
鴎	匚乂鳥
翽	止戊一𣥂习习
嚘	口一白冖心夂
剕	非刂
晐	日亥
岻	山氐
嶍	山习习白
箾	⺮小月刂
餲	食曷
鑢	金虎田心
玃	犭目目隹又
鱄	魚專
觺	疑𠂊用
鯒	魚龴用
臝	亡口月果凡
毃	高殳
廎	广匕頁
麞	鹿立日十
慱	忄專
禜	火火冖示
澁	氵三（止）
淈	氵尸出
袿	衤圭
褾	衤西示
襚	衤⻌丷豕
褷	衤彳止止
綟	糸戶犬
堈	土𦉰山
蕑	艹門月
枅	木开
霣	雨口貝
碈	石氏日
硍	石艮
蜼	虫隹
貤	貝也
猲	犭曷
魬	魚反
謑	言爪幺大
悺	忄宀㠯
洭	氵匚王
阞	阝力
壻	土疋月
髷	長彡曲
駜	馬必
挋	扌臣
抌	扌冖儿
撏	扌彐工口寸
蔏	艹商
蘪	艹鹿米
橑	木一火日小
輀	車而
雽	雨乎
碔	石武
顑	戊一口頁
齯	齒臼儿
蜋	虫丶艮
螾	虫寅
鄤	曼阝
猒	日月犬
眐	目正
嶊	山扌隹
岒	山今
巕	山䒑𠂤辛子
嵙	山禾斗
犞	牛喬
牰	牛由
稰	禾疋月
籯	⺮亡口月貝凡
侻	亻丷口儿
谽	八人口今口
猘	犭牛巾刂
腅	月火火
弮	半弓
爚	火龠
窔	穴亠八乂
褯	衤广廿巾
袸	衤【在】子
闟	門亼口习习
隃	阝俞
弉	爿士廾
婤	女用口
緷	糸冖車
掗	扌亞
荁	艹二日
菵	艹𦉰亡
欂	木艹氵甫寸
磎	石爪幺大
螖	虫骨
郋	自阝
鑐	金雨而
瘏	疒者
泜	氵氐
絇	糸勹口
聢	耳宀𤴓
琖	王戈戈
瑫	王爪臼
攩	扌【尚】黑
挧	扌习习
兡	十口儿一白
菨	艹立女
橖	木【尚】木
軥	車勹口
麰	麥厶牛
柮	木出
硲	石八人口
齰	齒昔
踆	足厶八夂
踠	足宀夕卩
肙	口月
呟	口亠幺
蟞	巾𠁼攵虫
鷩	巾𠁼攵鳥
瞁	目目犬
郔	廴丿止阝
皭	白爵
鑁	金乂凵八夂
狉	犭不一
魠	魚丿七
坒	匕匕土
譐	言丷酉寸
麛	鹿弓耳
灈	氵目目隹
溵	氵殷
澭	氵亠乡隹
潳	氵尸者
鶱	【寒】鳥
扅	戶夕夕
閵	門隹
韥	韋賣
屘	尸毛子
凾	了口又凵
彃	弓畢
猪	犭者
册	册
葀	艹扌舌
跓	足主
尟	是小丿
旵	日山
郥	貝阝
侜	亻舟
鼸	鼠兼
鉊	金召
魦	魚小丿
綑	糸圍木
趎	走朱
擩	扌雨而
拤	扌上卜
靭	革刀丶
鄸	夢阝
莚	艹廴丿止
葅	艹人人且
蘠	艹爿嗇
轃	車𡗗禾
輹	車𠂉日夂
枍	木八丂
霬	雨異
礂	石士口䒑口
翈	甲习习
畇	田匀
峮	山尹口
甒	𬻝灬瓦
犩	禾女鬼牛
鼪	鼠生
敜	今心攵
鈎	金勹厶
獡	犭臼乚灬
肣	月今
讔	言阝爪工彐心
瘭	疒西示
廐	广艮旡
痎	疒亥
忨	忄一兀
齹	差齒
糒	米𤰇
爊	火鹿灬
漹	氵焉
漰	氵山月月
禴	示龠
闒	門日习习
鄝	习习人彡阝
揕	扌甚
荴	艹扌夫
薙	艹矢隹
嘄	口鳥木
獶	犭一白冖心夂
悋	忄文口
姼	女夕夕
髲	長彡皮
镼	長尸出
瑲	王倉
馺	馬及
珒	王聿
螒	十日十人虫
蕀	艹木冂木冂
藅	艹罒言刂
蕠	艹女口糸
榑	木甫寸
樕	木束欠
覂	西乏
鑋	車巠金
輬	車亠口小
轇	車习习人彡
棭	木夜
顬	雨而頁
霿	雨矛夂目
鄏	辰寸阝
躣	足目目隹
嘐	口习习人彡
曻	日舛
骭	骨干
濌	重水日
稭	禾匕匕白
簥	⺮喬
傿	亻焉
鼫	鼠石
齉	自田丌一中冖口口甘𧘇
忁	彳日出大水
膞	月專
猯	犭山而
腒	月尸十口
邍	⻌夂田彐水
夗	夕卩
譸	言士㇕工一口寸
庲	广來
慉	忄亠幺田
灪	氵缶木木冖乂凵匕彡
窌	穴卯
祩	示朱
嶞	阝左月山
楖	木艮卩
硾	石垂
呇	水口
氆	毛並日
飋	風王王必
訹	言术
漘	氵辰月
皷	士口䒑皮
髳	長彡矛
瑖	王厂三殳
駈	馬丘
騬	馬禾北
璸	王宀一𣥂貝
璚	王矛冏
揥	扌帝
菎	艹日匕匕
葂	艹免力
槵	木中中心
欋	木目目隹
奅	大卯
碻	石高
虴	虫丿七
踑	足其
躙	足門隹
嗃	口高
昦	日大氘
帩	巾小月
眒	目申
瞛	目從
鼶	鼠虒
雔	隹隹
牉	片半
貒	豸山而
舽	舟夂㐄
狿	犭廴丿止
腶	月厂三殳
膌	月𠁼人月
曶	勿日
皽	亠圍口日一皮
竫	立争
癗	疒雨田
劘	麻非刂
慺	忄婁
爔	火羊禾戈丂
慞	忄立日十
淢	氵戈口一
汃	氵八
扊	戶火火
袑	衤召
闛	門【尚】土
陓	阝大亏
彄	弓匚三（口）
斨	爿斤
縒	糸差
紽	糸宀匕
摝	扌鹿
剸	專刂
硥	石尨
鴀	不鳥
蟭	虫隹灬
虙	虎必
踶	足是
噅	口爲
覣	禾女見
鱴	魚𦭝戍
鱍	魚癶弓殳
詅	言令
痡	疒甫
愖	忄甚
涍	氵孝
澖	氵門木
鷊	鬲鳥
髾	長彡小月
摮	敖手
騽	馬习习白
掝	扌戈口一
黇	黄卜口
疐	十冖田疋
鞧	革丷酉
胾	𢦏肉
蕋	艹三（止）
藘	艹虎田心
蔨	艹圍半卩
薃	艹氵高
柣	木失
梒	木今口
怷	朮心
棳	木叕
覤	虎見
噳	口虎吴
唌	口廴丿止
噇	口立里
晱	日火火
鸅	睪鳥
崣	山禾女
穱	禾爵
魖	鬼虚
匁	勹乂
歊	高欠
籵	米十
瀎	氵𦭝戍
橤	三（心）木
韍	韋犮
屭	尸三（貝）
翏	习习人彡
絏	糸曳
蠁	鄉虫
扤	扌兀
荎	艹至
棷	木耳又
跧	足人王
肵	月斤
觼	𠂊用敻
忯	忄氏
漦	未攵厂水
壷	士冖刂口一
駼	馬余
馻	馬厶儿
薚	艹一夕昜
薉	艹止戊一𣥂
樲	木弋二貝
槾	木曼
鶫	柬鳥
欃	木毚
霐	雨氵弓厶
梮	木尸㇆口
磿	厂禾禾石
礔	石尸口辛
瑿	匚矢殳王丶
蠎	虫艹奔
跦	足朱
曣	日燕
睖	目夌
逬	⻌幷
犑	牛目犬
犉	牛亠口子
籧	⺮⻌虎豕
牏	片俞
韽	今酉立日
鎉	金日习习
腢	月禺
胏	月丿乚亻
鱊	魚矛冏
鯞	魚彐冖巾
鰼	魚习习白
鱳	魚白幺幺木
鸁	亡口月鳥凡
懅	忄虎豕
濎	氵鼎
蠥	屮𠂤辛虫
絖	糸光
机	木几
璥	王艹勹口攵
捁	扌牛口
椙	木日日
桵	木爪女
笲	⺮厶廾
釴	金弋
陼	阝者
鬷	鬲乂凵八夂
斄	未攵厂來
趌	走士口
圠	土乚
聏	耳而
撗	扌黄
撌	扌中一貝
揟	扌疋月
擽	扌白幺幺木
菆	艹耳又
鞿	革幺幺戈人
蟇	莫虫
鴱	艹乂鳥
醰	酉西日十
樠	木㒼
槫	木專
橝	木西日十
軱	車瓜
慙	車斤心
磝	石敖
豶	豕十艹貝
蟷	虫【尚】田
蛈	虫失
蠰	虫衣口口甘
幖	巾西示
嶕	山隹灬
岉	山勿
罏	缶虎田皿
犗	牛宀丰口
穮	禾鹿灬
舑	舌冂土
篹	⺮目大卩
帠	臼巾
侇	亻大弓
膫	月一火日小
獝	犭矛冏
鮖	魚石
鰐	魚口口亏
欴	丶艮欠
羢	羊戈𠂇
懱	忄𦭝戍
熂	火气米
爓	火門𠂊臼
洍	氵臣
鶷	宀丰口鳥
禂	示用口
邆	⻌癶豆
隶	隶
陾	阝而大
阰	阝匕匕
鶭	糸方鳥
坽	土令
蹔	車斤足
奫	大氵𣶒
蠬	虫龍
犕	牛𤰇
詑	言宀匕
浧	氵呈
沜	氵片
歾	一夕勿
墐	土堇
趮	走三（口）木
赸	走山
鬙	長彡曾
謷	敖言
剚	事刂
靽	革半
蚅	虫厂卩
鮆	止匕魚
蟧	虫火火冖力
畟	田八夂
鴫	田鳥
曒	日白方攵
暲	日立日十
幨	巾𠂊厂八言
瞏	罒土口𧘇
穖	禾幺幺戈人
稌	禾余
馞	禾日十冖子
簒	⺮目大丿厶
鸒	與鳥
獌	犭曼
贕	卯丶丶賣
粊	匕匕米
鰞	魚烏
譪	言艹曷
庉	广屯
羒	羊八刀
膋	火火冖月
惸	忄勹日子
濿	氵厂萬
灨	氵立日十夂工貝
竃	穴土㫣
襂	衤三（厶）人彡
隞	阝敖
敶	阝東攵
縅	糸戊一女
纑	糸虎田皿
繟	糸單
塴	土山月月
蓫	艹⻌豕
餫	食冖車
膇	月⻌𠂤
湆	氵立日
襏	衤癶弓殳
堼	圭寸土
尌	士口䒑寸
珫	王𠫓儿
驞	馬宀一𣥂貝
薵	艹士㇕工一口寸
荺	艹土匀
靫	革又丶
虈	艹㗊（頁）
苵	艹失
躠	艹𠂤辛足
楲	木戊一女
樀	木啇
匳	匚僉
蝒	虫面
劋	三（口）木刂
逿	⻌昜
羃	罒莫巾
崰	山巛田
眅	目反
秮	禾厶口
峊	𠂤山
鼵	鼠穴犬
鬿	鬼斤
倹	亻㑒
剱	㑒刀丶
胈	月犮
玂	犭艹單斤
謋	言舛木
廮	广貝貝女
燡	火睪
恔	忄亠八乂
灂	氵爵
襮	衤日共水
袶	衤夂㐄
韐	韋亼口
頚	又土頁
緎	糸戈口一
掜	扌臼儿
碨	石畏
蚄	虫方
暵	日𦰩
篿	⺮專
鰶	魚䏑又示
詍	言世
迾	⻌一夕刂
奊	圭乚大
瓡	土半瓜
刵	耳刂
騞	馬丰石
騜	馬白王
璒	王癶豆
摎	扌习习人彡
蔪	艹車斤
蒧	艹戊卜口
醊	酉叕
軘	車屯
轠	車三（田）
轞	車臣𠂉丶皿
桝	木舛
奲	大者單
蜨	虫一彐止
遉	⻌卜貝
喣	口勹口灬
礨	三（田）石
矘	目【尚】黑
岪	山弗
骾	骨一日乂
矲	矢罒能
穋	禾习习人彡
鳰	人鳥
歈	俞欠
艑	舟戶冊
狫	犭老
猈	犭卑
腏	月叕
爢	麻非灬
麖	鹿亠口小
粁	米千
慛	忄山隹
燗	火門月
漋	氵阝夂一生
禠	示虒
襛	衤曲辰
裺	衤大电
剭	尸至刂
媕	女亼口廾
搤	扌益
膵	月艹卒
癠	疒齊
碆	氵皮石
駥	馬戈𠂇
驉	馬虚
摠	扌囱心
勩	世貝力
臡	𦰩隹肉
酳	酉幺月
樧	木乂术殳
礧	石三（田）
卼	兀𠂊厂卩
磍	石宀丰口
顣	戊上小頁
朁	旡旡日
蠸	虫艹口口隹
蠨	虫艹肅
跿	足走
躆	足虎豕
喭	口立丿彡
酅	山隹冏阝
缹	缶灬
鯬	禾丿刀魚
鬾	鬼支
臲	自木𠂊厂卩
欱	亼口欠
韱	韱
犿	犭亠卜
鶀	鳥其
庮	广酉
煣	火矛木
閜	門可
楘	矛攵木
翂	习习八刀
邿	土寸阝
撋	扌門王
蚇	虫尺
郘	吕阝
蹸	足米舛
覛	𠂆𠂢見
膢	月婁
歍	烏欠
迒	⻌亠几
瘣	疒鬼
汱	氵犬
汦	氵氏
阤	阝也
趡	走隹
堩	土忄二日
聝	耳戈口一
琡	王上小又
璅	王巛果
抭	扌宀几
頍	支頁
蔮	艹圍戈口一
薎	𦭝冖亻戈
蕍	艹氵俞
芵	艹夬
轗	車戊一口心
軞	車毛
檍	木立日心
鵸	大可鳥
鬳	虎鬲
蝯	虫爪一𠂇又
蛫	虫𠂊厂卩
蜛	虫尸十口
蠾	虫尸水蜀
跍	足十口
蹝	足彳止止
朄	申柬
晜	日弟
瞫	目西日十
篭	⺮竜
饁	食土厶皿
鑕	金斤斤貝
覶	𤔔見
獿	犭夒
腛	月尸至
鯲	魚於
譺	言疑
廧	广嗇
鄁	北月阝
憢	忄堯
逤	⻌氵小丿
襣	衤自田丌
覭	冖日亠八見
鼏	冖鼎
鱀	艮旡魚
娙	女巠
鴽	女口鳥
趍	走夕夕
蕦	艹彡頁
碄	石木木
螁	虫⻌艮
虭	虫刀
蛁	虫召
罺	罒巛果
鈆	金公
縏	舟殳糸
鵔	鳥厶八夂
訿	言止匕
衵	衤日
郠	一日乂阝
壴	士口䒑
髠	長彡几
挬	扌十冖子
兙	十口儿十
莥	艹犭丑
欶	束欠
欝	乂乂木木罒艮寸
砐	石及
蟖	虫其斤
瓽	【尚】瓦
嵺	山习习人彡
嵾	山三（厶）人彡
骴	骨止匕
箚	⺮亼口刂
笐	⺮亠几
顖	囟心頁
傰	亻山月月
錻	金武
胘	月亠幺
鴥	鳥穴
斖	文臼同冖且
齍	齊皿
癵	疒䜌肉
懥	忄十冖田疋
爟	火艹口口隹
炾	火口儿
悷	忄戶犬
瀄	氵⺮艮卩
澓	氵彳𠂉日夂
襢	衤亠圍口日一
堾	土𡗗日
扨	扌刀丶
蛓	𢦏虫
栂	木母
蛣	虫士口
蠉	虫睘
鋄	金一火又
譝	言黽
翍	习习皮
鶝	一口田鳥
瑓	王柬
髺	長彡舌
駬	馬耳
瑵	王蚤
擖	扌艹曷
攭	扌彑豕虫虫
剒	昔刂
葴	艹戊一口
芚	艹屯
蓚	艹攸彡
醓	酉冖儿皿
櫹	木艹肅
輘	車夌
杁	木人
桹	木丶艮
鷞	大四（乂）鳥
贙	虎虎貝
蹞	足匕頁
咉	口冂大
巏	山艹口口隹
嵲	山自木
崷	山丷酉
矉	目宀一𣥂貝
犐	牛禾斗
篎	⺮目小丿
鵅	夂口鳥
鰜	魚兼
螤	文虫日人
漮	氵广隶
漅	氵巛果
縰	糸彳止止
盭	幺土半攵皿
藄	艹其糸
朼	木匕
磈	石鬼
跈	足人彡
巑	山先先貝
誻	言水日
鴐	力口鳥
陫	阝非
耾	耳𠂇厶
抪	扌𠂇巾
藲	艹木匚三（口）
臷	𢦏至
藈	艹目癶天
蘬	艹𠂤止彐冖巾
鵏	甫鳥
楕	木左月
椣	木典
梴	木廴丿止
麷	麥丰丰山豆
蠠	面虫虫
鵄	至鳥
蟟	虫一火日小
蠦	虫虎田皿
齖	齒牙
瞡	目夫見
稑	禾坴
傂	亻虒
偯	亻衣口
蠫	豸刂虫虫
舼	舟共
艐	舟乂凵八夂
鱵	魚⺮戊一口
欿	𠂊臼欠
諔	言上小又
譈	言亠口子攵
廦	广尸口辛
鶊	广彐人鳥
渜	氵而大
溠	氵差
寁	宀一彐止
刔	夬刂
鵖	艮鳥
翪	习习乂凵八夂
縓	糸厂白小
絋	糸广厶
葟	艹白王
釱	金大
凩	𠘨木
諓	言戈戈
豏	豆兼
瓀	王雨而
蓻	艹土半丸
雗	十日十𠂉隹
苲	艹乍
蓎	艹唐
醶	酉僉
輲	車山而
梻	木亻弗
砄	石夬
貣	弋貝
齝	齒厶口
蹅	足查
嵅	山戊一口
甀	垂瓦
篞	⺮氵日土
伜	亻九十
顩	僉頁
鎺	金示且
舩	舟公
膙	月强
鵤	𠂊用鳥
袌	衣包
怢	忄失
怋	忄民
懘	氵帶心
湨	氵目犬
阸	阝戶乙
婘	女半卩
諅	其言
梜	木夾
砅	石水
硉	石聿
嵽	山帶
穨	禾几中一貝
泧	氵戉
溾	氵鬼
邧	一兀阝
镻	長失
鬄	長彡日勿
駪	馬先
騉	馬日匕匕
薞	艹一夕食
蘡	艹貝貝女
釂	酉爵
檕	車凵殳木
橅	木𬻝灬
豥	豕亥
尳	尢骨
齾	虎鬲犬齒
躟	足衣口口甘
踤	足卒
鷕	口隹鳥
嚪	口門𠂊臼
啒	口尸出
峞	山𠂊厂卩
秠	禾不一
轝	與車
鵀	亻壬鳥
酓	今酉
忀	彳衣口口甘
狾	犭扌斤
魳	魚一巾
鰋	魚匚日女
蝱	亡虫虫
謪	言商
廅	广土厶皿
羛	羊弗
粭	米亼口
熰	火匚三（口）
焍	火弟
襒	衤巾𠁼攵
隺	冖隹
緅	糸耳又
螿	爿䏑寸虫
牄	爿倉
緪	糸忄亙
坥	土且
馵	馬廾
搳	扌宀丰口
蘴	艹丰丰山豆
蔜	艹敖
芇	艹巾
萴	艹貝刂
枺	木一木
杝	木也
蛅	虫卜口
蝝	虫彑豕
暡	日公习习
狊	目犬
罼	罒畢
籗	⺮雨隹
饎	食士口䒑口
鈌	金夬
臄	月虎豕
謰	言⻌車
詙	言犮
謱	言婁
愅	忄革
怴	忄戉
渨	氵畏
淭	氵戶木
顤	堯頁
剺	未攵厂刀
趬	走堯
豰	士冖一豕殳
驔	馬西日十
騱	馬爪幺大
珕	王三（力）
兝	十口儿八刀
鞈	革亼口
飌	艹口口隹風
蒭	艹芻
豵	豕從
蟦	虫十艹貝
蚞	虫木
蛦	虫大弓
蜪	虫勹缶
蟉	虫习习人彡
蹎	足真
噮	口睘
嗺	口山隹
曮	日口口厂敢
罭	罒戈口一
岏	山一兀
崵	山昜
睮	目俞
籈	⺮西土瓦
鄅	禹阝
笰	⺮弗
籊	⺮习习隹
佒	亻冂大
貆	豸二日
媻	舟殳女
鄐	亠幺田阝
鶶	唐鳥
廥	广會
糂	米甚
愃	忄宀二日
慅	忄蚤
澽	氵虎豕
淟	氵典
濵	氵宀尸貝
鶣	戶冊鳥
禒	示彑豕
裶	衤非
袀	衤匀
扻	扌欠
槥	木丰丰彐
檥	木羊我
蝍	虫艮卩
哤	口尨
睊	目口月
矌	目广黄
筀	⺮圭
鏙	金山隹
錎	金𠂊臼
腲	月畏
膲	月隹灬
肒	月丸
鄾	一白冖心夂阝
坱	土冂大
塯	土卯田
髶	長彡耳
黈	黄主
鞺	革【尚】土
蕇	艹單
菙	艹垂
菕	艹亼冊
梂	木求
梐	木匕匕土
雺	雨矛
蝿	虫㫣
蚥	虫八乂
昒	日勿
鄨	巾𠁼攵口巴
眃	目二厶
幧	巾三（口）木
罻	罒尸示寸
鷽	臼乂乂冖鳥
鄇	侯阝
衠	行真
瓻	乂𠂇巾瓦
猳	犭叚
斒	文戶冊
麚	鹿叚
羬	羊戊一口
燵	火⻌土羊
恌	忄兆
淊	氵𠂊臼
袉	衤宀匕
褄	衤妻
隲	阝小丿馬
睯	民攵目
嫥	女專
妐	女公
撽	扌白方攵
杶	木屯
椳	木畏
樏	木田糸
枆	木毛
鷐	日辰鳥
昈	日戶
眓	目戉
罬	罒叕
胹	月而
鸃	鳥羊我
鱦	魚黽
痑	疒夕夕
鄳	黽阝
塕	土公习习
塉	土𠁼人月
嗀	士冖一口殳
憃	𡗗臼心
駴	馬戈廾
捵	扌典
摿	扌人立日
蘁	艹王四（口）
鞜	革水日
葧	艹十冖子力
虌	艹巾𠁼攵黽
藡	艹⻌啇
鸏	艹宀一豕鳥
輤	車青
軮	車冂大
楰	木臼人
鶆	來鳥
奝	大用口
鵊	夾鳥
礭	石雨隹
蟨	厂屰欠虫
蟢	虫士口䒑口
蟃	虫曼
齘	齒介
蝷	虫广屰
蠽	小隹戈虫虫
幎	巾冖日亠八
峚	山大土
峗	山𠂊厂卩
雟	屮隹冏
箆	⺮冂人匕匕
筤	⺮丶艮
簶	⺮示彐水
獂	犭厂白小
糎	米厂里
籾	米刀丶
謍	火火冖言
寠	宀婁
穾	穴夭
祋	示殳
褼	衤䙴
裮	衤日日
袡	衤冂土
鄍	冖日亠八阝
舝	𫝀巛冖厶㐄
勠	习习人彡力
蛃	虫丙
踳	足𡗗日
昤	日令
麁	𠂊鹿
絭	半糸
懧	忄宀心皿丁
邔	己阝
攕	扌韱
拲	共手
蘦	艹霝
蘻	艹車凵殳糸
蘙	艹匚矢殳习习
蒏	艹冖酉
酘	酉殳
罊	車凵殳缶
轐	車菐
輆	車亥
樴	木戠
霩	雨亠口子阝
厬	厂日夂卜口
豜	豕开
跲	足亼口
踒	足禾女
畖	田瓜
冔	冃口于
矂	目三（口）木
鴸	朱鳥
穐	禾亀
籏	⺮方𠂉其
鶂	臼儿鳥
甈	自木瓦
觟	𠂊用圭
凓	冫西木
湠	氵山𠂇火
潝	氵亼口习习
韛	韋𤰇
鶸	弱鳥
綧	糸亠口子
圢	土丁
茙	艹戈𠂇
碫	石厂三殳
唒	口酉
徲	彳尸水牛
鑮	金艹氵甫寸
釸	金夕
獑	犭車斤
悐	犭火心
鄡	鳥木阝
觬	𠂊用臼儿
怚	忄且
垒	三（厶）土
鳱	干鳥
趭	走隹灬
擶	扌⺮䒑月刂
韅	革日幺幺灬
蔈	艹西示
蕛	艹禾弟
毄	車口殳
柹	木丿乚亻
梌	木余
麬	麥皮
砿	石广厶
蠮	虫匚矢殳习习
剻	山月月刂
骫	骨丸
睕	目宀夕卩
篕	⺮土厶皿
鵹	禾丿刀鳥
敿	喬攵
毨	毛先
簓	⺮用口彡
伻	亻平
儢	亻虎田心
豻	豸干
褹	衤坴丸
膉	月益
詄	言失
袲	衣夕夕
庪	广扌支
廏	广白匕殳
麆	鹿且
烰	火爪子
懫	忄斤斤貝
懻	忄北異
瀫	氵士冖一糸殳
滱	氵宀一兀卜又
寙	宀瓜瓜
襩	衤賣
皹	皮冖車
螱	尸示寸虫
鶋	尸十口鳥
隓	阝左左
頨	习习頁
鶨	彑豕鳥
醙	酉叟
蠳	虫貝貝女
螰	虫鹿
眲	目耳
簝	⺮一火日小
餟	食叕
鯺	魚者
湱	氵丰石
赨	赤虫
埓	土爪寸
壛	土門𠂊臼
郰	耳又阝
刌	寸刂
撜	扌癶豆
蓲	艹匚三（口）
醳	酉睪
醷	酉立日心
檡	木睪
楺	木矛木
碅	石圍禾
韰	卜夕又韭
蝺	虫禹
螑	虫自犬
黤	黑大电
峬	山甫
剬	山而刂
瞲	目矛冏
垼	彳殳土
鋺	金宀夕卩
峱	犭丑山
獽	犭衣口口甘
魧	魚亠几
譠	言亠圍口日一
韏	半韋
煃	火大圭
煁	火甚
濣	氵十日十人斗
溰	氵山豆
宎	宀夭
祑	示失
裖	衤辰
襭	衤士口頁
堲	艮卩土
嬽	女罒丨一罒乚大
琟	王隹
撊	扌門月
硱	石圍木
幩	巾十艹貝
觕	牛𠂊用
鯦	魚夂卜口
譀	言敢
恲	忄并
阺	阝氐
螜	士冖一殳虫
墱	土癶豆
髬	長彡不一
鬎	長彡束刂
鬖	長彡三（厶）人彡
摦	扌大亏瓜
蘵	艹耳戠
樝	木虎且
轙	車羊我
甝	虎甘
蝚	虫矛木
嚾	口艹口口隹
躩	足目目隹又
躈	足白方攵
嚃	口⻌眔
哅	口勹乂凵
獘	巾𠁼攵犬
瞚	目寅
劗	先先貝刂
篧	⺮冖隹
狜	犭十口
顈	匕糸頁
蠯	广卑虫虫
熿	火黄
忰	忄九十
漊	氵婁
汳	氵反
灛	氵門單
甂	戶冊瓦
窢	穴戈口一
飁	习习白風
羾	习习工
鄛	巛果阝
縪	糸畢
纗	糸山隹冏
妵	女主
嬥	女习习隹
瓵	厶口瓦
硩	扌斤石
硈	石士口
磼	石隹木
咠	口耳
噆	口旡旡日
鳻	八刀鳥
臅	月蜀
鞷	鬲革
赮	赤叚
鬫	鬥敢
鬕	長彡莫
攡	扌离隹
鷏	真鳥
鞆	革丙
茣	艹吴
蘥	艹龠
蕧	艹彳𠂉日夂
藭	艹穴身弓
櫡	木⺮者
棜	木於
檖	木⻌丷豕
蚹	虫亻寸
趷	足乞
甹	由丂
鸓	三（田）鳥
毟	小丿毛
歂	山而欠
犈	牛半卩
傽	亻立日十
徿	彳龍
鷭	釆田鳥
狋	犭示
肐	月乞
鯏	魚禾刂
鰝	魚高
甋	啇瓦
庴	广昔
麎	鹿辰
憉	忄士口䒑彡
潀	氵眾
溌	氵癶二儿
裋	衤豆
隇	阝戊一女
隑	阝山豆
緆	糸日勿
嫷	女阝左月
縃	糸疋月
玿	王召
捼	扌禾女
挩	扌八口儿
砎	石介
齫	齒圍木
穧	禾齊
鸔	鳥日共水
鮹	魚小月
渹	氵勹言
鳺	夫鳥
鼜	士口䒑支蚤
趜	走勹米
駤	馬至
駽	馬口月
薽	艹西土瓦
荾	艹厶八夂
榙	木艹亼口
軵	車亻寸
椶	木乂凵八夂
鶠	匚日女鳥
黳	匚矢殳黑
蜌	虫匕匕土
曋	日西日十
矐	目雨隹
幝	巾單
帗	巾犮
嶀	山雨亏
馧	禾日日皿
齀	自田丌瓦
鰴	彳𢼸（魚）
饡	食先先貝
艓	舟世木
羭	羊俞
覮	火火冖見
澅	氵聿田一
窱	穴攸木
禭	示⻌丷豕
闑	門自木
褽	尸示寸衣
鵽	叕鳥
鄪	弗貝阝
嬐	女僉
櫋	木自穴方
蛌	虫瓜
蟂	虫鳥木
螏	虫疒矢
徾	彳山言攵
豍	豆卑
鴶	士口鳥
駓	馬不一
鞹	革亠口子阝
蒪	艹甫寸
薧	艹亠口冖死
蕄	艹門心
枎	木夫
醼	酉燕
輚	車戈戈
轑	車一火日小
霋	雨妻
礣	石𦭝戍
豤	豕艮
嚔	口十冖田厶止
跰	足并
啽	口亼口廾
晪	日典
黖	黑旡
篶	⺮焉
鄋	叟阝
鸄	白方攵鳥
鵆	行鳥
艕	舟旁
鱏	魚西日十
庬	广尨
癪	疒禾龶貝
翷	米舛习习
煝	火尸目
澞	氵虎吴
襫	衤大一白一白
顐	冖車頁
敪	叕攵
翑	习习勹口
緰	糸俞
坁	土氏
嚍	口𦘒灬皿
杗	亡木
懭	忄广黄
鄑	晋阝
璬	王白方攵
馲	馬丿七
駖	馬令
憼	艹勹口攵心
檪	木白𠁼木
椔	木巛田
磃	石虒
碯	石巛囟
畭	田余
譻	貝貝言
髐	骨堯
髊	骨差
稘	禾其
秎	禾八刀
鷑	⺮立鳥
錣	金叕
狑	犭令
甔	𠂊厂言瓦
斪	勹口斤
諈	言垂
憛	忄西日十
顲	火火亠圍口頁
憰	忄矛冏
滜	氵白大十
祳	示辰
襹	衤一冂丶一冂丶鹿
鸐	习习隹鳥
軬	厶大車
蜤	木斤虫
蝐	虫冒
鴅	丹鳥
鱐	魚肅
翜	习习夾
殟	一夕日皿
鼘	士口䒑支𣶒
鼀	土八黽
瞉	士冖一目殳
鬠	長彡會
髼	長彡夂丰
蛪	丰刀虫
撠	扌十日十戈
蓩	艹矛夂力
葌	艹三（女）
磩	石戊上小
鬵	旡旡鬲
隿	弋隹
齞	齒口八
蠩	虫言者
螛	虫宀丰口
跙	足且
嚵	口毚
晇	日大亏
睅	目日干
奰	三（罒）大
穛	禾隹灬
稯	禾乂凵八夂
餝	食艹方
鏏	金丰丰彐
鵃	舟鳥
劖	毚刂
鸗	龍鳥
羠	羊大弓
糷	米艹門柬
燖	火彐工口寸
焆	火口月
烑	火兆
惼	忄戶冊
糪	尸口辛米
陭	阝大可
繉	糸目兆
媆	女而大
挏	扌同
鵛	巠鳥
胉	月白
鮅	魚必
墆	土帶
趏	走舌
鞻	革婁
荅	艹亼口
橭	木十口辛
桋	木大弓
軶	車戶乙
蜳	虫亠口子
跮	足至
遻	⻌口口屰
畽	田重
黕	黑冖儿
峌	山至
崺	山方也
眝	目宀丁
篏	⺮甘欠
秅	禾丿七
簔	⺮衣二艹
篣	⺮旁
鼮	鼠廷
皫	白鹿灬
鄎	自心阝
餢	食立口
鎭	金眞
鶢	爪一𠂇又鳥
艛	舟婁
衁	亡血
帣	半巾
羜	羊宀丁
瀴	氵貝貝女
翐	习习失
刜	弗刂
圲	土千
耴	耳乚
揘	扌白王
掽	扌並
磛	車斤石
楎	木冖車
蚼	虫勹口
号	口丂
簂	⺮圍戈口一
馣	禾日大电
仜	亻工
鮿	魚耳乚
邟	亠几阝
矕	䜌目
颪	下風
殦	一夕鳥
鼛	士口䒑支夂卜口
墋	土三（厶）人彡
蛬	共虫
酀	燕阝
蔧	艹丰丰彐
靪	革丁
莌	艹丷口儿
蒮	艹冖隹
榬	木土口𧘇
橲	木士口䒑口
櫼	木韱
栚	木䒑大
蝡	虫而大
豦	虎豕
齱	齒耳又
螪	虫商
欭	圍大欠
躖	足幺幺二幺幺丨
噞	口僉
毼	曷毛
籉	⺮士口冖至
簼	⺮扌甘冂土
鑓	金⻌中一㠯
豽	豸内
飉	風一火日小
獀	犭叟
觰	𠂊用者
觩	𠂊用求
譑	言喬
艵	并𠂊巴
慔	忄莫
熕	火工貝
熚	火畢
鴬	⺍冖鳥
寉	宀隹
裧	衤火火
弣	弓亻寸
扑	扌卜
霮	雨氵甚
蚻	木乚虫
蛖	虫尨
蛢	虫并
膹	月十艹貝
鰿	魚龶貝
魾	魚不一
誫	言辰
聈	耳幺力
鬊	長彡𡗗日
鬤	長彡衣口口甘
抏	扌一兀
攍	扌亡口月女凡
藀	艹火火冖火
櫰	木褱
厒	厂缶
蛚	虫一夕刂
辴	單辰
稒	禾圍十口
鼳	鼠目犬
齃	自田丌曷
貛	豸艹口口隹
謥	言囱心
痸	疒牛巾刂
郱	并阝
羵	羊十艹貝
麊	米鹿
窙	穴孝
陎	阝朱
嬎	女免生
摍	扌宀亻一白
鏬	金虎乎
涾	氵水日
騺	土半丸馬
鼁	土厶黽
鬌	長彡左月
驖	馬𢦏呈
捘	扌厶八夂
荳	艹豆
兣	十口儿厂里
蘉	𦭝冖亻彐冖又
藫	艹氵西日十
藬	艹阝中一貝
梬	木由丂
礥	石臣又貝
螐	虫烏
蜧	虫戶犬
踸	足甚
跜	足尸匕
唈	口口巴
喢	口千臼
斀	蜀卜又
嶚	山一火日小
躽	身匚日女
軈	身广亻隹心
偋	亻尸并
舮	舟戶
浲	氵夂丰
竁	穴三（毛）
氄	矛冏毛
彋	弓睘
媰	女芻
纐	糸亠八乂頁
葞	艹弓耳
鷒	專鳥
朻	木丩
覝	干火見
坅	土今
擉	扌蜀
郣	十冖子阝
蘣	艹黄主
櫅	木齊
樔	木巛果
蠝	虫三（田）
蚢	虫亠几
毾	日习习毛
崨	山一彐止
舕	舌火火
僓	亻中一貝
譥	白方攵言
敆	亼口卜又
銲	金日干
鋊	金八人口
臕	月鹿灬
訰	言屯
怲	忄丙
烻	火廴丿止
袕	衤穴
蟴	其斤虫
篻	⺮西示
鮛	魚上小
觻	𠂊用白幺幺木
濜	氵𦘒灬皿
紖	糸弓丨
麉	干干鹿
虣	武虎
鬁	長彡禾刂
駾	馬丷口儿
騢	馬叚
蘜	艹革勹米
蔖	艹虎且
藑	艹敻
蔒	艹尹口灬
蒘	艹女口手
磤	石殷
蛂	虫犮
螇	虫爪幺大
嚊	口自田丌
巆	山火火冖吕
巀	山小隹戈
嵣	山唐
嶭	山𠂤辛
眣	目失
儥	亻賣
狘	犭戉
獧	犭睘
竘	立勹口
黂	麻十艹貝
羺	羊雨而
烓	火圭
灟	氵尸水蜀
阠	阝乙十
虋	艹臼同冖酉八刀
杢	木工
蚫	虫包
嵱	山穴人口
刱	井刀八
槷	坴丸木
搹	扌鬲
攇	扌宀丰罒心
麶	麥离
磪	石山隹
蜠	虫圍禾
蜁	虫𠂉疋
馦	禾日兼
筡	⺮余
觡	𠂊用夂口
駂	匕十馬
濴	氵火火冖水
鳵	乙十鳥
螴	阝東虫
葋	王艹王勹口
柖	木召
趹	足夬
嶜	山旡旡日
矏	目自穴方
顉	金頁
鮴	魚亻木
謯	言虎且
熉	火口貝
蟗	一中冖出虫
趪	走黄
髱	長彡包
揨	扌亠口冖丁
鼖	十艹士口䒑支
蕵	艹夕食
萒	艹亠八厶儿
醗	酉癶二儿
蜲	虫禾女
蟤	虫巽
嘾	口西日十
踃	足小月
稫	禾一口田
觷	臼乂乂冖𠂊用
鼥	鼠犮
鼤	鼠文
跾	攸足
鳹	今鳥
瓫	八刀瓦
逓	⻌𠂆二巾
胅	月失
庰	广并
炌	火介
灗	氵虫亠圍口日一
鶌	尸出鳥
橉	木米舛
飺	止匕食
鱁	魚⻌豕
鰫	魚穴人口
圫	土丿七
鵱	坴鳥
鬗	長彡㒼
觢	丰刀𠂊用
兞	十口儿毛
鞊	革士口
榰	木老日
栜	木木冂
螹	虫車斤
齥	齒曳
囆	口萬虫
躨	足夔
嗋	口三（力）月
嶱	山艹曷
睔	目亼冊
聟	矢口耳
鷮	喬鳥
鼣	鼠犬
傮	亻一曲日
皏	白并
鵗	乂𠂇巾鳥
瞂	盾犮
瓝	瓜勹丶
猏	犭戶月
臇	月隹冂凵
鷷	丷酉寸鳥
恞	忄大弓
涆	氵日干
褅	衤帝
顄	函頁
鳭	刀鳥
翨	习习是
跇	足世
甖	貝貝瓦
嶬	山羊我
鼲	鼠冖車
飶	食必
鱞	魚睘
痯	疒宀㠯
趓	走几木
驨	馬山隹冏
摏	扌𡗗臼
韇	革賣
茦	艹木冂
鷋	艹余鳥
萲	艹爪一𠂇又
醥	酉西示
軯	車平
輷	車勹言
蜬	虫函
踥	足立女
鄵	三（口）木阝
睼	目是
嶟	山丷酉寸
眑	目幺力
揫	禾火手
筄	⺮兆
僁	亻釆心
貜	豸目目隹又
猣	犭乂凵八夂
鱢	魚三（口）木
頯	䏑廾頁
謞	言高
竏	立千
麜	鹿西木
麔	鹿夂卜口
顅	戶月頁
裷	衤半卩
鵋	己心鳥
婟	女圍十口
茥	艹圭
矹	石兀
汆	人水
膆	月龶糸
憴	忄黽
欯	士口欠
塓	土冖日亠八
聇	耳正
馽	馬中
醹	酉雨而
蚲	虫平
蜐	虫土厶力
蟘	虫亻弋貝
蜦	虫亼冊
矔	目艹口口隹
幭	巾𦭝戍
嵷	山從
峉	山夂口
嶡	山厂屰欠
毰	毛立口
傚	亻亠八乂攵
屔	丘尸匕
朡	月乂凵八夂
鷛	庸鳥
瀔	氵士冖一禾殳
渳	氵弓耳
覕	必見
嬓	女白方攵
垘	土亻犬
蝁	亞虫
梇	木王廾
鄟	專阝
痝	疒尨
殱	一夕𢦏韭
鶈	妻鳥
邞	夫阝
趥	走丷酉
镺	長夭
駍	馬平
驠	馬燕
搚	扌三（力）月
歕	十艹貝欠
蒬	艹冖兔
鷘	束攵鳥
楾	木白水
槉	木疒矢
齴	齒立丿彡
蝬	虫乂凵八夂
蝑	虫疋月
嘕	口焉
謈	日共言
鷜	婁鳥
嵑	山曷
岤	山穴
峐	山亥
鴔	乏鳥
鎒	金辰寸
觤	𠂊用𠂊厂卩
觙	𠂊用及
誙	言巠
鶙	帝鳥
塺	麻土
庱	广夌
懤	忄士㇕工一口寸
糔	米蚤
煔	火火卜口
瀖	氵雨隹
祒	示召
蠿	幺幺二幺幺丨虫虫
隤	阝中一貝
糱	屮𠂤辛米
玤	王丰
枦	木戶
蜙	虫木公
釼	金刀丶
颬	風牙
戃	忄【尚】黑
寋	【寒】卩
轖	車嗇
檹	木方𠂉大可
鴮	大亏鳥
矺	石丿七
匷	匚目目隹
刞	且刂
眱	目大弓
龤	龠匕匕白
艪	舟魚日
臐	月熏
膱	月戠
惾	忄乂凵八夂
灖	氵麻非
鼊	尸口辛黽
弴	弓亠口子
彏	弓目目隹又
蜄	虫辰
鴩	失鳥
蛗	𠂤虫
兛	十口儿千
韄	革艹隹又
蒫	艹差
轈	車巛果
裻	上小又衣
螔	虫虒
噊	口矛冏
雂	今隹
躗	行韋足
鐀	金中一貝
鵌	鳥余
殶	主殳
麡	鹿齊
醟	火火冖酉
濭	氵艹土厶皿
濦	氵爪工彐心
襷	衤與手
朾	木丁
餪	食而大
怬	忄四
蒆	艹工凡女
鞃	革弓厶
菣	艹臣又
蔩	艹寅
葈	艹厶口木
蛷	虫求
蚙	虫今
嘝	口𠂊用斗
岯	山不一
缿	缶后
斔	文虫臼人
剆	丶艮刂
旞	方𠂉⻌丷豕
熐	火冖日亠八
郼	韋阝
憵	尸口辛心
顟	习习人彡頁
縜	糸口貝
鴢	幺力鳥
攗	扌鹿米
柫	木弗
踕	足一彐止
嘳	口中一貝
趀	走丿乚亻
珱	王⺍女
藣	艹罒能
欘	木尸水蜀
袃	七刀衣
螶	巨虫虫
顪	止戊一𣥂頁
齺	齒芻
翢	用口习习
峷	山辛
岮	山宀匕
爂	臼同冖火
豼	豸匕匕
鰖	魚左月
毈	卯丶丶厂三殳
觓	𠂊用丩
鷾	立日心鳥
罋	亠乡隹缶
觠	半𠂊用
襳	衤韱
赶	走干
蜸	臣又虫
饙	食十艹貝
鎎	金气米
獛	犭菐
謕	言虒
鞂	革禾
藗	艹⻌束欠
鷣	西日十鳥
鷢	厂屰欠鳥
蝛	虫戊一女
蝹	虫日皿
鷤	單鳥
揱	小月刂手
昲	日弗
遾	⻌⺮巫
筺	⺮匚王丶
鼺	鼠三（田）
斞	臼人斗
谾	八人口穴工
膟	月亠幺𠁼十
烶	火廷
韟	韋白大十
瞇	目⻌米
槃	舟殳木
蓾	艹卜圍乂
藃	艹高欠
鷅	西木鳥
霵	雨口耳戈
蟔	虫黑
蠷	虫目目隹
齻	齒真
贆	貝三（犬）
髍	骨麻
顝	骨頁
刉	乞刂
衈	血耳
譇	言大者
黀	麻耳又
麠	鹿三田田
瀢	氵⻌中一貝
漇	氵彳止止
鶟	穴犬鳥
屖	尸辛
苬	艹圍人
駷	馬束
裚	扌斤衣
轛	車业羊寸
蠜	乂乂木木大虫
礝	石雨而
豟	豕戶乙
砨	石戶乙
欳	卜冊欠
顋	田心頁
峅	山厶廾
鼭	鼠土寸
倇	亻宀夕卩
鵵	兔鳥
螷	广卑虫
襓	衤堯
幦	尸口辛巾
鶅	巛田鳥
鴘	厶廾鳥
蝫	虫者
曭	日小冖黑
簢	⺮門文
艀	舟爪子
瀩	氵禾几頁
祐	示𠂇口
馯	馬干
騥	馬矛木
揯	扌忄亙
薂	艹白方攵
遳	⻌艹坐
轚	車凵殳車
欈	木山隹冏
橳	木月半力
虪	虎攸黑
蝭	虫是
蝖	虫宀二日
躤	足艹耒昔
氁	毛莫
貏	豸卑
魻	魚甲
浶	氵宀牛
祪	示𠂊厂卩
鉹	金夕夕
譋	言門月
雈	卜卜隹
燅	坴火火
騹	馬堇
攌	扌圍睘
菞	艹禾丿刀
橨	木十艹貝
榽	木爪幺大
骿	骨并
齂	自田丌隶
鶞	盾鳥
貗	豸婁
讄	言三（田）
旝	方𠂉會
瀱	氵罒厂火火刂
鄈	癶天阝
蝞	虫尸目
饇	食匚三（口）
戄	忄目目隹又
孷	未攵厂子
焣	耳又灬
驈	馬矛冏
蘳	艹黄圭
蕱	艹禾小月
楈	木疋月
跠	足大弓
暆	日方𠂉也
黭	黑亼口廾
螸	八人口欠虫
貄	豸聿
貀	豸出
鱹	魚艹口口隹
觲	𠂊用羊牛
頝	亠八乂頁
廜	广尸者
窑	穴缶
弤	弓氐
鉠	金冂大
鮵	魚丷口儿
騴	馬日宀女
擨	扌虒欠
攐	扌【寒】衣
橶	木十日十戈
鵫	卓鳥
岟	山冂大
犣	牛巤
穙	禾菐
鵴	勹米鳥
謒	言倉
麙	鹿戊一口
毲	叕毛
蚸	虫斥
殥	一夕寅
皾	賣皮
镽	長一火日小
驆	馬畢
萰	艹柬
蓌	艹坐夂
榹	木虒
蹥	足⻌車
簎	⺮扌昔
謘	言尸辛
袬	衣厶口
糫	米睘
籸	米乙十
韕	韋亠口子
縚	糸爪臼
鳿	王鳥
歋	虒欠
諚	言宀𤴓
紎	糸犬
絼	糸豸
螼	虫堇
歶	止匕禺
蠌	虫睪
嚽	口敖貝
踓	足隹
簅	⺮立丿生
鼨	鼠冬
衒	行亠幺
鱶	魚羊丶艮
譣	言僉
韲	齊韭
鵧	并鳥
甐	米舛瓦
裍	衤圍木
緧	糸丷酉
蜵	虫𣶒
鸍	爾鳥
瓋	王⻌啇
豱	豕日皿
顊	𠂤十頁
鷎	白大十鳥
鸙	龠鳥
餯	食彑豕
鮬	魚大亏
譨	言曲辰
濻	氵阝中一貝
鴾	厶牛鳥
听	口斤
柠	木宀丁
賟	貝典
猬	犭田月
猎	犭昔
疴	疒可
凄	冫妻
疱	疒包
遡	⻌屰月
糇	米侯
攳	支彐工口寸
蘌	艹彳卸示
虃	艹氵韱
椁	木亠口子
蟙	虫戠
郹	目犬阝
毤	八厶儿毛
貁	豸穴
猑	犭日匕匕
鶛	匕匕白鳥
竀	穴正見
蛝	虫艮
貕	豸爪幺大
魱	魚一彑
鮤	一夕刂魚
鬞	長彡曲辰
蕮	艹舄
蹗	足鹿
貾	貝氐
痚	疒孝
溛	氵穴瓜
疀	巛田一彐止
榩	木虎文
笻	⺮工卩
靗	青光
攓	扌【寒】足
靲	革今
麧	麥乞
瞝	目离
犥	牛鹿灬
瓾	禾女瓦
觾	𠂊用燕
羳	羊釆田
韗	韋冖車
鷵	尸者鳥
鞪	矛攵革
桏	木工阝
胊	月勹口
藆	艹【寒】手
豯	豕爪幺大
箈	⺮氵厶口
郺	夕夕巛口巴
涄	氵由丂
鵳	戶月鳥
鶔	矛木鳥
蔰	艹戶口巴
迺	⻌西
鶐	⻌术鳥
蝆	虫卜卜キ
蜭	虫𠂊臼
賌	亥貝
瘱	疒夾心
蠤	丷酉虫虫
軝	車氏
蹪	足中一貝
郻	目乚巛阝
欨	勹口欠
覢	火火見
窲	穴米斗
翇	习习犮
孈	女山隹冏
鼰	鼠貝
蘮	艹罒厂火火刂
毻	左月毛
蝔	虫匕匕白
蠗	虫习习隹
銔	金不十
旚	方𠂉西示
虇	艹弓艹口口隹
鶜	艹矛鳥
蟡	虫爲
襺	衤艹冂糸丨虫
鰬	魚虎文
蘛	艹甚𠫓月
桙	木厶牛
雓	余隹
讂	言敻
轏	車尸三（子）
蛵	虫巠
齤	半齒
酟	酉卜口
嶩	山曲辰
鱋	魚虚
痻	疒氏日
瓲	瓦屯
霤	雨卯田
祼	示果
踍	足孝
蹳	足癶弓殳
矎	目敻
餰	食行氵
痺	疒卑
蛶	虫爪寸
踙	足耳又
羷	羊僉
窏	穴氵于
縯	糸寅
証	言正
晋	晋
騣	馬乂凵八夂
惷	𡗗日心
藱	艹疒鬼
踂	足耳乚
酁	毚阝
冮	冫工
羦	羊宀一兀
壾	士口䒑巨
殔	一夕隶
臙	月燕
篲	⺮丰丰彐
鴈	厂亻鳥
藚	艹賣
鷻	鳥亠口子攵
眦	目止匕
亘	二日
甪	丿用
蔆	艹氵夌
姪	女至
壼	士冖亞
踫	足並
痴	疒矢口
砲	石包
珮	王【鳳】巾
駮	馬亠八乂
鄻	夫夫車阝
舗	人土口甫
﨑	山竒
叙	余又
离	离
痲	疒十儿十儿
綉	糸禾乃
虱	乙丿虫
籥	⺮龠
繙	糸釆田
揹	扌北月
滚	氵衣公
玅	亠幺小丿
玆	亠幺亠幺
攷	丂攵
査	木且
昵	日尸匕
屉	尸世
倣	亻方攵
觝	𠂊用氐
蜺	虫臼儿
釬	金干
嬭	女爾
无	无
与	与
样	木羊
国	圍王丶
吨	口屯
户	戶
巩	工凡
却	土厶卩
担	扌日一
撑	扌【尚】手
携	扌隹乃
抬	扌厶口
栀	扌𠂋卩
构	木勹厶
贋	厂亻隹貝
医	匚矢
蝎	虫曷
虮	虫几
咏	口永
踪	足宀示
叹	口又
网	网
冈	冂乂
岭	山令
复	𠂉日夂
笋	⺮尹
偬	亻匆心
众	三（人）
脚	月土厶卩
胆	月日一
庄	广土
凉	冫亠口小
决	冫夬
恒	忄二日
潜	氵夫夫日
汹	氵乂凵
袜	衤一木
宫	宀吕
幂	冖日大巾
卺	㇕水一卩
异	巳廾
壜	土日雨二厶
韆	革⻌䙴
苁	艹从
栅	木册
虬	虫乚
吕	吕
咤	口宀丿七
罎	缶日雨二厶
秆	禾干
鼹	鼠日宀女
隽	隹乃
腭	月口口亏
删	册刂
胶	月亠八乂
鰌	魚丷酉
籼	米山
泞	氵宀丁
姗	女册
耤	耒昔
耑	山而
苺	艹母
崳	山俞
譆	言士口䒑口
扰	扌尤
芜	艹无
芦	艹戶
碱	石戊一口
奋	大田
厩	厂艮旡
邮	由阝
毁	臼工殳
体	亻木一
优	亻尤
犹	犭尤
肮	月亠几
凑	冫𡗗天
痒	疒羊
烛	火虫
怜	忄令
惊	忄亠口小
羡	羊次
洁	氵士口
垦	艮土
竪	臣又立
篱	⺮离
胇	月弗
灯	火丁
粧	米广土
鑵	金艹口口隹
媮	女俞
舋	臼同冖且
橱	木厂豆寸
减	冫戊一口
耻	耳止
忾	忄气
厨	厂豆寸
蹰	足厂豆寸
凛	冫亠圍口示
奬	爿䏑寸大
搥	扌⻌𠂤
薴	艹宀心皿丁
叡	卜冖一八人目又
耡	耒且力
饟	食衣口口甘
欸	厶矢欠
厦	厂𦣻夂
厮	厂其斤
亲	立木
届	尸由
瑯	王丶艮阝
鶏	爪夫鳥
瘉	疒俞
鱫	魚爪冖心夂
袪	衤土厶
餬	食十口月
煖	火爪一𠂇又
埼	土大可
楄	木戶冊
殽	乂𠂇月殳
珐	王土厶
徬	彳旁
鉆	金卜口
琎	王⻌井
蹠	足广廿灬
腘	月圍王丶
釆	釆
摀	扌烏
碶	石丰刀大
厢	厂木目
厠	厂貝刂
籴	人米
忧	忄尤
伕	亻夫
禀	亠圍口示
幵	干干
眞	眞
繈	糸強
埜	木木土
疍	疋日一
説	言丷口儿
詻	言夂口
鼇	敖黽
嵒	三（口）山
餽	食鬼
粏	米大丶
叠	三（又）冖且
湣	氵民日
俵	亻表
开	开
录	彐水
献	十冂半犬
园	圍一兀
杀	乂木
卬	卬
寻	彐寸
邓	又阝
茍	卜卜勹口
吓	口下
彔	彑水
瓖	王衣口口甘
挶	扌尸㇆口
菫	艹一口丰
偪	亻一口田
僣	亻夫夫日
沨	氵风
栒	木勹日
鐎	金隹灬
萹	艹戶冊
嘡	口【尚】土
譔	言巽
殰	一夕賣
撦	扌大者
箄	⺮卑
鎯	金丶艮阝
餈	次食
溇	氵婁
缐	糸白水
触	𠂊用虫
梽	木士心
媭	彡页女
敩	⺍冖子攵
峃	⺍冖山
栐	木永
訢	言斤
勣	龶貝力
拃	扌乍
櫂	木习习隹
閲	門丷口儿
偽	亻爲
鎷	金馬
搾	扌穴乍
槜	木隹乃
蹾	足亠口子攵
鐏	金丷酉寸
顔	立丿彡頁
权	木又
杂	九木
丽	一冂丶冂丶
垯	土⻌大
币	丿巾
仅	亻又
澛	氵魚日
沟	氵勹厶
灵	彐火
叇	二厶⻌隶
萚	艹扌又キ
翙	山夕习习
箓	⺮彐水
偺	亻夂卜日
鏆	金毌貝
浕	氵尽
媿	女鬼
茧	艹虫
杧	木亡
鰙	魚艹𠂇口
鯎	魚戊㇆
怀	忄不
濬	氵卜冖一八目
汈	氵㇆一
塆	土亦弓
摃	扌工貝
蒅	艹氵九木
蟺	虫亠圍口日一
洟	氵大弓
睍	目見
佪	亻圍口
澂	氵𢽠
彊	弓三田田
﨟	艹月曷
蓢	艹丶艮月
酛	酉一兀
䶮	龍天
圙	圍八面
蹽	足一火日小
峧	山亠八乂
箠	⺮垂
儸	亻罒糸隹
剉	坐刂
鳤	魚⺮宀㠯
魞	魚人
褎	衣𠀉禾
濹	氵黒土
婫	女日匕匕
絺	糸乂𠂇巾
袰	母衣
扺	扌氏
茓	艹穴
㭎	木冂乂
柽	木又土
硔	石共
蹻	足喬
啗	口𠂊臼
昙	日二厶
崠	山東
积	禾口八
敌	舌攵
侚	亻勹日
鈇	金夫
銶	金求
魹	魚毛
浬	氵里
絶	糸𠂊巴
鬶	夫見鬲
壈	土亠圍口禾
块	土夬
毮	扌小丿毛
挘	扌小丿力
薳	艹⻌土口𧘇
薭	艹禾卑
桛	木上下
橦	木立里
鶍	日勿鳥
峂	山冬
籡	⺮扌僉
䅟	禾厶大彡
劄	⺮亼口刂
卽	白匕卩
㑇	亻𠂊彐
鱪	魚日者
鱛	魚曾
匋	勹缶
鱜	魚鄉
庼	广匕页
滧	氵亠八乂攵
襅	衤畢
屝	尸非
嗧	力口亼冊
紬	糸由
嚮	鄉向口
殻	士冖几殳
搆	扌甘冂土
搯	扌爪臼
挌	扌夂口
棊	其木
棡	木𦉰山
噚	口彐工口寸
瞜	目婁
筴	⺮夾
餔	食甫
餗	食束
舘	亼十口宀㠯
鑪	金虎田皿
备	夂田
謡	言爪缶
詶	言⺍川
訑	言也
痳	疒木木
关	䒑大
忏	忄千
汍	氵丸
溈	氵爲
队	阝人
緑	糸彐水
墫	土丷酉寸
鶄	青鳥
騧	馬咼
駃	馬夬
撢	扌西日十
撝	扌爲
㧐	扌又又
鷰	廿口北鳥
懃	堇力心
䓬	艹卓
䓖	艹穴力
蘗	艹尸口辛木
鶒	束力鳥
軏	車兀
輗	車臼儿
軨	車令
㰀	木禾丿刀人水
楙	木矛木
碕	石大可
囓	口丰刀止齒
啣	口卸
㘎	口门敢
僊	亻䙴
㿠	白光
儁	亻隹冂凵
鎗	金倉
貙	豸匚三（口）
貍	豸里
録	金彐水
鐍	金矛冏
䏝	月专
鱰	魚罒者
鮸	魚免
鮟	魚宀女
譊	言堯
諰	言田心
譅	言刀丶刀丶止止
旛	方𠂉釆田
凅	冫圍十口
㤘	忄𠂊彐
鸂	氵爪幺大鳥
宪	宀先
㮣	艮旡木
勦	巛果力
纁	糸熏
婬	女爪壬
毌	毌
现	王見
个	个
说	言丷口儿
为	爲
没	氵殳
这	⻌文
对	又寸
发	发
两	两
项	工页
专	专
来	来
动	二厶力
长	長
联	耳䒑大
帮	丰阝巾
热	扌丸灬
拨	扌发
带	艹丨冖巾
节	艹卩
标	木示
横	木黄
龙	龍
页	页
顾	厂卩页
车	車
区	匚乂
暂	車斤日
轨	車九
软	車欠
点	卜口灬
旧	丨日
齿	齒
别	另刂
员	口贝
吗	口馬
时	日寸
业	业
当	小彐
电	申
贱	贝戋
败	贝攵
内	内
贩	贝反
见	見
赔	贝立口
县	且厶
税	禾丷口儿
气	气
传	亻专
顺	川页
们	亻门
伪	亻爲
会	人二厶
领	令页
从	从
镇	钅真
须	彡页
钱	钅戋
钻	钅卜口
钢	钅冂乂
铁	钅失
铬	钅夂口
胀	月長
腻	月弋二贝
独	犭虫
肿	月中
风	风
脱	月丷口儿
鱼	魚
条	夂木
乐	乐
争	争
鸟	鳥
讲	言井
让	言上
调	言用口
齐	齊
诉	言斥
设	言殳
该	言亥
变	亦又
装	爿士衣
闻	门耳
闭	门才
问	门口
间	门日
门	门
将	爿夕寸
应	广⺍一
疗	疒了
废	广发
类	米大
炼	火七㇆八
总	丷口心
单	单
粮	米丶艮
数	婁攵
洒	氵西
滤	氵虎心
测	氵贝刂
学	⺍冖子
汉	氵又
泼	氵发
宽	宀艹見
军	冖車
补	衤卜
审	宀申
实	宀头
马	馬
层	尸二厶
颇	皮页
观	又見
难	又隹
验	馬佥
买	㇕头
骗	馬戶冊
张	弓長
阳	阝日
费	弗贝
办	力八
阴	阝月
习	习
弹	弓单
随	阝⻌𠂇月
红	糸工
续	糸十㇕头
纯	糸屯
细	糸田
组	糸且
统	糸𠫓儿
断	米乚斤
编	糸戶冊
经	糸㇕丶工
顸	干页
蚕	天虫
顶	丁页
鹉	武鳥
垩	亚土
严	一业丿
亚	亚
恶	亚心
画	画
残	一夕戋
殒	一夕口贝
歼	一夕千
殓	一夕佥
殁	一夕殳
殡	一夕宀兵
灭	一火
虿	万虫
迈	⻌万
坛	土二厶
墙	土土丷圍口
盐	土卜皿
韦	韦
颉	士口页
埘	土日寸
坝	土贝
趱	走先先贝
进	⻌井
辇	夫夫車
规	夫見
赵	走乂
顽	一兀页
远	⻌一兀
趋	走𠂊彐
坟	土文
圹	土广
颊	夹页
夹	夹
郏	夹阝
壶	士冖业
壳	士冖几
声	士尸
韫	韦日皿
场	土𠃓
韬	韦爪臼
运	⻌二厶
玮	王韦
寿	丰寸
焘	丰寸灬
耢	耒艹冖力
环	王不
珑	王龍
顼	王页
琏	王⻌車
职	耳口八
璎	王贝贝女
责	龶贝
瑶	王爪缶
玑	王几
靓	青見
静	青争
麸	龶夂夫
𬍛	王乐
艳	丰𠂊巴
聪	耳丷口心
耧	耒婁
聍	耳宀丁
鬓	長彡宀兵
玛	王馬
聂	耳又又
抚	扌无
挟	扌夹
摄	扌耳又又
挝	扌⻌寸
捞	扌艹冖力
抴	扌世
拢	扌龍
挞	扌⻌大
拣	扌七㇆八
抠	扌匚乂
摅	扌虎心
损	扌口贝
挡	扌小彐
摆	扌罒土厶
拥	扌用
攒	扌先先贝
捡	扌佥
抡	扌人匕
抢	扌人卩
摇	扌爪缶
垫	扌丸土
蛰	扌丸虫
挚	扌丸手
执	扌丸
抛	扌九力
絷	扌丸糸
撸	扌魚日
换	扌奂
搀	扌免⺀
挣	扌争
挤	扌齊
过	⻌寸
扩	扌广
扪	扌门
搁	扌门夂口
掷	扌䒑大阝
搂	扌婁
㧟	扌氵匚
搅	扌⺍冖見
拧	扌宀丁
挥	扌冖車
撺	扌穴中中
护	扌戶
摈	扌宀兵
扫	扌彐
摊	扌又隹
扬	扌𠃓
报	扌卩又
掺	扌厶大彡
拟	扌厶人
荚	艹夹
苇	艹韦
苌	艹長
协	十力八
鞯	革艹【在】子
蔷	艹土丷圍口
茏	艹龍
荙	艹⻌大
载	𢦏車
莲	艹⻌車
莴	艹呙
颧	艹口口隹页
𦭜	艹口八
莳	艹日寸
蓝	艹刂𠂉丶皿
黄	黄
蓦	莫馬
蔂	艹田糸
苘	艹冋
贳	世贝
颠	真页
苋	艹見
荞	艹乔
蔹	艹佥攵
获	艹犭犬
茑	艹鳥
藷	艹言者
蔼	艹言曷
𬜬	艹门口
蔺	艹门隹
蒋	艹爿夕寸
丧	土丷𧘇
啬	土丷圍口
蕲	艹单斤
荡	艹氵𠃓
苎	艹宀一
茔	艹冖土
莹	艹冖王丶
荣	艹冖木
荤	艹冖車
萤	艹冖虫
营	艹冖吕
荥	艹冖水
蓥	艹冖金
荧	艹冖火
劳	艹冖力
萦	艹冖糸
茎	艹㇕丶工
萧	艹肃
卖	十㇕头
艺	艹乙
荪	艹子小
苏	艹力八
荫	艹阝月
萨	艹阝立丿
蕴	艹糸日皿
药	艹糸勹丶
飘	西示风
杇	木亏
枨	木長
樯	木土丷圍口
栉	木艹卩
梦	木木夕
颥	雨而页
桮	木不口
栊	木龍
雳	雨厂力
栋	木七小
栈	木戋
枢	木匚乂
梿	木⻌車
梱	木圍木
档	木小彐
贾	西贝
枧	木見
枣	木冂⺀
桥	木乔
酰	酉先
霉	雨每
检	木佥
枪	木人卩
枫	木风
橹	木魚日
赖	束𠂊贝
榇	木立木
霁	雨齊
术	术
酿	酉丶艮
桩	木广土
榈	木门吕
楼	木婁
槟	木宀兵
树	木又寸
棂	木彐火
椭	木阝𠂇月
杨	木𠃓
厅	厂丁
厉	厂万
压	厂土丶
硖	石夹
砖	石专
夺	大寸
硕	石页
厌	厂犬
砗	石車
奁	大匚乂
𬒔	石止月
还	⻌不
碍	石㝵
厕	厂贝刂
砚	石見
垄	龍土
砻	龍石
詟	龍言
赝	厂亻隹贝
矶	石几
砜	石风
飙	三（犬）风
袭	龍衣
态	大丶心
矿	石广
牵	大冖牛
码	石馬
历	厂力
础	石出
轩	車干
辆	車两
辕	車土口𧘇
贰	弋二贝
转	車专
辄	車耳乚
连	⻌車
轰	車又又
轧	車乚
辅	車甫
颐	臣页
尧	尧
翘	尧习习
轾	車至
卧	臣卜
轳	車卜尸
辑	車口耳
匮	匚中一贝
轵	車口八
轴	車由
东	七小
辊	車日匕匕
辋	車𦉰亡
盏	戋皿
轿	車乔
轷	車乎
输	車俞
辁	車人王
殴	匚乂殳
轮	車人匕
堑	車斤土
錾	車斤金
鸦	牙鳥
较	車亠八乂
辙	車𠫓月攵
辘	車鹿
辚	車米舛
辖	車宀丰口
轻	車㇕丶工
辗	車展
轺	車召
轫	車刀丶
顿	屯页
辎	車巛田
蛱	虫夹
龉	齒五口
螨	虫艹两
螮	虫帶
蛲	虫尧
龇	齒止匕
战	卜口戈
蝇	虫黾
蜗	虫呙
卤	卜圍乂
蛳	虫刂一巾
频	止𣥂页
虚	虚
蛊	虫皿
贞	卜贝
蚬	虫見
龄	齒令
赀	止匕贝
蜕	虫丷口儿
蝉	虫单
虑	虎心
蛏	虫又土
颅	卜尸页
龌	齒尸至
卢	卜尸
蚂	虫馬
虏	虎力
吴	吴
哑	口亚
贵	中一贝
围	圍韦
踌	足丰寸
啧	口龶贝
唛	口龶夂
蹑	足耳又又
𠳐	口丰阝
团	圍才
蹒	足艹两
喷	口十艹贝
躏	足艹门隹
呓	口艹乙
嗹	口⻌車
咙	口龍
哒	口⻌大
𠮟	口七
跷	足尧
践	足戋
呕	口匚乂
嘘	口虚
啮	口齒
虽	口虫
颚	口口亏页
圆	圍口贝
骂	口口馬
黾	黾
呗	口贝
啰	口罒夕
郧	口贝阝
跃	足夭
躜	足先先贝
响	口向口
哗	口华
囵	圍人匕
呛	口人卩
嗳	口爪冖𠂇又
叽	口几
鹃	口月鳥
噜	口魚日
唤	口奂
图	圍冬
鸣	口鳥
跻	足齊
踯	足䒑大阝
喽	口婁
咛	口宀丁
蹿	足穴中中
吣	口心
嘱	口尸禹
啸	口肃
哟	口糸勹丶
题	是页
师	刂一巾
韪	是韦
𬀩	日韦
畴	田丰寸
颗	果页
晒	日西
昽	日龍
辉	光冖車
辈	非車
晓	日尧
鸭	甲鳥
显	日业
帅	刂巾
𬀪	日見
临	刂𠂉丶口丨
监	刂𠂉丶皿
览	刂𠂉丶見
鉴	刂𠂉丶金
晔	日华
尘	小土
暧	日爪冖𠂇又
鶗	是鳥
旷	日广
邺	业阝
凿	业半凵
尝	小冖二厶
晕	日冖車
赏	【尚】贝
归	刂彐
贤	刂又贝
肾	刂又月
竖	刂又立
紧	刂又糸
畅	申𠃓
赋	贝武
赇	贝求
屿	山与
峡	山夹
罢	罒土厶
帱	巾丰寸
帐	巾長
账	贝長
帻	巾龶贝
财	贝才
瞒	目艹两
巅	山真页
嵘	山艹冖木
赎	贝十㇕头
赙	贝甫寸
颛	山而页
眬	目龍
贿	贝𠂇月
鸯	冂大鳥
贼	贝戈𠂇
岽	山七小
岖	山匚乂
崭	山車斤
贴	贝卜口
帧	巾卜贝
帜	巾口八
贶	贝口儿
刚	冂乂刂
赐	贝日勿
幞	巾菐
岿	山刂彐
𪾢	目見
婴	贝贝女
峤	山乔
贝	贝
赌	贝者
则	贝刂
赂	贝夂口
岚	山风
岁	山夕
睁	目争
购	贝勹厶
罚	罒言刂
赃	贝广土
赠	贝曾
赕	贝火火
赚	贝兼
髅	骨婁
贮	贝宀一
髋	骨宀艹見
髌	骨宀兵
峄	山又キ
瞩	目尸禹
赆	贝尽
剀	山己刂
觊	山己見
凯	山己几
岂	山己
悬	且厶心
丢	丿土厶
筹	⺮丰寸
箨	⺮扌又キ
穑	禾土丷圍口
迁	⻌千
犊	牛十㇕头
笼	⺮龍
乔	乔
箧	⺮匚夹
笺	⺮戋
毡	毛卜口
乱	舌乚
鹄	牛口鳥
篮	⺮刂𠂉丶皿
笕	⺮見
笔	⺮毛
签	⺮佥
秃	禾几
頽	禾几頁
颓	禾几页
称	禾尔
赞	先先贝
选	⻌先
稳	禾𠂊彐心
鹅	我鳥
辞	舌辛
简	⺮门日
篓	⺮婁
氢	气㇕丶工
箫	⺮肃
笃	⺮馬
笾	⺮⻌力
俩	亻两
粤	向米亏
侠	亻夹
伟	亻韦
伥	亻長
债	亻龶贝
偾	亻十艹贝
牍	片十㇕头
鸺	亻木鳥
侥	亻尧
贷	亻弋贝
舆	臼車𠔀
躯	身匚乂
侦	亻卜贝
俣	亻吴
侣	亻吕
侧	亻贝刂
伣	亻見
皑	白山己
侨	亻乔
赁	亻壬贝
伤	亻𠂉力
俭	亻佥
伦	亻人匕
华	华
倾	亻匕页
货	亻匕贝
储	亻言者
侪	亻齊
奥	向米大
鹪	隹灬鳥
偻	亻婁
伫	亻宀一
傧	亻宀兵
侬	亻冖𧘇
傩	亻又隹
亿	亻乙
龛	亼口龍
剑	佥刂
敛	佥攵
刽	人二厶刂
饵	食耳
仓	人卩
馕	食一中冖口口甘𧘇
馍	食莫
馓	食散
饽	食十冖子
弑	乂木弋工
刹	乂木刂
饶	食尧
饯	食戋
彻	彳七刀
饨	食屯
衔	行钅
馈	食中一贝
馄	食日匕匕
饪	食壬
饫	食夭
饿	食我
饰	食𠂉巾
饬	食𠂉力
饷	食向口
馊	食叟
丛	从一
耸	从耳
怂	从心
爷	八乂卩
饭	食反
馁	食爪女
饥	食几
馋	食免⺀
馅	食𠂊臼
饮	食欠
仑	人匕
馏	食卯田
饱	食包
颔	今口页
贪	今贝
伞	人丷十
饼	食并
馐	食羊丑
邻	令阝
馆	食宀㠯
蚀	食虫
饲	食司
颁	八刀页
戗	人卩戈
创	人卩刂
贫	八刀贝
饧	食𠃓
颂	公页
饴	食厶口
钘	钅开
钉	钅丁
铐	钅考
𫓯	钅圭
铼	钅来
锗	钅者
铑	钅老
铗	钅夹
钍	钅土
铸	钅丰寸
铒	钅耳
𬬮	钅長
锖	钅青
钰	钅王丶
镊	钅耳又又
钳	钅甘
𫓹	钅其
针	钅十
锘	钅艹𠂇口
钴	钅十口
错	钅昔
质	质
镬	钅艹隹又
𫟹	钅共
钵	钅木一
铺	钅甫
𬭊	钅木土
镭	钅雨田
𬬸	钅术
锛	钅奔
钚	钅不
铕	钅𠂇月
钛	钅大丶
镣	钅一火日小
𫟼	钅⻌大
钹	钅犮
铚	钅至
铙	钅尧
钷	钅匚口
𬬩	钅弋
铖	钅戊㇆
铽	钅弋心
链	钅⻌車
钜	钅巨
铘	钅牙阝
钺	钅戉
钋	钅卜
舻	舟卜尸
锃	钅呈
铟	钅圍大
锢	钅圍十口
钟	钅中
铝	钅吕
锅	钅呙
𫓶	钅口月
钽	钅日一
锂	钅里
钊	钅刂
锞	钅果
钿	钅田
锁	钅小贝
钞	钅小丿
销	钅小月
锡	钅日勿
镤	钅菐
镗	钅【尚】土
铛	钅小彐
铜	钅同
盘	舟皿
钠	钅内
钡	钅贝
舰	舟見
钼	钅目
锄	钅且力
钎	钅千
锇	钅我
锆	钅牛口
锺	钅重
锸	钅千臼
铣	钅先
锹	钅禾火
锈	钅禾乃
锻	钅厂三殳
锽	钅白王
钏	钅川
镍	钅自木
锥	钅隹
铂	钅白
锦	钅白巾
镌	钅隹乃
铨	钅人王
𬬱	钅斤
铩	钅乂木
锉	钅坐
钤	钅今
铃	钅令
舱	舟人卩
锾	钅爪一𠂇又
钐	钅彡
锨	钅斤欠
钣	钅反
钒	钅凡
铅	钅㕣
钥	钅月
锋	钅夂丰
铭	钅夕口
镥	钅魚日
铆	钅卯
钦	钅欠
钓	钅勹丶
钧	钅匀
铮	钅争
钩	钅勹厶
锌	钅辛
锫	钅立口
镜	钅立日儿
铈	钅市
铲	钅立丿
铱	钅衣
镑	钅旁
锒	钅丶艮
钫	钅方
锎	钅𫔭
钭	钅斗
镀	钅广廿又
镧	钅门柬
锏	钅门日
钔	钅门
锵	钅爿夕寸
镰	钅广兼
镁	钅羊大
鋭	金丷口儿
锐	钅丷口儿
镨	钅並日
钬	钅火
锬	钅火火
锑	钅弟
镂	钅婁
铫	钅兆
铴	钅氵𠃓
锭	钅宀𤴓
爱	爪冖𠂇又
镩	钅穴中中
铋	钅必
镔	钅宀兵
释	釆又キ
锯	钅尸十口
铍	钅皮
镅	钅尸目
银	钅艮
铌	钅尸匕
钗	钅又丶
𬬿	钅召
锰	钅子皿
镄	钅弗贝
钌	钅了
键	钅廴聿
铷	钅女口
锱	钅巛田
钕	钅女
钆	钅乚
𬭁	钅母
橥	犭者木
䏡	月示
肤	月夫
狭	犭夹
𦙶	月十口
胧	月龍
胨	月七小
胪	月卜尸
脶	月呙
腽	月日皿
狈	犭贝
猡	犭罒夕
犸	犭馬
脸	月佥
飓	风具
飕	风叟
飑	风包
鹏	月月鳥
狰	犭争
鸠	九鳥
狱	犭言犬
脐	月齊
脑	月亠乂凵
脏	月广土
犷	犭广
䲢	月半魚
鰧	月半魚
腾	月半馬
狞	犭宀丁
膑	月宀兵
脓	月冖𧘇
胫	月㇕丶工
胁	月力八
猕	犭弓尔
鲠	魚一日乂
鲡	魚一冂丶冂丶
鲆	魚平
鲑	魚圭
鲒	魚士口
鲮	魚夌
鳍	魚老日
䲠	魚𡗗日
鰆	魚𡗗日
鲭	魚青
鲰	魚耳又
鲯	魚其
鲼	魚十艹贝
鲽	魚世木
鹱	鳥艹隹又
鸨	匕十鳥
鳓	魚革力
鯆	魚甫
鳕	魚雨彐
鲕	魚而
顷	匕页
鲔	魚𠂇月
鱿	魚尤
鳜	魚厂屰欠
鲅	魚犮
鲢	魚⻌車
处	夂卜
鯱	魚虎
鲇	魚卜口
鲈	魚卜尸
鲴	魚圍十口
鲤	魚里
鲱	魚非
鳂	魚畏
鲳	魚日日
鳗	魚曼
尔	尔
鲲	魚日匕匕
鲁	魚日
迩	⻌尔
鳃	魚田心
鲣	魚刂又土
鳎	魚日习习
龟	龟
鲷	魚用口
鲖	魚同
奂	奂
鳏	魚眔
岛	鳥山
负	𠂊贝
觯	𠂊用单
稣	魚禾
颖	匕禾页
鳅	魚禾火
鲧	魚丿糸
鱮	魚與
鳇	魚白王
鲋	魚亻寸
鲌	魚白
鲵	魚臼儿
燄	𠂊臼火火
鷈	鳥虒
鳐	魚爪缶
凫	鳥几
毕	匕匕十
鲦	魚夂木
𬶋	魚勹口
鲍	魚包
贸	卯贝
鲚	魚齊
鲂	魚方
鲜	魚羊
鳟	魚丷酉寸
鳞	魚米舛
鳝	魚羊䒑口
鲩	魚宀一兀
鳊	魚戶冊
鸵	鳥宀匕
刍	𠂊彐
鲟	魚彐寸
鴃	鳥夬
鲏	魚皮
鲪	魚尹口
雏	𠂊彐隹
皱	𠂊彐皮
邹	𠂊彐阝
鲫	魚艮卩
鱽	魚刀
务	夂力
鸳	夕卩鳥
匀	匀
鱾	魚己
乌	烏
枭	鳥木
鲐	魚厶口
𬣙	言于
订	言丁
诃	言可
评	言平
诖	言圭
诗	言土寸
讧	言工
诘	言士口
诸	言者
诬	言巫
諸	言者丶
语	言五口
讳	言韦
诔	言耒
请	言青
诹	言耳又
亵	衣扌丸
讨	言寸
计	言十
谋	言甘木
谍	言世木
诺	言艹𠂇口
诂	言十口
谳	言十冂半犬
谎	言艹亡川
读	言十㇕头
谌	言甚
𬤇	言西土
谭	言西日十
谏	言柬
斋	文而
诼	言豕
诙	言𠂇火
试	言弋工
诓	言匚王
诫	言戈廾
讶	言牙
𬣡	言戋
讴	言匚乂
谮	言旡旡日
诚	言戊㇆
讵	言巨
讣	言卜
谑	言虎匚一
謼	言虎乎
误	言吴
颤	亠圍口日一页
识	言口八
赢	亡口月贝凡
诽	言非
刘	文刂
栾	亦木
课	言果
亩	亠田
蛮	亦虫
谩	言曼
谡	言田八夂
銮	亦金
诮	言小月
谓	言田月
弯	亦弓
诅	言且
诇	言冋
𫍣	言同
讪	言山
讷	言内
挛	亦手
许	言午
话	言舌
诰	言牛口
诛	言朱
颜	立丿彡页
诱	言禾乃
诲	言每
训	言川
谁	言隹
剂	齊刂
谯	言隹灬
謏	言叟
谕	言俞
诠	言人王
认	言人
谶	言韱
诊	言人彡
论	言人匕
义	丶乂
诟	言后
䜣	言斤
谣	言爪缶
诳	言犭王
讥	言几
颃	亠几页
讽	言风
诡	言𠂊厂卩
谗	言免⺀
询	言勹日
诣	言匕日
谄	言𠂊臼
谐	言匕匕白
诋	言氐
诌	言𠂊彐
鴗	立鳥
鸾	亦鳥
谅	言亠口小
谙	言立日
谚	言立丿彡
议	言丶乂
辩	辛言辛
谛	言帝
谤	言旁
访	言方
斓	文门柬
详	言羊
产	立丿
谥	言益
谫	言䒑月刂刀
谈	言火火
谜	言⻌米
谦	言兼
𬣞	言宀一
諠	言宀二日
诨	言冖車
谴	言⻌中一㠯
谊	言宀且
诧	言宀丿七
译	言又キ
诀	言夬
诐	言皮
诵	言龴用
𬣳	言艮
词	言司
讯	言乙十
诏	言召
诞	言廴丿止
讱	言刀丶
记	言己
诒	言厶口
娈	亦女
颏	亥页
辫	辛糸辛
庑	广无
疠	疒万
闺	门圭
瘗	疒夹土
闫	门三
冯	冫馬
痨	疒艹冖力
癞	疒束𠂊贝
阑	门柬
鹇	门木鳥
头	头
庆	广大
库	广車
阉	门大电
庞	广龍
状	爿犬
邝	广阝
阈	门戈口一
冻	冫七小
壮	爿士
阃	门圍木
闸	门甲
阊	门日日
闩	门一
闰	门王
痈	疒用
闲	门木
闽	门虫
訚	门言
闯	门馬
阀	门亻戈
鹰	疒亻隹鳥
瘪	疒自人匕
阋	门臼儿
闪	门人
疮	疒人卩
阌	门爪冖又
疯	疒风
桨	爿夕木
奖	爿夕大
浆	爿夕水
资	次贝
阎	门𠂊臼
癣	疒魚羊
净	冫争
闹	门市
闶	门亠几
阂	门亥
痫	疒门木
阅	门丷口儿
阐	门单
瘘	疒婁
阔	门氵舌
闼	门⻌大
庐	广戶
闷	门心
阕	门癶天
阚	门敢
瘫	疒又隹
疡	疒𠃓
瘾	疒阝𠂊彐心
疖	疒卩
妆	爿女
兰	䒑二
鲞	半魚
誊	半言
怅	忄長
鲝	羊魚
慑	忄耳又又
愤	忄十艹贝
懒	忄束𠂊贝
娄	婁
恹	忄厂犬
烦	火页
郑	䒑大阝
烧	火尧
怄	忄匚乂
惭	忄車斤
兑	丷口儿
兽	丷田一口
悭	忄刂又土
灿	火山
惧	忄具
恺	忄山己
养	羊氘
烨	火华
烃	火㇕丶工
烁	火乐
焕	火奂
恼	忄亠乂凵
悯	忄门文
焖	火门心
悦	忄丷口儿
惮	忄单
恽	忄冖車
烬	火尽
忆	忄乙
炀	火𠃓
鹈	弟鳥
递	⻌弟
惨	忄厶大彡
惯	忄毌贝
兹	䒑幺幺
举	兴キ
兴	兴
誉	兴言
𬇕	氵万
洼	氵圭
鸿	氵工鳥
浃	氵夹
𣲗	氵韦
涛	氵丰寸
沣	氵丰
渍	氵龶贝
滟	氵丰𠂊巴
滠	氵耳又又
满	氵艹两
滞	氵艹丨冖巾
潇	氵艹肃
泷	氵龍
沥	氵厂力
浇	氵尧
浅	氵戋
沤	氵匚乂
渐	氵車斤
㳚	氵戍
汇	氵匚
涟	氵⻌車
浈	氵卜贝
浊	氵虫
泸	氵卜尸
涠	氵圍韦
渑	氵黾
涡	氵呙
湿	氵日业
温	氵日皿
溅	氵贝戋
𬇙	氵贝
滗	氵⺮毛
渊	氵川米
潋	氵佥攵
沦	氵人匕
潴	氵犭者
鼗	兆士口䒑支
涤	氵夂木
涣	氵奂
渔	氵魚
滦	氵亦木
浐	氵立丿
润	氵门王
澜	氵门柬
瀇	氵广黃
涧	氵门日
沩	氵爲
黉	⺍冖黄
浑	氵冖車
觉	⺍冖見
沪	氵戶
滨	氵宀兵
浓	氵冖𧘇
泽	氵又キ
浔	氵彐寸
滩	氵又隹
涨	氵弓長
汤	氵𠃓
涩	氵刀丶止
烫	氵𠃓火
渗	氵厶大彡
潍	氵糸隹
逦	⻌一冂丶冂丶
写	冖与
窍	穴工丂
窥	穴夫見
违	⻌韦
祷	示丰寸
宝	宀王丶
赛	【寒】贝
骞	【寒】馬
宠	宀龍
窃	穴七刀
祯	示卜贝
遗	⻌中一贝
祸	示呙
褴	衤刂𠂉丶皿
裆	衤小彐
视	示見
袄	衤夭
鹤	冖隹鳥
裣	衤佥
穷	穴力
遥	⻌爪缶
宾	宀兵
额	宀夂口页
农	冖𧘇
祃	示馬
礼	示乚
裤	衤广車
禅	示单
迳	⻌㇕丶工
迟	⻌尺
逊	⻌子小
边	⻌力
辽	⻌了
骊	馬一冂丶冂丶
颈	㇕丶工页
巯	㇕丶工𠫓川
劲	㇕丶工力
𬴃	馬丰石
骤	馬耳又乑
怼	又寸心
骐	馬其
剧	尸十口刂
骑	馬大可
驮	馬大
戏	又戈
驱	馬匚乂
骃	馬圍大
驶	馬口乂
𬴂	馬非
骒	馬果
剥	彐水刂
骡	馬田糸
驵	馬且
𬳶	馬冋
驷	馬四
骄	馬乔
属	尸禹
驯	馬川
骓	馬隹
肃	肃
骅	馬华
骢	馬囱心
驳	馬乂乂
屦	尸彳婁
驹	馬勹口
骆	馬夂口
欢	又欠
骝	馬卯田
鸡	又鳥
驻	馬主
骍	馬辛
骧	馬衣口口甘
昼	尺日一
𫘜	馬文
尽	尽
骇	馬亥
骥	馬北異
骈	馬并
屡	尸婁
驴	馬戶
驼	馬宀匕
骟	馬戶习习
恳	艮心
驿	馬又キ
预	予页
艰	又艮
驭	馬又
骉	三（馬）
骣	馬尸三（子）
驰	馬也
劝	又力
骖	馬厶大彡
骀	馬厶口
骏	馬厶八夂
卫	卩一
际	阝示
陕	阝夹
陆	阝キ凵
陇	阝龍
陏	阝𠂇月
阵	阝車
陈	阝七小
贺	力口贝
驾	力口馬
陧	阝日土
孙	子小
隄	阝是
坠	阝人土
阶	阝介
弥	弓尔
隐	阝𠂊彐心
飞	飞
导	巳寸
𠙶	了凵
纡	糸于
妩	女无
娅	女亚
结	糸士口
绪	糸者
绫	糸夌
纬	糸韦
纭	糸二厶
绩	糸龶贝
𬘬	糸青
绑	糸丰阝
纣	糸寸
绀	糸甘
缂	糸革
绁	糸世
缚	糸甫寸
𬘭	糸木木
缃	糸木目
绔	糸大亏
叁	厶大三
缛	糸辰寸
缅	糸面
参	厶大彡
缄	糸戊一口
绖	糸至
绕	糸尧
线	糸戋
妪	女匚乂
练	糸七㇆八
绰	糸卓
娱	女吴
缉	糸口耳
𬘡	糸圍大
绳	糸黾
娲	女呙
织	糸口八
绢	糸口月
绯	糸非
缦	糸曼
纱	糸小丿
绡	糸小月
缇	糸是
缧	糸田糸
绸	糸用口
䌹	糸冋
絅	糸冋
纲	糸冂乂
缨	糸贝贝女
纳	糸内
纴	糸壬
纤	糸千
缵	糸先先贝
妫	女爲
妈	女馬
绣	糸禾乃
缎	糸厂三殳
𬘓	糸川
维	糸隹
绵	糸白巾
缴	糸白方攵
给	糸亼口
绘	糸人二厶
绗	糸行
纵	糸从
纶	糸人匕
纷	糸八刀
缓	糸爪一𠂇又
绥	糸爪女
绷	糸月月
纨	糸丸
绦	糸夂木
纸	糸氏
绺	糸夂卜口
络	糸夂口
绚	糸勹日
约	糸勹丶
终	糸冬
绉	糸𠂊彐
绝	糸𠂊巴
纹	糸文
纺	糸方
娴	女门木
纩	糸广
缠	糸广里
绊	糸半
婵	女单
缯	糸曾
缮	糸羊䒑口
继	糸米乚
纻	糸宀一
综	糸宀示
绽	糸宀𤴓
婶	女宀申
缩	糸宀亻一白
缝	糸⻌夂丰
绾	糸宀㠯
妇	女彐
纽	糸丑
绿	糸彐水
纾	糸予
纼	糸弓丨
绍	糸召
贯	毌贝
级	糸及
绋	糸弗
纫	糸刀丶
纪	糸己
丝	糸糸
缘	糸彑豕
纠	糸丩
绐	糸厶口
缫	糸巛果
乡	乡
飨	乡食
芈	卜卜キ
鹝	鬲鳥
戬	晋戈
鹂	一冂丶冂丶鳥
郦	一冂丶冂丶阝
䴓	一巾鳥
殚	一夕单
䴕	一夕刂鳥
鴷	一夕刂鳥
殀	一夕夭
殇	一夕𠂉𠃓
趸	万足
劢	万力
欤	与欠
𤭯	瓦白水
垭	土亚
叆	二厶爪冖𠂇又
福	示一口田
神	示申
赉	来贝
鼋	一兀黾
祥	示羊
𫭼	土艹冖力
㙘	土西女
埯	土大电
坜	土厂力
𫭟	土匚乂
贡	工贝
觋	巫見
鹀	巫鳥
垆	土卜尸
韨	韦犮
韧	韦刀丶
击	キ凵
埙	土口贝
埚	土呙
鼕	士口䒑支冬
垱	土小彐
垲	土山己
都	者丶阝
赪	赤卜贝
𫭢	土人匕
坵	土丘
坞	土烏
垴	土亠乂凵
𡐓	土广隶
𫮃	土单
𪣻	土婁
壸	士冖亚
毂	士冖車殳
𡎚	土戶冊
悫	士冖几心
㙍	土叕
𪤗	土习习人彡
玙	王与
玨	王王
聩	耳中一贝
𤩽	王十冂半犬
𫞩	王艹两
颞	耳又又页
㻬	王雨亏
麺	龶夂面
𪟝	龶贝力
赘	敖贝
鳌	敖魚
骜	敖馬
䴖	青鳥
麦	龶夂
麹	龶夂勹米
䂮	丰刀石
㛃	丰刀女
琐	王小贝
珰	王小彐
瓒	王先先贝
瑽	王從
玱	王人卩
瑷	王爪冖𠂇又
琼	王亠口小
𤧛	王帝
駻	馬日干
騠	馬是
騝	馬廴聿
駎	馬由
騪	馬叟
駩	馬人王
騚	馬䒑月刂
𤫉	王言火火又
駶	馬尸㇆口
騃	馬厶矢
珲	王冖車
𬍤	王彐寸
玚	王𠃓
擣	扌士㇕工一口寸
撷	扌士口页
撵	扌夫夫車
抟	扌专
搟	扌車干
挠	扌尧
掳	扌虎力
掴	扌圍王丶
揽	扌刂𠂉丶見
撄	扌贝贝女
揿	扌钅欠
贽	扌丸贝
鸷	扌丸鳥
势	扌丸力
捣	扌鳥山
拦	扌䒑二
掸	扌单
㧑	扌爲
擞	扌婁攵
择	扌又キ
挦	扌彐寸
掼	扌毌贝
觐	堇見
荆	艹开刂
鹊	昔鳥
𬟁	艹鬲鳥
勚	世贝力
颟	艹两页
𬜯	艹两
䢼	共阝
觏	甘冂土見
莱	艹来
韩	十日十韦
贲	十艹贝
觌	十㇕头見
鸪	十口鳥
鹕	十口月鳥
赍	十人人冖贝
𫠆	支页
鳷	支鳥
𨙸	支阝
鹁	十冖子鳥
鞒	革乔
鞑	革⻌大
鞲	革甘冂土
䓫	艹大可
苈	艹厂力
荛	艹尧
蒇	艹戊贝
𬞟	艹止𣥂页
蒉	艹中一贝
鹳	艹口口隹鳥
鹋	艹田鳥
萝	艹罒夕
蘖	艹𠂤辛木
莶	艹佥
荟	艹人二厶
苍	艹人卩
莸	艹犭尤
蓟	艹魚刂
荜	艹匕匕十
藓	艹魚羊
蓠	艹离
荠	艹齊
𫇭	艹爲
蒌	艹婁
薮	艹婁攵
蕰	艹氵日皿
䓨	艹冖缶
鹲	艹冖一豕鳥
荦	艹冖牛
莺	艹冖鳥
茕	艹冖乙十
荨	艹彐寸
蓣	艹予页
荩	艹尽
荬	艹㇕头
䓛	艹尸出
𦰡	艹刀二阝
荭	艹糸工
荮	艹糸寸
莼	艹糸屯
芗	艹乡
桠	木亚
梾	木来
𬷕	甫鳥
𬂩	木夹
㭕	木土厶
梼	木丰寸
酝	酉二厶
醆	酉戈戈
酽	酉一业丿
酾	酉一冂丶冂丶
𬪩	酉冖𧘇
酦	酉发
椟	木十㇕头
槚	木西贝
枥	木厂力
桡	木尧
桢	木卜贝
栌	木卜尸
𣗋	木【尚】儿
榅	木日皿
輮	車矛木
榄	木刂𠂉丶見
槛	木刂𠂉丶皿
軿	車并
樱	木贝贝女
椤	木罒夕
桤	木山己
欅	木與手
桦	木华
桧	木人二厶
麨	麥小丿
枞	木从
𬃊	木质
栎	木乐
槠	木言者
檩	木亠圍口示
栏	木䒑二
棁	木丷口儿
霭	雨言曷
鹴	雨木目鳥
榉	木兴キ
雾	雨夂力
杩	木馬
橼	木糸彑豕
碛	石龶贝
鹩	一火日小鳥
鹌	大电鳥
𥕢	石一曲日
砺	石厂万
黡	厂犬黑
厍	厂車
靥	厂犬面
䃎	石大夕夕
厣	厂犬甲
魇	厂犬鬼
餍	厂犬食
励	厂万力
硗	石尧
𥔲	石口口亏
𥖨	石三（口）木
𬒗	石刂𠂉丶見
鸸	而鳥
硙	石山己
聋	龍耳
龚	龍共
硚	石乔
矾	石凡
豮	豕十艹贝
砾	石乐
尴	尢刂𠂉丶皿
䃅	石单
硁	石㇕丶工
砀	石𠃓
碜	石厶大彡
赜	臣龶贝
鸫	七小鳥
辏	車𡗗天
轲	車可
轱	車十口
轪	車大
𫐄	車兀
𫟦	車⻌丷豕
轭	車厂卩
轼	車弋工
辌	車亠口小
辐	車一口田
𨐈	車光
辒	車日皿
𫐓	車矛木
轶	車失
𫐐	車臼儿
轸	車人彡
斩	車斤
椠	車斤木
辀	車舟
𬨂	車氏
辂	車夂口
轹	車乐
𬨎	車丷酉
辍	車叕
匦	匚車九
𬌗	牙亼口
𬸘	匚日女鳥
戋	戋
刬	戋刂
欧	匚乂欠
鸥	匚乂鳥
瓯	匚乂瓦
鸢	弋鳥
虾	虫下
觇	卜口見
鹾	卜圍乂差
鸬	卜尸鳥
蟏	虫艹肃
蝾	虫艹冖木
䗖	虫艹丨冖巾
蛎	虫厂万
戯	虚戈
觑	虚見
𬟽	虫七小
颦	止𣥂页卑
𫚖	止匕魚
蝈	虫圍王丶
䗴	虫⺮廷
䗛	虫攸月
𬺈	齒大可
龋	齒禹
龊	齒足
龃	齒且
龁	齒乞
𫠜	齒臼儿
𬹼	齒介
龂	齒斤
龀	齒匕
龅	齒包
𬺓	齒木木疋
龈	齒艮
龆	齒召
蛴	虫齊
蚁	虫丶乂
蝼	虫婁
呒	口无
𫫇	口亚心
鸮	口丂鳥
唝	口工贝
嗫	口耳又又
圞	圍䜌木
囌	口艹魚禾
唠	口艹冖力
呖	口厂力
哓	口尧
啭	口車专
踬	足质
跶	足⻌大
鹭	足夂口鳥
蹧	足一曲日
跹	足⻌千
跄	足人卩
跸	足匕匕十
跞	足乐
𧿹	足母
嚣	㗊（页）
鼍	口口田一黾
鹗	口口亏鳥
唢	口小贝
𫑡	黾阝
嘤	口贝贝女
呐	口内
呙	呙
剐	呙刂
哕	口山夕
勋	口贝力
哙	口人二厶
㕮	口八乂
哔	口匕匕十
呜	口烏
啴	口单
咷	口兆
哝	口冖𧘇
咝	口糸
坚	刂又土
𬱖	由页
櫐	三（田）木
颙	禺页
䣘	【尚】土阝
㬊	日爪一𠂇又
鹍	日匕匕鳥
鹖	曷鳥
颢	日亠口小页
㬚	日𠫓月攵
㫰	日丶艮
鳖	巾𠁼攵魚
晖	日冖車
旸	日𠃓
㬎	日幺幺灬
睐	目来
䎃	冂土习习
䴗	目犬鳥
鶪	目犬鳥
眍	目匚乂
帏	巾韦
帼	巾圍王丶
羁	罒革馬
黪	黑厶大彡
罦	罒爪子
鹮	睘鳥
罗	罒夕
逻	⻌罒夕
黩	黑十㇕头
罴	罒土厶灬
㠓	山艹冖一豕
㟃	山司
崃	山来
崄	山佥
𪨶	山大車
𪩘	山十冂半犬
𫵷	山厂力
峣	山尧
㠇	山亠口小尤
𪨰	山曲
岗	山冂乂
岘	山見
𨟠	目目隹阝
嵚	山钅欠
刿	山夕刂
峥	山争
嵝	山婁
𫶇	山艹丨冖巾
崂	山艹冖力
𫖮	山己页
赒	贝用口
睑	目佥
罂	贝贝缶
赈	贝辰
赗	贝冒
赑	三（贝）
贬	贝乏
赊	贝人示
赡	贝𠂊厂八言
贻	贝厶口
赅	贝亥
鹦	贝贝女鳥
觃	見子
䁖	目婁
鹘	骨鳥
矫	矢乔
鳘	每攵魚
缾	缶并
牺	牛西
𬕂	⺮工贝
酂	先先贝阝
颋	廷页
箦	⺮龶贝
稆	禾吕
秽	禾山夕
籁	⺮束𠂊贝
鹙	禾火鳥
秾	禾冖𧘇
𥝱	禾予
岙	夭山
氇	毛魚日
鸹	舌鳥
篑	⺮中一贝
筼	⺮口贝
筛	⺮刂一巾
筜	⺮小彐
箩	⺮罒夕
衅	血半
篯	⺮钅戋
筚	⺮匕匕十
筝	⺮争
箪	⺮单
簖	⺮米乚斤
氩	气亚
氲	气日皿
俨	亻一业丿
俪	亻一冂丶冂丶
俫	亻来
俦	亻丰寸
伛	亻匚乂
雠	隹言隹
鹎	卑鳥
魉	鬼两
囱	囱
偿	亻小冖二厶
傥	亻【尚】儿
侩	亻人二厶
伧	亻人卩
㑊	亻亦
仪	亻丶乂
𫢸	亻单
佥	佥
㙦	余斗土
颌	亼口页
鸽	亼口鳥
觎	俞見
鸰	令鳥
鸧	人卩鳥
郐	人二厶阝
徕	彳来
惩	彳正心
衚	行十口月
鸻	行鳥
径	彳㇕丶工
鹆	八人口鳥
饸	食亼口
馔	食巽
𫗧	食束
馑	食堇
饘	食亠圍口日一
馇	食查
𫗴	食亠圍口日一
馃	食果
馉	食骨
馒	食曼
饩	食气
餭	食白王
饺	食亠八乂
饹	食夂口
饻	食衣
馌	食土厶皿
饳	食出
鹟	公习习鳥
铏	钅开刂
钲	钅正
钙	钅下乚
镉	钅鬲
𫓧	钅夫
𬭳	钅士口䒑口
铻	钅五口
𬭬	钅丰丰彐
锲	钅丰刀大
颀	斤页
䴘	虒鳥
慇	殷心
𨱇	钅求
鎝	金艹亼口
𨱏	钅艹亼口
䦃	钅艹者
镆	钅莫
锚	钅艹田
𨱑	钅黄
锳	钅艹冂大
铹	钅艹冖力
镖	钅西示
镈	钅甫寸
镡	钅西日十
𬸪	釆田鳥
锜	钅大可
镢	钅厂屰欠
钝	钅屯
𬬻	钅卜尸
锷	钅口口亏
铞	钅口巾
锝	钅㝵
铀	钅由
钾	钅甲
𬬹	钅申
镋	钅【尚】儿
镘	钅曼
𬭯	钅巾𠁼攵
锟	钅日匕匕
锶	钅田心
铿	钅刂又土
𬭶	钅黑
镮	钅睘
铡	钅贝刂
镚	钅山月月
镯	钅蜀
锣	钅罒夕
铠	钅山己
铤	钅廷
铥	钅丿土厶
锤	钅垂
铢	钅朱
釳	金乞
𬭤	钅侯
铧	钅华
锼	钅叟
铪	钅亼口
镎	钅亼口手
鏦	金從
鍮	金俞
𬬭	钅人匕
𬭩	钅公习习
锊	钅爪寸
锧	钅质
𫔍	钅釆田
䝙	豸匚乂
铄	钅乐
锪	钅勿心
锴	钅匕匕白
镵	钅毚
铯	钅𠂊巴
镏	钅卯田
钨	钅烏
镶	钅衣口口甘
镐	钅高
锿	钅衣口
𬭚	钅亠口子
镱	钅立日心
镞	钅方𠂉矢
铰	钅亠八乂
钪	钅亠几
镝	钅啇
镦	钅亠口子攵
锍	钅𠫓川
铳	钅𠫓儿
铉	钅亠幺
镳	钅鹿灬
镛	钅庸
𨱔	钅丷酉寸
镒	钅益
𬭸	钅米舛
锩	钅半卩
镃	钅䒑幺幺
觅	爪見
𬭛	钅氵皮
鹞	爪缶鳥
镓	钅宀豕
𬭎	钅宀𠂇厶
镕	钅穴人口
镲	钅宀䏑又示
铊	钅宀匕
𬭼	钅⻌丷豕
铵	钅宀女
铎	钅又キ
钮	钅丑
镫	钅癶豆
𫔎	钅矛冏
锓	钅彐冖又
锔	钅尸㇆口
锕	钅阝可
钇	钅乙
钯	钅巴
镪	钅强
钖	钅𠃓
镠	钅习习人彡
鸼	舟鳥
舣	舟丶乂
镴	钅巤
䥽	钅发
飐	风卜口
飔	风田心
凤	𠘨又
飗	风卯田
飏	风𠃓
腼	月面
颾	風蚤
䐃	月圍禾
狮	犭刂一巾
猪	犭者丶
猃	犭佥
狯	犭人二厶
𫛭	犭王鳥
獱	犭宀一𣥂貝
㺄	犭俞
狝	犭尔
獭	犭束𠂊贝
臜	月先先贝
𬸚	犭言犬鳥
狲	犭子小
脍	月人二厶
䏲	月弟
𦝼	月婁
肠	月𠃓
鲾	魚一口田
𬶮	魚士口䒑口
𩸽	魚艹亻匕
鳠	魚艹隹又
𩺊	魚艹亡川
鳔	魚西示
𬶟	魚束刂
𬶠	魚柬
𬱟	𠂊厂卩页
鳡	魚戊一口心
鹠	卯田鳥
鸱	氐鳥
鲀	魚屯
鳄	魚口口亏
鳀	魚是
𫚕	魚刂一巾
鲿	魚小冖二厶
玺	尔王丶
鲥	魚日寸
鲉	魚由
鳢	魚曲豆
鳁	魚日皿
鲗	魚贝刂
觞	𠂊用𠂉𠃓
鰤	魚𠂤一巾
鲊	魚乍
鳈	魚白水
鹐	𠂊臼鳥
鲙	魚人二厶
鲘	魚后
䲟	魚𠀉卩
𬶭	魚䏑又示
𬶏	魚𠂊厂卩
𩾃	魚免
颍	匕水页
毙	匕匕死
颎	匕火页
鲸	魚亠口小
鳣	魚亠圍口日一
惫	夂田心
鲛	魚亠八乂
鳑	魚旁
鳉	魚爿夕寸
鱇	魚广隶
𩾌	魚广隶
鳙	魚庸
鳒	魚兼
𬶐	魚兆
𬶍	魚宀匕
𩽾	魚宀女
鳚	魚尸示寸
鲬	魚龴用
鲃	魚巴
鸲	勹口鳥
鲺	魚乙丿虫
鳛	魚习习白
邬	烏阝
鲹	魚厶大彡
鲻	魚巛田
𫚭	魚巤
袅	鳥衣
讦	言干
证	言正
谨	言堇
谟	言莫
𬤝	言惠
𫍯	言戊一口
鹯	亠圍口日一鳥
谔	言口口亏
鹫	亠口小尤鳥
亸	亠口子单
鹑	亠口子鳥
𬤊	言是
谠	言【尚】儿
峦	亦山
脔	亦肉
谒	言曷
恋	亦心
𠅤	亠田心
孪	亦子
𫍽	言睘
诈	言乍
诜	言先
讫	言乞
诿	言禾女
谢	言身寸
谀	言臼人
讹	言亻匕
𫍲	言叟
赟	文武贝
𨭉	文武金
齑	齊韭
䴔	亠八乂鳥
鵁	亠八乂鳥
鳼	文鳥
谂	言今心
讻	言乂凵
兖	亠八厶儿
衮	衣公
讼	言公
谖	言爪一𠂇又
谵	言𠂊厂八言
诤	言争
谆	言亠口子
谇	言卒
谪	言啇
谰	言门柬
赣	立日十夂工贝
竞	立口儿
谱	言並日
戆	立日十夂工贝心
産	立丿生
彦	立丿彡
飒	立风
𦒍	立里习习
谝	言戶冊
谧	言必皿
谞	言疋月
谲	言矛冏
㮾	丶艮月木
𬸦	方𠂉矢鳥
谬	言习习人彡
诩	言习习
诎	言出
盗	次皿
癫	疒真页
廪	广亠圍口示
庙	广由
麽	麻丿厶
庂	广人
赓	广彐人贝
鹒	广彐人鳥
𫷷	广钅欠
䗪	广廿灬虫
鹧	广廿灬鳥
疬	疒厂力
廱	广巛口巴隹
疟	疒匚一
酱	爿夕酉
瘻	疒婁
阇	门者
闱	门韦
𬮱	门西土
阒	门目犬
闳	门𠂇厶
闾	门吕
阄	门龟
阗	门真
闿	门山己
瘿	疒贝贝女
𫔶	门自木
阏	门於
阁	门夂口
阍	门氏日
闵	门文
阆	门丶艮
阘	门日习习
阖	门土厶皿
阙	门屰欠
疭	疒从
痪	疒奂
瘅	疒单
痉	疒㇕丶工
瘆	疒厶大彡
怃	忄无
鹢	益鳥
鹣	兼鳥
鹚	䒑幺幺鳥
㥄	忄夌
恸	忄二厶力
盖	羊皿
羟	羊㇕丶工
冁	单展
郸	单阝
䎖	曾习习
粝	米厂万
粪	米共
糁	米厶大彡
𥻗	米查
惬	忄匚夹
愦	忄中一贝
愠	忄日皿
恻	忄贝刂
炜	火韦
烩	火人二厶
㸌	火雨隹
𬉼	火匚乂
炖	火屯
㸆	火牛口非
炽	火口八
煴	火日皿
㶲	火用
炝	火人卩
烂	火䒑二
𬊤	火单
炉	火戶
𬊈	火彐寸
怆	忄人卩
忷	忄乂凵
恟	忄勹乂凵
懔	忄亠圍口示
怿	忄又キ
𣲘	氵无
涞	氵来
沍	氵一彑
喾	⺍冖牛口
𬒈	⺍冖石
鲎	⺍冖魚
𣸣	氵十艹贝
懑	氵艹两心
渎	氵十㇕头
滢	氵艹冖王丶
溁	氵艹冖木
涝	氵艹冖力
潆	氵艹冖糸
漤	氵木木女
濑	氵束𠂊贝
㵐	氵厂屰欠
濒	氵止𣥂页
溃	氵中一贝
𬇹	氵圍王丶
浉	氵刂一巾
灏	氵日亠口小页
滥	氵刂𠂉丶皿
鲨	氵小丿魚
浍	氵人二厶
㽏	氵亼口甘
溆	氵余又
㳇	氵八乂
鹡	𠁼人月鳥
沧	氵人卩
𫖯	兆页
泺	氵乐
㴔	氵𠂊彐心
浏	氵文刂
浒	氵言午
济	氵齊
湾	氵亦弓
㳘	氵𠫓儿
瀁	氵羊丶艮
泻	氵冖与
泾	氵㇕丶工
滪	氵予页
渌	氵彐水
𬍡	氵𠃓王丶
塚	土冖豕
鸋	宀心皿丁鳥
𬸣	【寒】鳥
寝	宀爿彐冖又
窜	穴中中
窝	穴呙
窎	穴鳥
窦	穴十㇕头
窭	穴婁
祎	示韦
祢	示尔
禄	示彐水
袆	衤韦
𫌀	衤龶贝
衬	衤寸
襕	衤门柬
裢	衤⻌車
裥	衤门日
褛	衤婁
裈	衤冖車
袯	衤发
皲	冖車皮
郓	冖車阝
鸩	冖儿鳥
𬩽	彐寸阝
彟	彐寸艹隹又
鹔	肃鳥
彞	彐米糸廾
鷴	門木鳥
閍	門方
骠	馬西示
骦	馬雨木目
𬳵	馬不一
𫘪	馬厂白小
骁	馬尧
𫘨	馬是
骋	馬由丂
驲	馬日
𫖳	尹口页
屩	尸彳喬
屃	尸贝
鹛	尸目鳥
𬳽	馬先
鸤	尸鳥
䴙	尸口辛鳥
鷿	尸口辛鳥
驸	馬亻寸
𬳿	馬余
𬶨	艮旡魚
𫘬	馬爪幺大
𫘦	馬勹缶
驺	馬𠂊彐
刭	㇕丶工刂
颡	三（又）木页
鹬	矛冏鳥
鹜	矛攵鳥
骛	矛攵馬
双	又又
𫠊	馬亠幺
𬴊	馬米舛
骙	馬癶天
𫘝	馬夬
𫘧	馬彐水
骕	馬肃
骚	馬蚤
骎	馬彐冖又
书	㇕㇆丨丶
堕	阝𠂇月土
骘	阝止𣥂馬
𬯎	阝中一贝
陨	阝口贝
𬮿	阝山己
𨺙	阝臼儿
险	阝佥
𬯀	阝齊
鹨	习习人彡鳥
翚	习习冖車
陉	阝㇕丶工
𫸩	弓匚乂
缙	糸晋
绠	糸一日乂
缬	糸士口页
缰	糸三田田
缜	糸真
缥	糸西示
縳	糸專
𦈡	糸雨而
绮	糸大可
缭	糸一火日小
绂	糸犮
纮	糸𠂇厶
绒	糸戈𠂇
辔	車糸糸口
粜	出米
䢺	出阝
缲	糸三（口）木
缱	糸⻌中一㠯
绅	糸申
绱	糸尚
缊	糸日皿
缆	糸刂𠂉丶見
绲	糸日匕匕
缌	糸田心
缳	糸睘
缈	糸目小丿
𬙊	糸黑土
𫄸	糸熏
娇	女乔
嫒	女爪冖𠂇又
娆	女尧
𫄧	糸廴丿止
嫱	女土丷圍口
媪	女日皿
㛹	女亻一日乂
婳	女画
姹	女宀丿七
嬷	女麻丿厶
㚷	女人小
嫔	女宀兵
嬝	女鳥衣
𫰛	女㇕丶工
㛚	女龴用
驽	女又馬
纥	糸乞
缒	糸⻌𠂤
缑	糸侯
𫄨	糸乂𠂇巾
绤	糸八人口
绶	糸爪冖又
绹	糸勹缶
绛	糸夂㐄
纰	糸匕匕
𬙋	糸衣口口甘
𨚕	厶廾阝
𫟅	糸亠口小
缟	糸高
𬘯	糸亠口子
缞	糸衣口一
𫄷	糸立日心
缡	糸离
绞	糸亠八乂
毵	厶大彡毛
缔	糸帝
繸	糸⻌丷豕
缢	糸益
缣	糸兼
绻	糸半卩
绨	糸弟
缕	糸婁
𬘫	糸宀一兀
𬙂	糸寅
缤	糸宀兵
𬘘	糸冖儿
绎	糸又キ
缀	糸叕
缗	糸民日
𬘩	糸廷
缪	糸习习人彡
鸶	糸糸鳥
缁	糸巛田
绌	糸出
𩹬	魚木十口
𥈴	目虎匚一
𣴛	氵戈𠂇
𡄍	口⺮馬
鉳	金北
𪷉	氵糸田
𢠩	忄麻
𢸛	扌言用口
𢃱	巾甘木
揇	扌十冂半
𪞺	出爪子乚
𩲵	鬼生
𦁹	糸夜
𧓇	虫尸共殳
𠴐	口忄丑
𱽐	艹几二
㨳	扌宀大可
𥴢	⺮禾隹
𠿁	口其欠
𡔔	土艹門柬
𦄇	糸氵日土
𡐙	土彳㝵
𢲔	扌王刂王
𧚟	衤尸毛
𫕰	雨月𡗗キ
𢯡	扌𠫓月
𪧸	土寸亻士
𨆝	足會
䱛	魚戈口一
𬹓	黄亜心
𪆦	彡頁鳥
𧍴	虫柬
𪟀	刀方
𬦪	足召
𠍤	亻艹十冖子
扙	扌一乂
𤅜	氵西示風
𠞺	一夕刂文口
㔧	虎田皿力
𪄨	口小月鳥
𥓵	石广氐
𤞨	犭甫
𪮫	扌昔攵
𬩭	⻌牛口差
𪥘	竒大
𤙭	牛甫
𬄦	木刂𠂉丶見
𤊣	朱厂火
𢭲	扌貝
𪢡	牛口喬
𫼔	手刀
𧑂	虫艮旡
𤞫	犭戈廾
𥛗	示爪臼
𠿂	口扌千臼
𤢾	犭僉刂
𠺷	口示口儿
𥿗	糸口八
𬦼	者乚足
𡑓	土三（木）
𦀗	糸赤
𪦎	女文厂彡
䕼	艹𦰩隹
榪	木馬
𠁂	者丁
𡢻	女亻龶貝
𰡚	犭斤欠
𤄱	氵金真
嘫	口䏑犬灬
𨰺	金䜌攵
𥇺	目爿犬
𬟛	宀婁艹丨日
𥎁	矛木卜口
𨪞	金广龴用
𢸟	扌亻僉
𢫚	扌工丂
𠞸	鳥刂
炥	火弗
𬴕	高山乙
𬍎	犭者曲辰
挰	扌呈
𢬥	扌氵工
㨕	扌乃又皿
𠧌	升爾
𢲠	扌耳冖儿
𨗠	⻌雨二厶
侼	亻十冖子
𬅓	束三（石）
𬎽	用亇
𫾄	扌日一里
㳯	氵辛
𢸚	扌艹⻌夂丰
𦁺	糸門
㩧	扌日共水
𢐎	弓兼
𡀪	召扌非
𢺺	支八刀
𤈝	火艹乂
𢟕	忄糸内
呠	口木一
𫉅	艹女口心
䱸	魚叟
靀	雨艹冖一豕
䋎	糸日一
鞸	革畢
𧁷	艹十口广車
脺	月卒
櫊	木門夂口
𨧢	金另刂
𧄲	艹言莫
𧝨	衤言召
𫵀	小忄出
𡫫	文口寅
卲	召卩
𠴏	口艹亡
𢭝	扌刀丶心
𤸒	疒禺
𪉽	卜圍乂曼
𥢃	禾宀㇕皿丁
𠼲	口土隹
𣊌	日土隹
𧅫	艹臼乂乂冖見
𬖗	米女又
憦	忄火火冖力
𠰀	口弔
𡌣	土罒七
𬜽	莽（石）
𥊛	目望
𥘪	示午
𧽈	起曳
𣛣	木開
𦣘	月一中冖口口甘𧘇
𦸰	艹立丿生
𧜖	衤真
𥷧	⺮氵习习隹
𡎝	土癶天
𢹈	扌⺮竜
𪾤	目戊
𬂙	竜望
𣷯	氵⻌斤
𫽯	虎文手
𣋁	日最
𨒟	⻌冬
㘖	口立丿彡頁
𡓞	土⺮馬
𥯊	⺮夜
𬥯	八刀貝從
𣜵	木口丂虎
𫌒	衤糸𠫓儿
𫡍	矢隹中中
𬁑	日犭者
𡁹	口言禾乃
𪹟	火巛貝
𨐮	辛艹亥
𦵠	艹亻丿糸
𨁪	足酉
𣷲	氵戶斤
𥌹	目金白巾
𡠣	女艮旡
𧹪	赤亼冊
㗢	口重力
𫱤	禾彐亡女
𡽾	山臣𠂉丶皿
𦩰	舟重
𱐲	爭力
𤢥	犭萬
㳪	氵不口
𫈘	艹亻亡女
𬴫	長彡木木
挷	扌丰阝
𠊟	亻黾
𫡸	二車巠
𬁜	日夢
𤹙	疒示口儿
𫴸	小日
𤶑	疒圍大
𫖽	几二彳皮
𦾠	艹日十人示
𬔗	下立
𤭷	瓦俞
𬡰	衤日召灬
𡗅	夕夕⻌米
䇄	立乞
𠊛	㝵人
𢲧	扌艹亥
𥺑	米彐冖又
𬺚	竜青
𦫘	𠂊巴发
䇪	⺮至
溋	氵乃又皿
掆	扌𦉰山
𣇠	日女支
𢵰	扌糸亼口
𬏱	疒氵殳
𬠶	虫宀匕龶母
𤎒	火土半丸
𫼚	扌亠八
𠸦	口手目
𱫻	火展
𥆟	目丷口儿
𫗻	首广十日十月
𪂯	鳥女十口
𪢰	圍口貝丸
蕽	艹曲辰
𡂓	口⻌啇
𢯙	扌矢口
𧋅	虫尽
𣇡	日己心
燰	火爪冖心夂
𪜕	者乚
𫼎	戶忄午
𢋬	广木山隹
𧃽	艹广亻隹心
𩇆	雨田亠圍口禾
𧱺	豕亻大可
芌	艹亏
𫬕	口木犭者
𣘂	土厶矢木
𡳰	尸婁十口
𤇩	火必
𬋌	火羊豕
𡥌	子日
𩿠	鳥戉
䨙	雨氵壬
𨄼	足禾夕夕
𠸾	口月乏
𧸝	賣半
𫵥	尸并召
𧶄	貝爭
㩔	扌尸共殳
𥹙	米召
𬪽	重亇
𧈣	虫乃
𥸄	⺮言旡旡日
𦢵	月广亠圍口禾
𣎢	月十日十月
𬮫	𫔭午
𠺩	口氵𠫓川
𫺫	忄䒑大阝
𡮔	羊大小
𡆂	口𡗗日虫虫
𨇒	足三（石）
𠠙	宀一火日小刂
𡗂	差夕夕
𥳃	⺮戶口攵
𬗱	糸田一木
𬁫	聿日且
𥱨	⺮龶糸
𥳄	⺮寅
𡝕	女巴三
𠝖	昔刀
穉	禾尸水牛
𡳝	尸毛卒
𥺊	米牛口
𤎞	火巛冂人几キ
𣙭	木⺮召
𪉴	卜圍乂甘木
𨀍	足用
𢵨	土半卩又手
𬃻	果一口乂
𪯯	厂止余斗
𤜠	犭乃
𡘯	文口大
𡃼	口木隹灬
稡	禾卒
𧝩	衤彳盾
𧛉	衣木攵
𩷉	魚亦
𫧭	十日十三（口）木
蛒	虫夂口
𡅯	口禾爪工彐心
𣎦	月日甘𧘇
𥦝	穴木木
𥏿	矢門口
𣅙	日亏
𫎤	八刀貝刂又貝
𠻓	口冖隹
𡉿	土木
𪬽	𠂊彐心亻立口
㧅	扌刀
𤠳	犭起
𫘲	骨九日
𢣸	忄言五口
𡳶	艹丨日尸婁
𢭹	扌文口
𤖹	片立
𬘅	糸田羊大
𪫼	文寸心
絸	糸見
𨤰	尔王里
𦁅	糸衤刀
𩟼	食爪女羊丶艮
𫎼	起宀女
𩷆	魚人二厶
𪇎	木木示鳥
𬔋	穴犬下
𪱆	日日甘𧘇
𨄺	足土隹
𤽶	白尸毛
𠲮	口巠
𩯁	長彡婁
𫙛	魚耒
𤇪	火人彡
𨖩	⻌半目
𩹮	魚甘木
汓	氵子
𪟕	⺮其刂
𡅉	口⺮門日
𤈜	火至
𧸻	貝長彡发
𫯆	同𠁼𠔀士尸
𨁫	足里
鱩	魚雨田
𫯏	大弓夕卜
𥠮	禾十冂半
𨅺	足敢
𠒥	光广木
𡃗	口木莫
𦃮	糸艹亥
𨫋	金工貝
𬺙	竜亻氐
𣕘	木厶口木
𬧗	足糸爪女
𩬆	長彡下乚
𬌽	犭辰寸
𠹳	口舛木
𢬦	扌示乚
𤷰	疒𡗗キ
𥖺	石皮羊大
𫅜	令羊䒑口
趶	足于
𠃯	禾乃乙
𤁔	氵鬼斗
䱕	魚每
𣹕	氵彳聿
𦙀	月反
𦟵	月艹爪子
𤄍	氵酉卯田
𧹦	赤見
𫺦	八刀心甘
𪮚	𦉰山刂手
𦷬	艹禾必
𧊊	虫用
𤠲	犭山豆
𥳐	⺮開
𬇚	氵幺㇆
𦹯	十口艹日十
𫆚	月由
𣃲	方𠂉几二
𧑁	虫三（厶）人彡
𥜡	示尔王里
𬎶	生彐火
鬦	鬥斗
𫊚	艹白𠁼木束
𱏯	田夂口先
㤕	忄出
𡁿	口艹芻
𧉻	虫半
𬗔	糸文寸
𬰠	一木面
𠹖	口展
啛	口妻
槏	木兼
𤵺	疒曳
𥇼	目石廾
𬁮	曾夭㣺
𤷶	疒表
𪦭	女十口烏
𬧲	可車
𫎑	貝亇
𪝪	亻叚亇
𪢷	土亡
𩞝	食𡕩（又）
𥉪	目氵每
𤏢	火阝丷豕
𠑬	亻食堯
𣰙	毛木木示
𣺻	氵冂大皿
𠶝	口事
𬙞	罒土厶七
𩭵	長彡宀㠯
𬮶	𫔭乂𠂇巾
𦟎	差肉
𫁷	⺮又又
𠹯	口阝匕匕土
𪄅	乂木殳鳥
𤬸	瓦生
𬤻	豕乃
𫃹	糸⻌兆
㖗	口山今
𫏚	足亻立口
𬇧	氵工中
𣔠	木艹斤
𩻛	魚旡旡日
𡊠	土甲
𪇋	鳥山鬼
𬆎	止戊一𣥂女又
喠	口重
𠲝	口文寸
𫦽	堇力生
𠱆	口乃子
抳	扌尸匕
搮	扌西木
𩯹	長厶彡三（石）
𬝉	艹叕
𡚡	艹魚禾大
𠽚	可重
𪇍	鳥⻌咼
𧕭	虫艹臣𠂉丶皿
𬉚	氵尸匕日生
𠜬	亻日一刀
𫸕	廴聿差
𤕔	口丿七八乂
𢯞	扌武
𤒲	火广黒土
𱜝	巨忄束𠂊貝
𪱊	日生亻可
𪿒	石卜了
𫭅	圍扌厶
𠶅	口扌召
𧍇	虫亻一口乂
𢵔	扌尸三（子）
𡮊	小土厶刀丶
𫨮	土厶亼十口
𫪿	口氵亻牛
𦖇	耳另刂
𤜯	犭及
𡮤	門才小
𢷱	扌广婁
𪰏	日可
𫱗	女亼口手
𫽝	扌刂又皿
𫻋	忄白事
𤎔	火羊永
𪴁	木足兆
𣌵	曲及
𦄌	糸坴丸
𧃌	艹足水日
𠺮	口日土寸
𦝹	月门乂木
𫁜	穴犬石𠂊𠂊
𣴜	氵扌丿七
𨆣	足萬
𣨕	一夕吕
𢴗	扌氵火火
𥆀	目氵工
𫭿	坐匕匕
𬟻	虫亠八
㵢	氵雨田
儾	亻一中冖口口甘𧘇
蹆	足⻌艮
𧰗	豆宀心皿丁
𠝺	甘木刂
𤵪	疒召
𪡵	口氵口月
𧹻	赤土者
𪵌	殳亻夕夕
㺞	犭與
𩶟	魚乏
𠺾	口王朱
𬟎	艹王廾昜
𫫗	口不見
𨷑	羊大開
𦓜	老而大
𩟵	食⺮馬
㺝	犭臣𠂉丶皿
䈧	⺮爲
𩺡	魚王刂王
𦗞	耳宀大可
𥿥	糸亻士
襊	衤最
𥣑	禾艹重
𣱽	氵乃
𧛈	衤亼冊
𠶐	口⻌卬
媎	女者
𩟻	食日衣口口甘
𩑰	日一頁
𥊡	目車欠
𢝘	忄臼工
纙	糸罒糸隹
𦝄	月夌
鑧	金宀艹見丶
𡎭	土糸𠫓儿
𫶸	巴亻一夕刂
𧊐	虫聿
𩗂	風一木
繓	糸最
𦣰	十冂半臣卜
𫦢	石卒宀丰口刂
𩷈	魚小丿力
𤊦	火方攵
𪨛	尸并至
𥪝	竜中
𤀘	氵艹風
𩃳	雨𡗗キ
𥯏	⺮亻共
𨮇	金艹風
𣖧	木止匕木
𪬧	己心亠口小
𩺤	魚西木
𪔠	王廾士口䒑支
𢤛	忄罒能
㷙	火䒑月刂
𢢬	忄禽
𨅿	足走戉
𪽳	疒西女
𧓯	虫亻爲
𫄄	糸尸婁
𪩁	山阝且
𡻔	山氵丶艮
𡓃	土三（石）
𫗒	食宀女
𫛈	鳥子瓜
𬨻	⻌束亇
𪲍	木䒑巾
𩠵	首【寒】木
𪯞	方攵石卒
𧦕	言十几
𠽅	口𡗗臼
𬡣	衤立口
𪻉	犭文隹
𡃹	口單戈
𦟉	月疒甘
𢏢	曲弓
𪱯	望竜
𩡜	禾日丶艮月
𡚎	罒𪜀大可
𡮌	小彳皮
𫹦	直彳土寸
𢵺	扌氵甚
𢁸	巾方
𣌶	公曲
𡍢	土子瓜
𪳼	氵者未
𪦜	女氵者
𤹚	疒耳戈
𬗥	糸忄日一
𫙂	長彡婁
𫷍	白巾尸匕
𦟷	月土立口
𠠍	禾丿刀人水刂
𨆠	足艹癶天
𬚶	肉主
𩸶	魚山石
𠌊	來巴
𫳵	宀牛亻可
𢶼	扌山鬼
㽳	疒于
𫧜	匚三（口）土也
𥠬	禾𡗗天
𠰌	口一木
𪅭	攸月鳥
𡌿	土亠口小
𣗪	木艹人木
𡮆	小門
𦷾	艹世冖巾
𬑚	直匚巾
𣴓	氵亻牛
𨀿	足亙
𩆾	雨虎隹亏
𥍘	目食堯
𠽄	口扌㓁木
𦍉	罒糸隹竒
𬈚	氵青了
𪥤	上女
𠾓	口言召
𤄌	扌斤氵戊一火
𬜛	舟⺮皮
𪥾	女石亇
𡇸	圍千北
𪩔	山单戈
𧔛	虫癶豆阝
𠻥	口巛果
𡏣	土自犬
𬏨	疒口丿七
𩆠	雨夢
𥰆	⺮帝
𦡠	王廾𠁼人月
𤍉	火山言
𥈹	目穴牙
𧔾	虫禾几頁
𠽎	口氵厂圭
𡎢	坐夕卜
𡢽	女雨田
𤐓	火氵爪幺大
𪭩	手亻弋
𢸠	扌言果
𧛷	衤𢦏口
𤶾	疒文口
噡	口𠂊厂八言
𢏑	弓半
𬋨	爭丁
𥚆	示刀丶心
𢢄	忄山禺
𧹫	木木赤
𠁺	中中⻌土羊
𫣝	亼冊人王
𬆆	不正卯
𣖞	木亦口
𬈺	氵非心
𫸶	弓刀二阝
𨆹	足辛束
𥼖	米每攵
𦤱	自犬臣又糸
𫎄	豆宀丆皿丨
𫵢	曲尸出
𪭽	扌广土丶
𨠲	酉亻壬
𢱜	扌彳土寸
𢵵	扌艹果
𬎭	瓦牛巾刂
鮻	魚厶八夂
灲	火刂
𧆄	束艹白幺幺木
𨼚	阝非心
𤋿	火艹出
𪃱	厂日子鳥
𡁜	口示咼
𢝚	忄氵先
𨍄	車具
𱜞	巴夌
𡑗	土亻冖隹
槒	木亠幺田
坧	土石
𣅅	日乃
𪵟	毛尸目
𤻪	疒雨而
𪭣	扌㇕㇆丨丶
𥊝	目土半丸
𣎀	月广卜口
𨲅	長刀丶心
撍	扌旡旡日
𬚂	羊丑貝戈戈
𥵾	⺮禾重
𢗷	忄水
𤞪	犭吕
𫰅	艹魚禾大
𱢽	宀竜望
𡀥	口艹白巴
𫆲	月艹十冖子
𪤄	土罒土厶
𡅎	口⺮旡旡日
𬟖	一火日小艹厶口
𥅦	目耒
𪸘	火土厶
𡌀	土另刂
𢆭	巤年
𥢬	禾爲
𦟟	月麻
𢚲	忄己攵
𠲞	口扌工
㺯	王大
𤹼	疒虎彡
𥖸	木鬼石
𪩪	巨僉欠
𡒬	土⺮其
𤳽	田龍
𬑰	矢半
𡀳	口尹口羊
𡕵	𦣻夂八丂
𪝄	亻一火亐
𪺹	犭女又
袊	衤令
𫠰	下我
𥈭	目口口亏
𫔳	门文キ
𣼼	氵阝東
𤀛	氵尸匕來
𪇨	鳥艹氵甫
𠿚	口艹世木
𪝜	亻𠂤一巾
𪪈	非心年
𦝂	月白勹丶
𢺜	扌⺮习习隹
𬳜	禾日一夕
𦄹	糸扌卓
𥹸	米十冖子
𨆒	足氵隹十
𩂕	雨弗
𪴻	不正召
𪱬	月氵爪壬
𬞠	艹人木艹勹丶
𥔦	石不皿
𬁶	五月
𥖒	石忄勹日子
𡺐	山者
𦭧	艹匚巾
苚	艹用
𩚔	食女
炲	火厶口
𫆴	宀必山月
𦽰	艹矛争
𫈅	艹八人口
𠽓	口衣公
𤉒	火豸
𢹿	扌示曲豆
𤠱	犭土厶矢
㩹	扌三（田）冖且
𧿺	足出
𪹘	火彳余
㵒	氵弗貝
𤠆	犭衣口
𩨼	骨丘
𥌬	目广里八土
𣻁	氵金十
𨄹	足⻌牛口
𦞹	月辰寸
𣌒	日勿业羊寸
𡭜	门小
䳂	召鳥
𫰣	女示乚
𬔦	立氵扌丸
𨨨	金彳正
𨉞	身夌
𥈿	目工貝
𨢼	酉𡕩
𬦳	足豸
𠿃	口女甘木
𫨎	厂人我
𪅥	隹夂鳥
𬕨	⺮丶艮月
捹	扌奔
𥗩	石車凵殳手
𫼢	扌厂止
𥱲	⺮虎文
𩜪	食大示
𪷰	氵立日召
𤵶	疒卜弓
𫦨	米力
𩨜	骨巴
𤑸	火臣𠂉丶見
𬏽	疒買
𢵶	扌金屯
𧼍	走彐火
𫗹	首木宀丸
𡋀	土示乚
𪖠	自田丌召
雴	雨立
𬈼	氵亻冖隹
泍	氵木一
嚋	口士㇕工一口寸
𬧕	足𠂊用刀牛
𫤁	亻尚直
𠶓	口表
𡑰	土圍土口𧘇
𤂩	氵先者
𩸷	魚石廾
𫡲	五下
𣔦	木厂圭
𩄳	雨立立
𪩵	行市
𤉖	火車
𧛆	衤水日
𥈲	目𠂊彐心
𥻼	米烏
𧃵	艹十口癶豆
𨃓	足艹人木
𦟐	月馬
𫡦	人彡九
𠺥	召爪冖又
𢬢	扌口巾
㨲	扌艹宀木
𥶃	⺮夢
𤽀	白了
𠴼	口至刂
𬴟	高⺮聿
𨩖	金艹令
𬩌	⻌光圍巾
炶	火卜口
𦞣	月蚤
𨭍	金非心
𦼔	艹一火日小
笀	⺮亡
𠸫	口𡗗天
𢅧	巾糸白巾
𤘓	牙宀心皿丁
咹	口宀女
𥓴	石方攵
𫖦	川頁尚
𱔂	口亠亻一夕刂
𤺵	疒口立日
𥶰	⺮尸曾
𡄀	吕艹罒𪜀
𦟾	月匚三（口）
𠁵	中刂キ𠔀
𬏊	田丶艮
𥪞	竜内
𦝌	月氵土厶
𬹰	自田丌立口
𫏻	婁車
𠵩	口果
𥒃	石士也
揌	扌田心
𫧧	⻌車升
𫋟	虫臣又皿
𥺒	米由丂
𡀢	口山高
𠶠	口氵厶口
𢰺	扌𠂊且八
𣙸	朱艹出
𠻽	口木每
𫇍	自犬宀釆田
𣠖	未言者
𠿰	口食𠂉力
𦜞	月乂共
𪸝	火另
𣈔	日广卜口
𦟊	月酉己
𣾻	氵口者
𢶺	扌穴𠂊臼
𤳇	來田力
𥪅	立口欠
𪽮	疒卜尸
𧶯	𠂊貝共
𱤪	木丿罒亻衣
𦀽	糸牛口
𢬭	扌文寸
𫧟	半巳
𠝗	刀忄日一
𪣽	又土十冖子
𢆘	年欠
𨅇	口卒足
𪵸	氵土也
𣛯	木氵欠皿
𢜞	忄來
䣷	酉朱
𬄱	木艹刂又皿
𫠺	上艮心
𪭚	戶刂キ𠔀キ
眜	目一木
𦲿	艹罒𪜀
𬹯	自田丌艹乂
𢇱	广八丂
𡊳	土生
𱏃	亻丶艮月
𣷭	氵彳皮
𪧱	寒士口
𥺔	口欠米
𬩉	⻌束弗
𤙮	牛赤
𫆝	月门才
𫾐	扌厂木木止
𫏍	足己攵
𪇏	三田田鳥
𤞐	犭【在】子
𫯝	上天
𨱾	長大弓
𤄭	氵是頁
𤃤	氵⻌堯
𪜒	乙士口
𫑆	⻌支亦又
𠀖	龷丶
𨦭	金宀牛
𣘃	木艹亥
𨮉	金尹口羊
𫷇	向口市
𥬨	⺮丘
𢈖	广一冂土
𤋷	火𡗗天
𬎷	罒𪜀生
釯	金亡
𪣮	土氵尸匕
磮	石山亼冊
𦰦	艹己攵
𥊥	目阝𠂊臼
𪩱	巴门柬
㖡	口夜
𬗵	糸土半丸
𠺨	口耳心
𧹼	赤者阝
鮋	魚由
𪽯	疒弔刂
𫢖	亻乃亇
𥆁	目一夕刂
樳	木彐工口寸
鴼	鳥夂口
𥽍	米木木示
汿	氵予
𦎍	羊言
𫲴	子艹門柬
𬅧	次目
𤷖	疒夌
𤌀	火𠂊彐心
𠻋	口𤰇
𪮻	扌車斤日
𦄆	糸土里
𡭧	出小
𦲼	艹女石
𨥿	金工丂
𣼍	氵山亼冊
𬨳	⻌术幺㇆
𨄸	足日扌斤
𫪄	口刂又土
繮	糸三田田
𠺿	口厂白小
𬧜	足弋心馬
𤹒	广衤土厶
𣗾	亼冊朱
𪿣	石刀二阝
𬏝	疒卜了
𩹫	魚口耳
𣡹	木广耳𡈼𢛳
𤁓	氵王爪缶
𢭱	扌亻日一
𬲇	俞心几二
艔	舟广廿又
𩄎	雨尸目
𫲼	宀及
𥄯	目今
𥍎	目禺頁
𫽶	扌巴光
𤍆	火車兀
𬥪	士口䒑皮貝
𠑢	亻艹坴丸二厶
𤊬	火非
𡮳	買小丿
𤢈	犭癶豆
𩂏	雨支
𫮲	土莫土
𣭯	毛大弓
𣵶	氵口欠
𣼭	氵土隹
𨨷	金穴犬
𥳉	⺮者阝
厛	厂口斤
𧒋	虫刂𠂉丶見
𤿭	皮甫
𬇒	气厂白小
𤇨	火不一
𦡥	月氵弱
𬌔	片心
𫅩	习习一日乂
吿	牛口
𫘿	長彡尹口
𪞍	兼亼口
𪟶	半尚
𬔕	穴牙糸𠫓儿
𡮾	⻌堯小
䊼	糸止
𨅹	足十日十月
𤑫	火艹⻌夂丰
𦰤	艹宀牛
𩫛	高卒
𫥖	冫令夕卜
𫈺	艹木亥
𢈱	广禾刂
𥏋	先矢
𪨃	小扌卒
𧟀	衤單戈
䋦	糸每
劸	圭力
𢹉	扌禾乃頁
𦼜	艹走尔
𱕔	口匚艹𠂇口心
𡏤	土⻌屰
𱻥	戶习习厂屰欠
𪸄	氵臣𠂉丶皿亇
𫡠	𠂊丶買
𩷹	魚卓
𠴖	口亻立
𢴏	扌氵爪壬
𬩀	⻌不吕
𫪎	口忄夬
𢶟	手山鬼
𣗌	木⻌米
𡭉	半身寸
𪣰	土罒𪜀
𢢋	忄山立丿彡
埩	土争
祱	示丷口儿
𬕓	⺮夭小丿
𫸋	广黃亻乍
曥	日虎田皿
恜	忄弋工
𢬤	扌匚王
㤡	忄一夕刂
𡥴	子白工
𫒨	金土申
𰴂	衤厶大彡
𥵛	⺮曲辰
𧯶	山豆可
𫷓	【尚】巾亼冊
𠲤	口氵女
𠹼	口宀辛
𫅠	羊大艹世木
鎇	金尸目
𧍎	虫氏日
𦹰	艹𡕩（又）
𠍭	亻立口及
𨤻	爾王里
𬙚	罒世
𫵈	門心小
𪪆	平今心
𠬖	土厶衤甫
𧎷	虫芻
𬞨	艹火爪丨日
𠷤	口月包
蓃	艹叟
𠺻	口糸及
𣖛	卒一木
𠜯	牛口刂
𩬪	長彡乏
𤇤	火工丂
𧚢	衤亠口儿
𬥓	貝半
𬎵	生门才
𦡟	北月夌
𪟆	𠫓月刂
𩺪	魚舟殳
𪟙	艮力
𬏑	田竜
𪮒	手手目
㳥	氵王廾
𬕩	⺮扌卓
𡒪	坐益
𠇕	亻巴
𪪄	平刀丶心
𤊢	火㝵
𪱁	日勿里
𢀱	巨魚禾
𫫥	口氵宀示
𫮦	土非心
𡼹	山木夌
𣏒	木丸
𤠃	犭巠力
𠜮	每刂
𤻳	疒三（石）
𩺦	魚辰口
𤏬	火倉刂
𫱅	女干亼口
𬜑	舟力
𬟗	艹丨日宀婁
𡬼	𦉰山刂寸
𨬋	金冃免
𢗽	忄匕匕
𬴝	高堯
𫄉	糸足夂口
𪂠	果鳥
𪶛	木目水
𫏈	足光
𬡬	衤重力
唹	口於
𥾋	糸乃
𨎞	車敖
捛	扌吕
𢝛	忄丰刀大
𣋜	日木木示
𫮡	土氵火火
𢺝	扌艹糸圍人皿
𣠶	朱者見
𧌎	虫典
𬃤	木臼丨丂
𨂗	足子瓜
𫭐	圍口吕
𫘖	糸氏馬
椊	木卒
𬞮	艹⻌車亇
𣕬	木龶母
𬚊	老了
𧍐	虫亠亻一夕刂
𡮇	卒小
𣥱	止一口乂
𪝬	亻石卒
𠶡	口石廾
𠇼	亻乎
𡀲	口言亥
𠱜	口【在】子
𥭏	⺮厶牛
暏	日者
𬈈	氵井正
𡓠	土金昔
𨁦	足王廾
㷝	火穴犬
𨯸	金禾几頁
㳶	氵爪子乚
𬗀	米丁卜口頁
𦄣	糸衣八口
𦮴	艹年
𧄈	艹厶口一火日小
𢯦	扌來
𨨠	金勹米
𠟲	向釆亏刂
𫤾	冫乙
𢠿	忄爲
𨤧	里尔
𲄱	身臣𠂉三（口）
㓟	皮刂
𢶂	扌⻌冖車
𥖖	石皮扌巴
𪞼	亠乂凵羊次
𩩿	骨立日
𤲂	界下
𥍖	目臣𠂉丶罒見
𢫄	扌木乚
𪇫	鳥鬼斗
𪲂	木乙日
𫯗	夕夕氵口月
𨸈	门羊大
𧞊	衤𠂊用刀牛
𩓛	尸㇆口頁
𠶦	口广由
𡂮	口耒禺
𢴿	扌十日十月
𬖾	米皮頁
𬈿	氵宀丆皿丁
𤼕	疒耳戠
𢀨	巨丶艮阝
𬡢	衤向人大
𠶢	口氵由
𫴮	㝵亻二
𠑋	人四（人）十王廾
𪬤	自心必
𪿐	矢車俞
𣠳	矛木𠂊厂八言
𡂂	口言五口
莯	艹氵木
檊	木十日十人干
𥡗	禾馬
𪫦	忄左
𫶺	十艹一兀𠂊厂卩
𦷮	艹忄五口
𡓁	土罒能
𬛑	月白匕旡
銙	金大亏
𨅄	足車欠
𩆴	雨虎田皿
𬈎	氵禾斗
𭉆	口忄艮
𠶋	口艹介
𫃒	米艹甚
𨆿	足門夂口
𫯙	夕夕立丿兼
𣵴	氵口今
𪭀	辛刂辛心
𨡼	酉刂又皿
𩻺	魚非心
𠽋	口匚艹𠂇口
𫤋	言五口亻卬
𢂎	巾由
𫜍	鹿夂口
𠱍	口犭卩
𤒘	火⺮馬
𫗀	几二氵每
𬌖	艹白幺幺木片
𥘂	石䜌攵
洃	氵𠂇火
伩	亻文
𥬊	⺮斤
𪺃	火包【尚】土
𬕫	⺮由血
𫿐	己攵戶斤
𤂭	氵酉卒
𬋗	火包广廿巾
𣳔	氵用
𢪭	扌壬
𨦽	金文口
𡅒	口扌一白冖心夂
𡓂	土癶豆阝
𢩽	扌巳
𢢁	忄尸三（子）
𫃼	糸米斗
㨔	扌戊一口
𤉗	火孝
𤶽	疒十冖子
厙	厂車
𡄭	口從耳
𬛗	月門心
𫕡	雨北
𫨅	厂一白
𪤷	夕巾
𤹽	疒言内
𢬐	扌九日
𠥤	匚艹𠂇口酉
𬪁	卯丶丶口巴
㲸	氵乙
𡅋	口木臣𠂉丶皿
𠳚	口己攵
𦟜	月龶貝
𫌕	衤厂木木止
𡙧	大弓艹亡
𨄻	足寅
𫎚	買亇
𣄬	旁厂禾禾止
𡀬	口石卒
𢠥	忄十日十乞
𢥈	忄虎田皿
𫽠	扌爪田
𦵜	艹氵西
𠠉	皮頁刂
𬚱	肉毛
𧔜	虫車斤日
𠓐	光火火冖木
𩘣	風龶糸
𥑠	石甘
𪱜	厶口月
𦃯	糸田皮
菻	艹木木
𦁻	糸白工
𠄩	厶口二
伮	亻女又
𫽟	扌殳召
𡦮	子艹癶豆
𦅮	糸人四（人）十
𨈒	身卜
𡶁	山屯
𠫆	厂日子艹厶口
𪳨	㓁干果
𬨱	⻌阝且
𲉯	文隹十冂半
㯝	木足夂口
𪇪	扌啇鳥
𪫆	氵彐
𪜛	爪子乚𠂇巾
㗕	口甘冂土
𪶟	氵殳失
𫶮	工艹二厶
𣔝	木⻌屯
𨆂	足天韭
𠰃	口壬
𠗤	冫彳主
𠙅	几立
𧌂	虫止𣥂
𠁄	亼冊下
𡑳	土尹口羊
𦜘	月爪子乚
𠸣	口糸工
𢭿	扌氵巿
𡼇	山𡕩
𫫫	口一白冖夂
𢙩	忄耒
𪯫	斗丘
𦙣	月木
𪡯	口貝门
䚂	赤見
葻	艹風
𤴵	疒弋
𥵕	⺮日召灬
𬕰	⺮先夕口
𪪻	弓丙
𤎶	火爲
𨗛	⻌十日十月
𪒳	黑氵厂白小
𣛧	木三（木）
啩	口圭卜
哬	口亻可
𩖫	風方
𡥙	子召
𠼖	口木木女
𤠂	犭艹厶口
𨇛	足者見
𩝇	食甘木
䁠	目兼
𪦍	亡女光
𦝋	月門
𥱯	⺮日土寸
𬗢	糸罒𪜀
𢺎	扌月巤
𥈺	目爪丨日
𡳥	尸石卒
𠶌	口⻌斤
㮧	木烏
𬖉	⺮竜望
𧋍	虫扌斤
𥽵	米糸堯
䐠	月艹亡川
𠁹	中與
𣫷	每半
𥉮	目屰月
𫹰	心门
𠅜	亠亻一夕刂
𥞵	禾夾
𤮄	瓦鬲
𨄽	足阝𠂊臼
𥭵	⺮刀二阝
𪢃	口亠乂凵八夂
𪵧	气敖
𧒇	虫犭者
𫗄	几二俞心
𠯾	口亻九
𪠭	反阝且
𫥿	亠八乂刀
𠲣	口血
𢤠	忄夫夫車
𢣇	忄立日欠
𬇓	气⻌土羊
𣎖	月土半丸
𫅮	习习竜
𦒵	老口
𡖡	卜口夕夕
𢱨	扌文糸
𣖜	木田月
㮔	木重
𣉳	日罒土厶
𢹦	扌僉欠
𫏪	身虫
𡚄	大卓戈
𫵨	尸并牛巾刂
㴥	氵山小月
𥆺	目酉
𪪏	广卜尸
𥯇	⺮爪子乚
𧳇	豸亼口
𦢢	人人人月尸至
𢫅	扌丿七七
𤾷	白扌菐
𤭶	勹乂凵月瓦
𬍆	犭者文
𥉭	目扌斤口
𡦅	子芻
𫲃	女亠圍口示
𣄥	旁隹又
𣔤	木亻一口乂
𠖤	冖一兀非心
𥢅	禾厶卜貝
𤀞	氵艹者
𡏧	土亻立口
耚	耒皮
㝵	㝵
𩦓	馬開
𡨌	宀寸中
𨃶	足木夂口
𥓅	石吕
𢸡	扌齒
𫐴	⻌豕八
𠼿	口文口心
拁	扌力口
䱚	魚彐水
籚	⺮虎田皿
鮽	魚余
𠁟	並兼
𧀞	艹果一口乂
𪅴	亞心鳥
㦡	忄白幺幺木
𥹯	米耒
𧫼	言麻
𡌡	土弟
𬒊	石人二厶
𪯾	方口貝
𠞟	高刂
𠆳	人上
𠻇	口木曳
𧤂	夌𠂊用
𧜙	衤工貝
𦤠	自犬𠂇火
𠯦	口七刀
𬫀	里予圭
𣿌	氵⻌曷
𫺱	自心卜了
𠟹	刀予頁
𠖈	冖一兀下
𧑅	虫走戉
𫧂	牛口勹丶
䀨	目舌
𤴥	疒乙
𣐄	木中
𢟹	忄辰寸
𧰦	乙豕
𫑑	⻌咼年
㨴	扌十日十乞
𢢊	忄阝丷豕
𢷃	扌門市
𥱴	⺮扌甫
𥸍	⺮門單
𡙵	大目艮
𥺐	米口斤
𬑉	一木目
𤢇	犭⺮聿
𫔹	门市日皿
𢭗	扌丶艮
𤴬	疒刀
𨦦	金宀于
𫇊	自宀子
𨁲	足口巴
浽	氵爪女
噽	士口䒑口不一
𢘾	忄女口
𱿈	尸婁艹丨日
𢷴	扌匚中一貝
𩆍	雨氵爪缶
𤯩	王廾生
𤞽	犭艹亡
㨘	扌小丿目
𣔧	木女石
𬕷	⺮俞心
𡂹	口宀釆田
𣋻	日𦭝戍
𦞎	月立丿彡
𥶁	⺮辛束
磢	石大四（乂）
𤔾	艹冖一豕爪
𫘑	馬羊大
𨃽	足辰寸
𥼲	米敢
𠵚	口山厂干
𢅆	巾艹日月
𥗜	石單戈
𡞗	女𡗗キ
𪡽	口刂キ𠔀キ
𣉕	日三（又）木
𨄾	足宀大可
𢷰	扌車巠
𢲢	扌阝余
𡄮	口金柬
㖣	口立口
𤮑	瓦非心
懓	忄爪冖心夂
𤇌	火十口
𡈩	圍立里
𠠭	衤刀亻旡旡日
𪩜	山乂乂鬼
㦉	忄士冖豆
𬏩	疒小丿力
𣞪	木黑土
𪥀	广亠圍口禾夕夕
𣻀	氵糸内
𤹓	疒尹口阝
𩢦	馬冬
𧊉	虫乏
𡃌	口厂亻鳥
𠊜	亻女石
𪝅	亻木攵
𢵹	扌疒每
𪮞	扌禾失
𤺳	疒尸水牛
𬙽	羊䒑口令
𫑱	丶艮阝十日十月
𬧘	足火火冖木
𨪀	金甘木
𫇡	舟艹门柬
𱑮	衤甫土厶
㖸	口虎匚一
𨒺	⻌光
𣟩	木禾几頁
𫳹	宀必山兀
𡝔	土厶力女
𬃪	木竒
𢋠	帝广氐
𥄭	目午
𡎛	土八刀皿
𡳪	尸毛土隹
𪓇	黑真頁
𩇍	雨馬田糸
𫬪	文口米舛
䗲	虫米舛
𡓔	土广亠圍口禾
𫃵	糸婁
𫢠	亻艹尸
𢳁	广非手
𥷺	⺮言莫
𨉑	身呈
𪳋	木丂今心
𬜕	舟㕣凢
沲	氵𠂉也
䕯	艹西示瓜
𦄈	糸金刂
𠲜	口爭
𣙧	木目艮
𪽠	白𠁼儿由
𢴎	扌月丷口儿
𪭘	戶巨
𪀅	瓜鳥
𣦮	卒止戊一𣥂
𥗐	石三（石）
𬗲	糸攸彡
𢚼	忄山及
𤢽	犭斤斤貝
𪶎	氵扌召
𡳺	尸毛白鬼
𢤫	忄與キ
𥿺	糸亡女
𬊐	卜尸𠂇火
呌	口斗
𪅦	鳥圍戈口一
䈒	⺮十冂半
𪲇	木曲
𤻽	疒齒
𬊬	火卜口灬
𥟼	禾艹不
姂	女乏
抷	扌不一
𨀎	足立
𢺍	扌艹巤
𪵰	氵弓丨
𡃔	口扌一火日小
𪆥	鳥穴牛口
𬦋	走水丶
𬲂	几二俞
𤬀	瓜余
𡃒	口扌菐
𫀵	禾宀下乚
𢲱	手甘冂土
挕	扌耳
𫔬	万门
𣅗	日己
𣻂	氵扌斤口
𥋽	目罒卓
𢲩	扌糸及
𧒊	虫矢口日
𨐷	辛言乍
𣻕	氵麻
𧘇	𧘇
𫭻	土己心
𢹌	扌⻌尸水牛
𠼽	口爪見
𬑫	目一木弓单
𫹄	皮彐
𬩛	文寸⻌豕
𩷳	魚尸毛
𤃡	氵匕禾頁
𫕲	雨⻌俞
𤷵	疒土皮
𦞢	月圍豕
𠸢	口一口田
𧸰	貝車巠
𡮲	小言土寸
𡳀	尸毛𠂊厂卩
𨄊	足䏑又示
𪿽	石朱亼冊
𢰳	扌西女
𱚹	尺且
𫕨	雨厶大彡
𤷍	疒其
𡂯	文口丶艮月
𪬼	八刀心刂又貝
𢂌	巾亻弋
𨘱	⻌束争
尙	尚
𢺀	扌言莫
䘹	衤卒
𤠚	犭龶糸
𦄶	糸口艹介
𠻵	口莽
𠹗	口扌斤口
嘑	口虎乎
𬔒	穴氵㓁木
𥓶	石夂田
𣼬	氵日扌斤
疿	疒弗
𥔧	石重
𬫤	金罒𪜀
𫻅	忄白山及
𤶎	疒朱
𤉔	火亻乍
𬍏	亠幺𠁼十下
𡂡	口婁攵
胒	月尸匕
𫼻	扌亻白
𢫆	扌木一
㙮	土⺮亼口
𨥧	金乏
𣇫	日果
堛	土一口田
𫘴	骨尸至
𩠱	首⻌𠂤
𧀜	艹火爪臼
𥢂	禾麻
𢳞	扌耳冂土
𬓓	示乚木艮
𠀴	出下
𬠄	虫圍巾
𣦍	宀且正
𩐛	立日瓦
𠲦	口戈𠂇
𥽩	米⻌尸水牛
𡋃	土耒
𣞄	一木會
𠧍	雨而升
𫇂	尸至月巛亠乂凵
㹠	犭屯
𫂮	⺮其言己
𣵰	氵文口
𪤾	夕十日十月
𩄐	雨阝夂㐄
𫵃	小彐皮
𤍶	火田糸
𦵚	艹女又心
𧍉	虫广氐
𠋥	亻尸目
𠶄	口子可
䅘	禾來
𬎳	生木
𥐐	矢豆衣八口
𨁰	足口欠
𠾼	口糸𠂊巴
𤑯	火僉刂
𠿒	口曷欠
𠦿	禾尔升
𨗵	⻌气土羊
䃣	石爲
㤝	忄𠫓儿
粡	米同
𬢞	言亇
𫵛	尽寸
𡓎	土行韋
𦧷	舌广兼
𩙳	令飛
𦬑	艹女
𨁨	足犭王
𡛔	女下乚
𠄦	二及
𨇷	足禾女鬼
𥫟	⺮己
䘆	虫宀丰罒心
𬹷	齒宀于
𡁼	口氵西示
𨁯	足赤
𣌝	日日衣口口甘
㦆	忄虎乎
𠐞	亻三（石）
忇	忄力
𪷞	氵艹刂又皿
䤵	金非
𣡙	果束𠂊貝
𨙖	⻌龴用亠幺𠁼十
𡫡	宀牛門口
𪡗	口斤欠
𠝫	羊大刂
衴	衤冖儿
𢆕	平反
𠀫	其丿
𠝔	女厶口刀
𠶈	口衤土
䕱	艹豆頁
𠹾	爪冖又召
𤉛	火坐
𪄌	工貝鳥
𩼁	魚者阝
搩	扌舛木
𫺒	忄门日
𪩥	巨文口
𢮑	扌彑水
𤆷	火亻匕
𧺕	走勹丶
𨀈	足北
𱓕	口女又弓
湈	氵甘木
喡	口韋
𥊦	目矛夂力
槯	木山隹
𣙺	木𡕩
𭋙	口示彑水
𣾃	氵戊一口兀
𠛤	卜口刀
𨇶	足穴白方攵
𨆞	足曲辰
𠁪	壬中
𤹔	疒旁
𠗸	冫工貝
𤓆	火艹臣𠂉丶皿
𫌗	衤言身寸
𪩮	巴夌
𦏒	羊大艹田
𠸗	衤刀十口
𠺶	口糸内
𪧡	直宀寸
𠫏	厂禾禾止卒
𥓹	石廾失
𥊙	目𡕩
𡑩	土鳥衣
苝	艹北
𡳹	尸毛罒能
𠲔	口亦
𧶫	貝表
𦽔	艹木木示
𬬐	金重方
昛	日巨
橊	木丣田
𤷭	疒白勹丶
喎	口咼
𣑷	木小大
𤀙	氵口烏
𫖼	几二一木
𤾯	白氵㒼
𫽘	扌束力
𠚢	罒糸隹出
𨉓	身亼内
𣒲	木宀牛
𫆢	夌月
𪛇	龜圍口十圍口
𬁖	日生宀牛
槈	木辰寸
𦀌	糸女口
𤽵	白扌九力
𦆚	糸鳥衣
𪳌	木土且力
𥆡	目今口
𡎞	土卜貝
𢵱	扌開
𩸱	魚金
𨼋	阝虚
𬂆	丶艮月亇
𠺽	口乂木殳
𬃈	木乂乂攵
𠱋	口由
𢹧	扌酉鬼
𫕾	罒直非
𫶼	巴辛束
䌑	糸臣又土
䕺	艹业半耳又
𩛷	食不口
𫯍	夕夕丁
𣨰	扌丿七死
𥀪	皮亠乡隹
𦨻	舟光
𣀟	巴婁攵
𦆙	糸雨田
𪨀	小出
𬊨	火女又弓
𬔙	刀二立
睸	目尸目
𠊚	亻㝵
鯜	魚立女
𨎟	車田夂口
𢥉	忄艹氵昜
㗶	口癶弓殳
𡮹	小丿艹冖一豕
𣠑	木⺮⻌夂丰
揞	扌立日
𧯄	禾日八人口
𡮛	小氵日土
𠟤	羊䒑口刂
𦲵	艹彳正
𫫞	舌今心
搙	扌辰寸
𩆬	雨业冖一豕
𠶞	口忄生
𡅠	口糸黽
𥺓	米吕
妸	女可
𨅸	足⺮土寸
𠯼	口亻丁
𦘹	月山
𨮶	金氵西示
𧍏	虫女十口
𨦩	金亡女
𧟁	衤馬并
䀡	目卜口
𧚭	衤并
𤝹	犭朱
𠺸	口氵彐冖又
𫤒	亻匕頁艹冖木
𩛂	食女又
𡃏	口阝左月土
𦟒	屯月𠂊厂卩
𩈂	非虫非心
𦄞	糸門口
咘	口𠂇巾
㧾	扌勿心
𡂱	口癶豆阝
𣜴	木俞心
𤹖	疒車干
𫸐	广黃⻌豕
㩇	扌聿田一
𨑻	⻌冖儿
𦵘	艹而女
𪢠	口艹门柬
𣘄	木言丿七
𪶼	氵小丿士口
𥿠	糸𠂇巾
𫅕	羊厂氏
㹦	犭召
𢯰	扌彳聿
𠴊	口吕
𡛤	半女
𣿅	氵艹重
𪘬	齒厂圭
𫅸	老女兼
𫥕	冫令甘
𬞑	艹口十冂半
𤍋	言乞灬
𪄞	鳥芻
𪟒	方𠂉矢刂
𫣪	亻戶冊小丿
𬅉	木艹门柬
鮧	魚大弓
喐	口𠂇月阝
𤎓	青彐火
𬹙	真黑
𢲛	扌彳走
箻	⺮彳聿
𤵡	疒乎
𦖑	耳宀且
𡗊	夕夕堯
𦼠	艹開
𬠥	虫王廾心
𬲢	食堯夕夕
𤊠	火石廾
𣇞	日余
𢵧	扌門日
𤑈	火彳山王攵
𥿤	糸丘
𫷝	平亻青
啨	口青
𬨿	⻌米二厶
𤾱	白宀心皿丁
𬄯	木其石
𤇦	火戊
𩓜	艹亡頁
杺	木心
𪜀	𪜀
𥖑	尸毛石皮
菷	艹彐冖巾
𡓅	土艹阝今二厶
𥹞	米曳
鐱	金僉
𤶻	疒見
𡎠	土乃又皿
𬒜	石卜了見
𪬌	忄刂又皿
𫄺	缶呈
㦃	忄立丿生
𡙦	芻大
𪨞	尸婁匚巾
絬	糸舌
𣌺	曲口丩
𡀨	口衤甫
𢩭	扌寸
𡄥	口僉欠
𬐂	癶一𪜀士
𨪝	金虎文
𱤔	木艹叕
𡚝	大目目隹
𫁚	穴𠂊用斗
𥾵	糸反
𥵙	⺮罒卓
𤲌	王廾田
𠰳	口丙
𪃲	鳥者
𪧺	是寸
𫸎	广黃青
𫢋	亻天
𡌠	土亻氐
𬌌	爿釆田
𫽰	扌亼口日
䐥	月公习习
𤵹	疒士口
𡡇	女羊皿
𧀓	艹尸婁
𧓭	虫糸白巾
𪫢	忄卜了
𢵸	扌隹木
𪭄	忄宀夂口頁
𡪦	宀氵者
𬚿	肉门木
𪺦	片月昔
𫦑	羊灬刀
𥋕	目欠皿
𠝻	甚刂
䁲	目買
𡎜	土十冂半
𣼫	氵里予
𠓀	先田夂口
㜮	女臣𠂉丶皿
㦓	忄䏑犬灬
𨓡	⻌王廾
𤠄	犭爪可
繏	糸巽
𫔦	午開
𧾿	足了
𦁼	糸木攵
𪮀	手阝一兀
𢤽	忄臼同𠔀
𤎍	火圍戈口一
𫤕	亻匕頁西示
㾄	疒由
𢢆	忄羊䒑口
𧑒	虫亠口子攵
𫏄	足甘
斍	文見
𣑎	来下
𬘏	糸火堯
𨅂	足不見
𪴽	不正女小丿
𨅷	足阝丷豕
樶	木最
𢢇	忄最
𩩩	骨表
𨇸	足⺮旡旡日
𬆸	母亠圍口示
𡨸	宀丁宀子
𨆸	足厂白小心
𠏦	亻勿亠口冖丁
𤏫	火⺮聿
𣾸	氵扌是
𫸍	广黃卓
𧉙	虫屯
𬨺	⻌車上
𨼼	阝可爪子乚
𪹏	火羊大
㴷	氵耳冖儿
𥯓	⺮甚
𪰛	土寸日
𫹭	乃心
柉	木乏
𪐢	黑士
𣞾	木艹婁
𫕸	青亇
𢜡	忄立女
𫩓	口凢
𨫇	金月䒑大
𦹻	艹氵爪壬
𢘽	忄曳
𢶒	扌會
㤥	忄亥
𢠯	忄丶艮月
𡍜	土門
𫃡	糸立
𨃌	足扌土寸
𡂄	口皮頁
𣻽	氵月巠
𤶹	疒尸㇆口
𦠱	月⺮亻戈
𩍓	革亠乡隹
𡻖	山口貝
唩	口禾女
𫦘	𠂊四儿夕刀
𢗖	忄壬
䋖	糸聿
𢙫	忄圍大
𥻙	米羊大
𫲬	乃子者
𥋼	目禽
𥙒	示乚土厶
㗂	口小丿目
𠱇	口穴
𪝩	亻羊圍巾
𠅳	亡口貝
㘓	口門柬
𨧠	金月干
𢞆	忄立丿彡
𪮏	手田心
𥋔	目𢽠
𪷧	氵尹口羊
𫭚	土小
𬦹	足夂木
𫆶	卓戶月
𤇣	火生
䁐	目艹冂大
𦝬	月穴犬
𦞓	月氵𠂆𠂢
䰼	魚今
𨮻	金广里八土
𬍉	犭勹口乂乂攵
𠿮	口食欠
𫭕	亼冊圍口貝
𫛕	穴牛口鳥
𠹵	口日宀女
𥛭	示乚隹又
𧙼	衤厂止
𣑺	木虫
𥼕	米⺮立
𡡅	女鳥
㳝	氵亻壬
𡅩	口曲豆𠂊巴
𢞂	忄八刀皿
𬨟	⻌八刀
𥽇	米戊一口心
栣	木亻壬
𩅛	雨⻌夂丰
𧁹	广車艹十口
𡂒	口斤斤貝
𪷗	氵月卑
𥆻	目吕
眪	目丙
𤊩	火木木
萻	艹立日
𬂻	木𫔭
𧿑	足弋
𬞁	艹日十口儿
𡉾	土心
𡹟	山木冖儿
𠝓	亻夕夕刂
𪩼	巾爲
槶	木圍戈口一
𬆘	死宀女
𧙻	衤聿
𢭼	扌女小丿
䗔	虫侯
𩸴	魚矢口
𤺰	疒金欠
𫰄	爪幺大可可
䐏	月𡗗日
𧥔	巴𠂊用蜀
𪟚	夕口力
𣛱	木穴𠂊臼
𨎆	芻車
𠿈	口禾火心
𠥈	匚土欠
𫉱	艹米丶艮
𢭭	扌火土
𢭂	扌宀牛
𥿡	糸尸匕
嘺	口喬
藞	艹三（石）
𲌀	馬糸冬
𫿟	扌非乂乂攵
𡎟	土禾日
𪦼	子白勹丶
𫣸	亻曾士
𢁋	巴阝夌
𪗀	自田丌曷欠
𫰤	女米
𧒉	厂豆寸虫
𪟽	卜了
𢙬	忄亻尹
𪽐	丿界
𡁤	口門夂口
𫃈	米臼丨丂
鋾	金勹缶
𡮘	甘木小丿
㖻	口矛木
𬱶	几二幺㇆
𧕬	虫示曲豆
𠸤	口彳土寸
𡂈	口亻菐
𪢈	后婁
𱚫	小丿矢隹
𤌋	火鬼
𢭬	扌亻半
𦛽	月口今
𡃳	口臼同𠔀
𬌣	牛土寸亇
𠉟	亻木千
𫽖	扌阝且
𡜤	女土也
𥯝	⺮穴犬
𢴕	扌宀一皿丁
侱	亻呈
𣢹	耒欠
𠀳	厶人下
𫫹	天口立丿彡
𤔯	爪⺮聿
𣻉	氵世冖巾
𫆻	月匕日阝一兀
𢫙	扌亻弋
𩼷	魚业羊寸
𣷱	氵亻一口乂
𢘬	忄𠂉也
𡋿	土吕
𫶻	巴臣𠂉丶皿
𡀫	口亠圍口禾
𡀤	口⺮丰寸
𡚚	大束𠂊貝
𫽅	扌土厶刀丶
𢵫	扌丷酉大
𢬅	扌小大
𥫭	⺮女
𬙾	羊大世木
𧸓	貝氵者
𡰏	兀氵亠口小
煏	火一口田
𣛪	木彡頁
𤾓	一白木木
𡵺	山勹厶
𫸽	弟大电
𪓈	黑艹𠂤辛子
𠾺	口羊䒑口
𩘫	風氵每
𪧍	宀一兀下
𪬮	忄聖
𦟹	月山亼冊
䢦	⻌亠幺𠁼十
𬛡	月昜西示
𠶉	口亻壬几
𨅍	足門日
趂	走尔
𡐮	土爲
𫧇	匕匕
𢪀	扌卜㇆
𩄏	雨風
𬧾	雨田車
𦟼	月門才
𧏷	虫亠幺田
𪀚	鳥戈𠂇
𤚆	牛阝皮
抩	扌冂土
𫮢	土⻌龴用
𢮿	扌千北
𤉚	火口欠
𪮣	扌支扌斤
𣋩	日辛束
𨑗	⻌上
𫲰	召子丿糸
𫴐	寒甘
𣼳	氵土半丸
𧀨	艹巤
𥍒	目⺮戊一口心
𪞧	冫令一夕
𡁚	口氵𦰩
𧒌	虫足夂口
𪡊	口豸
䒜	艹牛
𪥌	向人大
𠲓	口夂㐄
𫠹	上能
𬧺	車芻
𠸙	十口王廾
𬅽	冫卜了止
㥥	忄禺
𣜳	木艹風
𦀋	糸冫水
㭨	木牙阝
𱕷	口三（免）
𠸂	口穴犬
𠱊	口亻士
𣳪	氵一口乂
𬆜	死石卒
䊟	米㒼
𨁼	足奔
𪧄	子瓜山鬼
𢩾	扌丸
𤤰	王𠂇巾
槺	木广隶
𦵗	艹言十
𬰹	立日由
㟴	山鬼
𥆹	目山及
咾	口老
𫥨	罒大出
𫺙	忄刂一乚丨𠔀
𬨸	⻌乃又皿
𠰷	口卜尸
𬄪	木女甘木
𬮌	文キ門
𢬣	手西
𨃰	足兼
𠞠	刀禾失
𩸰	魚子瓜
𢖱	忄乃
𫄑	糸食爪女
𫡇	八刀中
﨤	⻌及
𡮩	門才小丿
𬃂	木木五
𧋶	虫氵殳
𦝺	月羊大
鸜	目目隹鳥
𨶛	門工貝
𩭶	長彡氵由
𫊶	虫光
𣮇	吴毛
𫣽	亼口皿𫔭
𫢱	亻罒𪜀
𥯎	⺮广卜口
𠴗	口木土
𤻬	疒辛束
𫹣	彳一火日小
鍄	金亠口小
𦓿	耒其
𠍵	亻羊永
𡾬	山⺮馬
𦢞	月魚日
𫑐	⻌束戶犬
𤹾	疒日每
慃	忄公习习
𤓇	火王敻
𫡾	亡忄口月
𬳤	禾日匚艹𠂇口
𡪜	宀氵㓁木
𩙕	日共水風
𧞿	衤厂禾禾止
𠻛	口⻌牛口
𬠌	虫刀二阝
𪫚	氵土厶彳聿
㙤	土虎乎
𥄬	目五
𤉠	氵冖儿灬
𧤭	巴𠂊用刀牛
𫩒	口巾
𥋲	目广兼
𨤔	尸毛爪木
𬥮	𦰩八刀貝
𨙝	雨田⻌艮
摪	扌爿䏑寸
㥬	忄旁
𤍑	火糸冬
𩸵	魚彳正
𨁮	足文口
𠹰	口貝乏
𥆿	目求
𪯝	散氵西
鈂	金冖儿
𫵫	尸婁扌匕匕
𨬉	金土隹
𢄩	巾帶
𬳖	首亻卬
𫁎	穴工子乚
𥈢	目羊大
𨃺	足糸内
𬷨	辰寸鳥
㩱	扌爵
𬨙	辛弗
槩	艮旡木
𫽕	扌亦又
𠋦	亻甘木
𬐒	巴皮
𡾭	山广亠圍口禾
𤵢	疒丘
𢳥	扌⻌牛口
𪡝	口共巳
𬋲	爪子乚巫
𫣏	亻竜
𠴒	口亻令
𥟈	禾束
𩺧	魚火至
𠪸	厂艹世木
𣋇	昜文寸
𪘌	齒一口乂
𬣌	言甘木卯
𣦆	厂止一口乂
𦂁	糸丷豕
𩸲	魚亻一口乂
𪰰	日土寸亇
𪟸	半旁
𢴾	扌非心
錩	金日日
𦡯	月⻌土羊
𡖼	並夕夕
𠤧	匕扌是
𨒹	⻌一白
𧍅	亻一口乂虫
抺	扌未
𠺕	口卯田
𫒂	尔里
𨰇	金僉欠
𫽹	扌由聿
𫜶	月亠口子攵
𠱶	口宀于
𫿿	八乂斤一火日小
𫠳	下亼冊
𣱿	氵人
𫴭	彐寸心
𤍌	士尸彐火
𪲣	甘木亇
𪿗	石尸匕
𬌱	犭门才
𧊋	虫申
𫻤	忄文厂彡頁
夣	𠫓罒冖夕
㹫	犭大弓
𧹥	赤木土
𬐾	甚氵欠皿
𱻛	其习习
𫡪	甘木乙
𠵴	口亼口卩
𥐇	矢豆艮
𫼰	扌女口
𣷴	氵表
𥑃	石亠卜
𦪏	舟⻌龴用
𠶂	口乂乂攵
𢱎	扌手一丰
𢱔	扌八刀皿
𢏠	弓氵工
𫁞	立亇
𪱅	日氵者
㳉	氵月
𬐉	小彐白
𱔪	口文隹
𥅞	目弋工
𫡮	⻌米乙
㯖	木𢛳
𨏧	虎田皿車
𡏥	土扌斤口
𧐺	虫⻌龴用
𬥠	弋二貝及
𦀾	糸广木
𨅥	足非心
𪨠	尸婁亻半
𬌴	犭彐火
𨆟	足艹重
𦤮	⻌艮自犬
𡔖	土䜌攵
𪯊	丩攵亇
𬋙	火臼同𠔀
𩸄	魚果
𦙏	月山乙
𨔾	⻌者
𪀐	鳥乏
𬀺	巳日勿
䑅	月夢
𬩢	⻌戶冊立
𠸡	口氵血
䕝	艹禾爪冂土
𧓮	王白石虫
𨃎	足刂又皿
𨰴	金日衣口口甘
𤃟	氵亠乡隹土
鑅	金火火冖木
𤭸	尸并瓦
𬞲	艹虚亏
𡔍	土穴賣
𪿏	矢豆亼冊
𫻐	工凡心事
𫓟	金口口馬
哣	口豆
𥃛	舟殳皿立日
捈	扌余
𪾯	目斤欠
𱢯	艹世木日
𨤯	重同
𬂸	木攵小丿
𦡋	月屯頁
𠃩	九人彡
𢭯	扌氵夬
𤻻	疒𦭝戍
𥵚	⺮堇力
𢜏	日月心
㗁	口口口亏
𫑹	酉來
拞	扌丘
𣍊	曷尽
𠓁	光羊永
𪢤	口矢喬
𦂺	糸立日
𪽗	尺画
𫼜	手卜口
𣼪	八氵戊一口
𨻮	阝宀一兀攵
𥌷	目宀丰罒心
𪦸	子亠八
𣱶	氵卜
𧏰	虫耳冖儿
𪥑	大示乃
𨃕	足亠幺田
𡮜	⺮夭小
𡃙	口𦭝戍
𦪻	舟宀艹見丶
𧓅	虫曲辰
𥸝	⺮言夫夫貝
𬸼	尸匕鹿
𫋻	衤人二厶
𡅫	口車喬
𡳵	尸婁艹丨日
𫀢	示山鬼
𠽮	口扌是
㨐	扌亻口木
㘨	土内
𣙯	木土隹
䶞	齒其
漨	氵⻌夂丰
𪷹	竜氵可
𣙷	木莽
𪺓	爭亻丁
扲	扌今
𤸧	疒宀二日
𫅷	艹人木老
𫜧	齒宀丆皿丁
𤁖	氵衤果
𬱎	丁頁亻立口
𫒥	金亡心
𢵬	手巽
𪰮	日牛巾刂
𫀅	示卜口
𠉜	亻尸毛
𨧣	金士冖几
𡀧	口斗畏
𤂫	氵口十艹貝
𣆮	日广土
𠽞	口氵日匕匕
𣞅	果月䒑大
𨦙	金一夕刂
𢴛	扌斤扌支
𠏟	亻亠圍口禾
𠻁	羊儿司
𥇽	爪子乚目
㶤	火夕
𬏥	疒𠀉卩
𢢂	忄糸士口
𫽤	扌火卜尸
畱	丣田
𤿤	⺮皮
𦉱	罒七
𥟊	禾五口
𨂚	足丷共
𨰧	金宀龍
𪜘	石皮乙
燫	火广兼
𠘃	冫重力
𪯕	方攵亻乍
𣌁	日豕者
𣔢	木亻夕夕
鸌	鳥艹隹又
𢬇	扌宀寸
𨫉	金日土寸
𪜯	亻另
𦘧	尸毛聿田一
𫬎	舌离
𱜗	吕巨
𥩯	立乃子
𨄳	足艹甫
𬇋	戶氏
𥊤	目彳㝵
𪱎	日生俞
𠽆	口言内
𬈉	氵土后
㮠	木艹冖木
𠶙	口艹不
𱕫	口亠乡隹瓦
𥊢	直尚
𠲠	口丩攵
𭉷	口示且
𣋛	日艹氵夂口
𥗍	石禾丿刀人水
𤹑	疒亻今心
㩒	扌木木示
䓡	艹矢口
𧿭	足日
𪡻	艹丨日十口
𢴓	扌不見
攑	扌與キ
𠿶	口氵隹十
𠴙	口扌巴
緓	糸艹冂大
𫏖	足爪一𠂇又
𨭒	金月穴工
㾑	疒亼口
𧀑	艹禾重
𩲥	鬼厶口
䱾	魚婁
𢬹	扌土土乚
𠸔	口艹市
𢫛	扌王丶
𦡮	月並日
𪁃	亻牛鳥
𨻬	阝自犬
𣞍	木罒者
𣃺	方八人口
𤒙	人彡亠口子丸灬
𦄷	糸⻌龴用
𪺬	牛九日
𧁶	艹广四二八土
𡦂	宀子宀子
𧹋	亻弋貝爲
𫄁	糸艹日月
𫉕	艹人木力口
𬕺	⺮竜亇
𲌬	鬼非
𥺹	米宀夕卩
𥹰	婁𠂊丶
聀	耳戈
𢱚	扌風
𠶣	口木攵
𢝳	氵共心
𠴋	口扌九力
𫇈	臣卒
𫻣	忄鬼卒
𡍘	土牛巾刂
𥨨	穴工工貝
𥚥	示乚禾刂
𫴶	广士口䒑寸士寸
𡀭	口臼田力
𫄃	糸亠口子攵
𩵝	魚才
㦖	忄門心
𣨮	一夕爪壬
𪫶	今心亇
𠳙	厶口亻弋
𤮥	瓦匚三（口）欠
𦙦	月心
𬗁	西米骨
𣑶	木示乚
𢟙	忄金十
𤊡	火𡗗キ
𥏌	矢先
𤢔	犭曷欠
唭	口其
𤛠	牛婁
𫃋	米金十
𤎕	火釆心
𦀨	糸刀二阝
𪝎	亻木令
𬚇	戶习习氵夬
𡄐	口亠乡隹土
𥉰	目爪臼
𢴊	扌⻌豕
𥒥	石夕夕
𩄰	雨一夕刂灬
𩼈	魚向釆大
㖧	口氏日
𡁽	口木艹人木
𪡱	口耒毛
𡀩	口艹氵夂口
𥅲	目朱
𠦯	半艮
𥭎	⺮氵亡
𢩉	戶共
𫨯	土厶非心
槹	木白𠁼十
𤮘	䏑又豆瓦
𦛌	月聿
𣖠	木艹出
𬌘	牙山我
𢴩	扌⺮聿
䴈	向米大鳥
𢥣	忄⺮門月
𨫪	金𦰩
𪢜	口金甫
𡈈	圍重
𣻇	氵⻌艮
𩩇	𠫓儿骨
𣜶	木⻌曷
𤎑	火𡕩
𬷶	亠圍口禾鳥
𫆜	肉尸匕
𦛺	月另刂
𥈱	目乃又皿
𬯜	阝可艹内
䳱	矛夂力鳥
𫼳	扌艹亡
𫤯	厶大彡八
𫡯	十日十月乙
猉	犭其
𭉑	口阝艮
榡	木龶糸
鑨	金龍
𠁸	中中卒
𫲳	【在】子尹口羊
𦭪	艹勹乂乚
𡋥	土士口
𡃍	口僉刂
𪃿	可可鳥
𫰮	女艹戶
𤷿	疒穴犬
𦪂	舟彳走
𦀪	糸亻白
𫅖	羊大扌口
𣠱	木⺮旡旡日
𬓐	示乚厶口心
𠭤	吕反
𣉷	日勿示乚
𣝀	木堇力
㦗	忄木木示
𨭏	金月穴工
𬜉	舌田心
𱓱	十口衤刀
𧐸	虫用口彡
𬑑	目老
𬇆	毛堯
𩠳	首木隹
𬮙	门万
𤡚	犭艮旡
𢵷	扌宀丰口刂
𫰸	女干卯
𠶚	口女可
𡁙	口忄艮旡
𫮱	其土年
㑫	亻今心
𪺛	八乂缶
𪬙	忄氵口月
𬏧	疒扌丸
𬚴	肉匚巾
𡑱	土尹口羊
𦢡	尸至人人人月
𣠺	木⺮僉
𫣰	亻申爪一𠂇又
𬥔	斤貝匕
𨔿	⻌豕十
𫬣	口口犬目小丿
𠯇	口己
𠦹	十⻌豕
𠨪	𠂊厂卩堯
𣿃	氵阝禺
𬲠	食俞心
𠸕	口儿幺月
𫡽	亠八乂吕
𣵯	口欠水
𥳂	⺮田夂口
萫	艹禾日
𫸿	弓单乏
𬉰	氵戈戈曲辰
𤯭	並生
𫑓	⻌𠂤田夂口
𤣡	犭蜀直
𣼺	氵𡕩
𢯏	扌彳皮
𫑒	⻌束亻立口
𩻐	魚𡕩（又）
𬠇	虫兴
𥵗	⺮立日欠
𥘶	示乚八刀
𧕃	虫毚
𥆄	目光
𧎠	虫儿幺月
𠀗	龷丿
𪽃	生𡗗キ
𠻤	口寅
𢪯	扌大丶
炐	火丰
㡴	广立
𥯋	⺮日月
𦬶	艹午
𥑭	石巨
𥊟	尸目刀丶心
𣡯	罒土厶木幺幺戈人
㩢	扌𦭝戍
𣝉	扌业羊寸
𬲊	非心飞飞
𢱛	扌氵西
𣙹	束日匕匕
熷	火曾
堒	土日匕匕
𧉝	虫下乚
𩆐	雨亠圍口禾
𬦮	足耳
𣏾	木戈
𬀫	文日
𠺴	口艹夂口
𦝉	月广氐
𪽡	巴釆田
𦩚	舟木攵
㒙	亻糸白巾
熑	火兼
𧏴	虫⻌𠂤
𪮯	扌口耳亇
𫋙	虫強
𢫗	手白
𥐨	石也
𠿱	口⻌首
𪺵	牛非心
𣞂	木⺮彐冖巾
𧺁	宀釆田赤
𢯷	扌韋
𫢧	亻文口
𩘄	風木攵
唫	口金
𡊱	土召
𣉴	日木至
𫊍	艹世木山今
𤂧	氵艹⻌夂丰
𪂮	子瓜鳥
𪞻	亠乂凵吳
𨔉	⻌文丰
㵊	氵最
𥋟	目羊我
𥖐	石阝丷豕
𡃎	口乂乂木木大
踭	足争
𡑴	土尸共殳
𪨝	尸毛禾日
㐻	亻内
𦧃	尸婁艹隹臼
𨔌	⻌子瓜
𬟥	束艹白𠁼木
𪮽	手斤斤貝
𩹪	魚尸目
𫵇	尸目尔
𩠠	首人二厶
㭲	木八人口
胋	月卜口
𬏗	釆田次
𡳎	尸毛吕
𡆍	口方𠂉矢魚
怑	忄半
𡬈	宀龍下
𢅄	罒土厶𠂇巾
恑	忄𠂊厂卩
𬟴	虫山
𱔩	口单戈
𪝯	亻立㝵
𠬕	土厶衤甫
恄	忄士口
𧜗	衤馬
𦤭	自犬一夕刂灬
𫆃	丩攵耳
𡀂	口雨田
𬐼	氵欠皿土厶力
𬞺	婁艹丨日
𪟞	田力才
𣈝	日文丰
𩆢	雨田立日
𢏣	弓曲
𪽵	疒子瓜
磾	石單
𠉞	今尸匕
𠽁	口虎夂几
𡅑	口禺頁
𡆘	口日幺幺灬頁
𥢫	禾宀丰口刂
𠴉	口阝一兀
𧃋	艹食余
𠶁	口刂キ𠔀
鈘	金支
𡴢	屯並
𤢿	犭三（石）
𥽤	支糞
㶥	火干
𫼠	手主
𦙥	月子乚
鑟	金賣
𥢐	禾自𠁼十
𩅜	雨丶艮月
𨇀	足⻌中一㠯
𥀌	皮艹厶口
𬗝	糸龴用
𬛀	戶月工
𫿸	人止余斗
𦄵	糸釆心
𧦿	言丙
𪬔	忄一夕朱
𫨰	非心土厶
𦞑	月不皿
𫡱	又又二
𫾖	手一丰口貝
𧤥	𠂊用虎文
𧀏	艹金𠫓儿
𠧆	䒑共卒
𥷓	⺮食爪女
𫳭	宀竜
𥿣	糸工丂
𧋀	虫⺍川
𠊫	亻勹日子
𤶼	疒艹亡
𫵄	艹冂大小
𬒩	石一日乂旁
𡓟	土束攵正
𬷸	鳥食爪女
𥐦	石己
𥺖	米不口
𬡮	衤爲
搝	扌自犬
𬳠	禾火禾日
𣌹	曲不一
𦁢	糸長
挸	扌見
𬟣	艹氵束刀貝
㗱	口隹木
𬁒	日矛夂力
𢴍	扌寅
𢗸	忄斗
𠲿	口束
𩂀	雨干
洅	氵一冂土
䗀	虫夌
爉	火巤
𢊑	广𤰇
𣘽	木小丿免
𦰠	莽（公）
𤵴	疒亻士
𢥶	忄禺鳥
𠻦	口𡕩
𬓟	离禾夕夕
𱪁	氵艹一火日小
𥏍	矢夕口
𬕾	⺮竜目
𡭬	小门才
𢯚	扌爪子乚
劕	斤斤貝刂
𪇩	金艮鳥
𨅽	足門木
㾯	疒畏
𫏽	竜車
𪫊	开彡亻𡗗キ
𤜬	犭山
𬇉	氐刀
捇	扌赤
㧶	扌身
𨓐	⻌吕
𫴇	宀上小又永
𤋾	火立日
𠽙	口亻叚
𥈁	目⻌卬
𨀌	足另
𫭵	土忄丑
𣔨	木止月
𪃴	鳥爪可
𤍊	火龶糸
𨅮	足者阝
𬊁	火冂土
𣜾	未氵者
𢖮	乙必
𡎣	土日召
𬁐	日月余
𣓋	木艹匕匕
𦣕	月西示風
𫷆	巾𦉰山
𠸟	口不皿
𫱑	女石乏
𱢱	日虚亏
𥅃	目日一
𣌴	曲月
僘	亻尚攵
𣍀	曲口木
𧯵	豆𡗗キ
𪽨	疒一夕
𡄰	羊䒑口卒
𦗏	耳丶艮阝
𨫈	金广坐
𠄧	巴二
𤃝	氵厂禾禾日
𢮪	扌丷共
鎶	金可可
𢇡	广亏
𫦻	田力匕匕白
𬎹	生用口
𥸓	⺮扌三（耳）
𪄦	鳥艹人木
𦹴	艹糸乏
𥭌	⺮宀丿七
𡂑	口舟殳皿
𢵪	扌非文
蚽	虫不一
𣽀	氵一白一介
𧋷	虫己心
𫕹	青生
𪂲	子瓜鳥
𬈽	氵爪子平
𧥃	𠂊用阝丷豕
𣒵	木己攵
𪷴	氵坴丸灬
𫵧	尽𡗗水
𫄎	糸尸婁
擼	扌魚日
𪝱	亻山隹亇
𧍌	虫氵召
𬞎	艹小丿免
𨏄	車巠耳
𢺒	扌魚𡗗キ
𪢍	口糸士口
𪝳	亻氵𦰩
𤞻	犭今口
帒	亻弋巾
𫅫	手一丰习习
𦼞	艹余田
𪝌	亻龷田
𫌌	衤山宀示
𩌂	革艹厶口
𬮷	门刂キ𠔀キ
𡮒	禾子乚小
𦚕	月甘
𠴛	口穴力
𨁭	足女小丿
𠸧	口忄夂口
𩘬	風⻌艮
𬕳	⺮馬亇
𦄠	言内糸
𡃻	口艹癶豆
𥟉	禾禾几
𡎥	夕卜坐
𪒷	牛疒甘黑
𢪳	手及
𫖚	立日寅
𥫌	立三（石）
𢴋	扌糸冬
𤺱	疒䏑犬灬
𬅂	木十口亚心
𩪽	骨匕四（幺）斤
惍	忄金
𩸸	魚妻
𨰪	金釆睪
𫋿	衤木攵
𤋶	火艹令
𣗼	木口貝
𫗌	奔飞
𫜈	每卜圍乂
𩄴	雨亻𡗗キ
𩺢	魚扌斤口
𡆄	口扌三（耳）
𪭫	扌丁方
𡳃	尸毛人二厶
𦡢	月艹婁
𨮒	金夢
𦷭	艹木人二厶
𫱸	女干𡗗水
𢀭	巨十日十月
𪢌	口门柬
𬉪	氵弱文寸
𧵆	貝斤
𧖃	虫虎鬲犬
𤐠	火示彑水
𠶟	口扌甲
𨀒	足𠂇巾
𨠣	酉正
𨐺	辛曲辰
𠴌	口彐火
𢛨	忄於
撛	扌米舛
𫱞	女文隹
𫡁	兼並
𥻧	米兼
𪷪	氵亏八刀貝
𦷫	艹氵每
𪤘	厶土甘木
𡍋	土奔
𪀄	卜口鳥
𫱬	女十口尸毛
𤃥	氵艹癶豆
𡂵	口日亠口小彡
𫵭	尸婁咼
𡀿	口尸婁
𦴋	𦭝冖又
𣅵	日心
𬖫	西米殳
𥛉	示乚手一丰
𪵅	一夕亼冊
𫋶	衤刀亇
𪪪	广廿又耳止
𥍍	目艹臣𠂉丶皿
𦙜	月厂卩
𡗶	天上
𡄦	口臣𠂉三（口）
𥺕	米扌巴
𤡁	犭㒼
𣘾	来戶月
𩟬	食三（石）
𬰉	雨田艮
𥕌	石車斤
𬊠	火亻壬几
𢙕	忄亦
𩚦	食七刀
𣓦	木氵乏
𢚴	忄刀丶心
𡒫	土木甘冂土
𩮿	長彡土半丸
槞	木竜
𬖅	⺮竜习习
𤺮	疒戶隹
𨆡	足艹世木
𦠽	月爲
𠽗	口目艮
𱤎	木糸冬
𤃞	氵目㒼
𥇈	目圍屯
𣊋	日干矢口
𡄏	口忄戊一口心
𠵏	口匚亼口
𤜭	犭子
𣔟	木艹不
𤴶	疒士
𧍆	虫子瓜
𠠑	⺮艮卩刂
𠸍	口羊大
𤽴	白孝
𬯹	雨殳
𡡂	女羊永
𢱏	扌言丁
𧴋	豸西示
𢴚	扌匚艹𠂇口
𢟑	忄車干
𫴋	宀竜下
㭁	木乃
䟻	足余
𪩺	彐冖巾夬
𢗆	忄一乂
𥓳	石彳皮
𥰈	⺮亻呈
𦞏	戊一女肉
𤇧	火亻士
𦋂	罒日寸
𫷗	年女又
𩏳	韋白鬼
𨵣	刂キ𠔀門
𩘨	穴人口風
𬥣	八刀貝𠂊厂卩
𫴺	木乚小
𥒅	石一口乂
𥇶	目金
𣛤	果來
㗳	口⺮亼口
𡑪	土艹曷
𪅪	亠口子阝鳥
𬍀	犭衣龷
烸	火每
𧏲	虫一夕刂灬
𨅞	足⺮亼口
𧋄	虫共
𧻩	走老
𤞺	犭牛口
𥱱	⺮立卜口
𠰙	口干刂
嘇	口三（厶）人彡
𦀚	糸呈
鐛	金日亠口小
𦢾	月山疑
𫄼	缶甘木
𡀮	口鳥衣
𢯨	扌艹巿
𱔒	口言殳
𥄵	目术
𱤒	一木莫
𤅉	氵雨丶艮月
擛	扌艹世木
𫇄	𠫓月一中冖口口甘𧘇
𩛸	食每
𫯕	辰寸夕卜
𠃣	乙小丿
𫇞	舟曼
𠗹	冫一夕刂灬
𪩯	巳文厂生
𡮅	臼儿小
𫵦	尸十口於
𬠺	虫羊䒑口宀丿七
𫤉	亻匕頁吕
𣈕	日木攵
舖	亼十口甫
𧋵	虫犭王
𣖡	木貝刂
𬑶	矢豆艮
𠃅	厂買
𡝖	女刀丶心
𬛈	肉十冂半
𬨬	⻌力尸匕
𠸨	口亻里
𱠻	扌日甘𧘇
𣡤	木日衣口口甘
扗	扌土
𪽣	宀竜田
𦓇	老匚三（口）
𪵠	毛糸内
𨖧	毛⻌束
𠳿	口尸毛
𢵋	扌者阝
𠟸	言士口刂
𤞼	犭文口
𫯅	士尸女又弓
𪩦	巨木木
𫃫	糸石廾
𬧐	足糸田
姅	女半
𣋼	日魚日
𥆃	目女口
𤀐	氵艹帝
𪝹	亻戶冊女小丿
𦅯	糸⺮土寸
𨗜	令⻌束
𢬩	扌亻戈
𤆺	火子乚
𩽋	魚婁攵
𡃜	口石冖隹
𫲍	女莫日
𠾸	口走召
𢗉	忄内
𪾟	目与
𠝇	广包刂
𢹤	扌走芻
𧜵	衤帶
𥌧	目魚日
𫫒	口聿日
𫮐	土首
𪲭	术阝一兀
𡮯	小丿⻌牛口
𢪏	扌日
𢖵	忄女
𠣛	勹厶木
𨡈	酉爿士
𢤜	忄丷酉大阝
𪨈	尤口虫
𣩸	石卒死
𣼸	氵𦣻戈
撴	扌亠口子攵
𧏱	虫冂大皿
𠊙	亻宀且
𢙽	每心
㨂	扌東
𥄰	目亻二
䲼	生鳥
𧿬	足屯
𫫛	口艹酉
𢄝	白巾包
𡘮	一木失
𥾽	糸亠卜
𱻢	竜习习
𱐩	𠂉力
萡	艹氵白
𫰕	女亻乃
𪡎	另令
㭬	木豕
𪭡	扌亻十
𪭱	扌冫夬
𧜹	衤犭青
𥐆	矢豆半
𫥪	亠乂凵刂キ𠔀
𢬮	扌戊一
𡂆	口木卯田
𨤼	重日衣口口甘
𩻓	魚艹余
𠓨	包人
𫣱	亻戶冊乏
𪑑	黑口今
𣔣	口木王丶
𠹲	口氵者
𣌆	日言者
𫃮	糸彳主
㘈	口疑
鈬	金尺
𦢶	月禾几頁
𫠴	丘人二厶
𬯽	雨氵幺㇆
𥚄	示乚一口乂
𠋺	亻蚤
𨠳	酉亥
𫠪	厶人下
𨻫	阝竜
𠽍	口氵爪壬
㥋	亻衣心
𪠝	土厶尸匕
𬖼	米且疒卜了
𫫴	口糸𠫓儿
𪩭	巴來
䙛	衤衣公
𡗄	兼夕夕
𤋽	火界
𧁵	艹扌𬻝灬
𧝦	厂止一夕刂衣
𫉡	艹月卒
𡨧	宀卒
𬷲	走戉鳥
囻	圍民
𠾀	口𠫓月攵
𢣅	忄艹氵夂口
䒹	艹耒
𨆷	足业羊寸
𧻚	走二日
𪽝	罒土厶由
𪿀	目宀禺
嚈	口厂日月犬
𣩦	一夕堯
𪹚	火旁
𨢇	酉卯田
𨂖	足氵立
𬏎	釆田干
𬥆	象𡗗キ
𥬋	⺮八丂
焒	火吕
檂	木曲辰
𥉹	目田糸
𢩣	戶方艹⻌夂丰
𦂿	糸十冖子力
𪐾	黑亻士
𫛎	⺮夭鳥
䤲	金赤
䇛	⺮止
𫄌	糸足爪女
𤳱	田广黄
𫬑	召爲
𪽹	疒阝禺
𠽏	口阝𠂊臼
𠒦	光口口
𦰟	艹阝一兀
𡦫	子斤斤貝
𩮭	長彡𠂤一巾
𡳳	尸毛會
𫥥	亠乂凵尽
𠓩	耒人
𤼔	疒馬今心
𧝧	衤单戈
𥐧	石廾
𠿀	口禾小月
𣴚	氵三（力）
𱜜	亻一火日小巨
𪪇	平旁
埈	土厶八夂
𡚢	大艹魚禾
𫷏	糸氏巾
𢣧	忄虚亏
𪶭	氵一夕刂灬
𬁥	考曲
𥋴	目木木示
枮	木卜口
𦧘	肉舌
𠄯	亏木一
𬺘	竜山
𬦿	足亻言
𨁍	足見
𬑛	目今心
𩿚	鳥斗
𠲧	口弋工
𪧻	身寸半
𧄵	艹犭巤
𬐌	白扌皮
𩼀	魚圍韋
𬩧	⻌咼耒
𢫡	扌乃子
𬅀	木辛束
𤵕	疒八丂
蝩	虫重
𢀮	亠圍口禾巨
㖼	口甘木
𡏠	土月勹乂凵
𢆠	來平
𣖟	木言十
𪷩	氵一白木木
𥄮	目壬
𥜤	示乚貝戈戈
𦲞	艹厶大彡
㧺	扌水日
𫭔	圍王丶艹𠂇口
𪴾	罒言止
𧯅	八人口禾日
㹯	犭亻木
𫡵	五十冂半
𧲫	豸及
嚉	口业羊寸
𫁅	卜貝禾厶
𦤯	自犬甚力
喯	口奔
𣑳	木耒
𧂁	艹單戈
𢪉	扌弓丨
𤣚	犭曲豆𠂊巴
㛪	女大电
𠶎	口彳皮
𣻾	氵日土小丿
澟	氵亠圍口禾
𦼥	艹氵者
𩭆	長彡亼口
𫡎	三（石）中中
𥾗	糸小
𥽄	米糸亠口儿
𢵌	扌阝丷豕
𤳸	由罒能
𫢚	个一𧘇
𠺯	口貝亡
𧞴	衣言用口
𨄿	足糸冬
𠡧	文口力
𩽊	魚三（石）
𪢖	口禾𠂊彐心
𬴓	⺮馬骨
𣏿	木天
𠺙	口⻌艮
𫷰	广木反
𦀺	糸車
𬄹	木厂買
𡊲	土主
𪺨	牙卒
𱸉	⺮亠兆
𫡛	大弓之
𢶢	扌丿罒豕
𫠽	上忄青
𥓷	石广彐人
㗑	口手一丰
𪛅	足夂口龜
𦟽	月宀必山
𪨖	尸毛甲
𢪥	手勿
𫚳	鳥卜口
𫅲	习习⺮竜
揬	扌穴犬
𦃾	糸一夕刂灬
𣫕	田尸共殳
𥳓	⺮禾小月
𬏚	疒一
𤎛	火氵爪壬
𣺾	氵艹女口
𢉾	广幺幺山
㮀	木函
𨀕	足匚王
䮴	馬癶豆
𠽒	口丁頁
𤮃	瓦冂大皿
𠆍	亠月真
𢟘	忄耳戈
𫠧	午下
鋥	金呈
𣆐	日卜尸
𣐅	木壬
𡅳	口艹口口隹力
𢹇	扌黑犬
𦏄	羊大扌日一
𥵘	⺮日一亻一夕刂
𦔙	耒艮旡
綡	糸亠口小
𧋂	虫氵于
𠏲	亻罒者
𢦂	忄艹門柬
𣐴	木亻士
𡧲	宀丁中
𩂠	雨亻弋
𬩋	⻌术言
𠱅	口又土
𠸽	口⻌尸匕
𫠼	上扌足
𫅯	习习⻌束
𢠤	忄弓单
𧅬	艹果亦虫
醝	酉差
𠂫	亠卜乃
𪯰	余斗隹又
𠢑	辰寸力
𢯐	扌女十口
𫣢	亻亦虫
𢭰	扌木土
𤷄	疒半卩
𬏸	疒冖一兀寸
㖑	口戈廾
𠣂	言柬力
𦹷	艹土立口
𥐔	矢豆門口
𪁎	小月鳥
𠁻	中中三（石）
𨆤	足尹口羊
𠡛	圍大力
𦂈	糸由月
𢵴	扌止彐冖巾
𬏓	釆田巴
𤯑	甚亠圍口禾
𨋤	車卜尸
𩬑	長彡卜口
㯷	木亻菐
𬚌	其老
𪰇	日亇
䉭	⺮巤
𢲯	扌氵夾
𦏓	尹口羊木一
𢇉	幺㇆文寸
𠟥	小大舌刂
𤏥	火亻冖隹
𥽢	米乂乂木木大
𠰘	口皿
𪅬	亻匚日女鳥
𫠮	至下
𬡞	艹衤巴
𦛿	月艹亡
𥑂	石支
𤳨	由示彑水
𨃝	足彳走
𨁩	足扌巴
𡾵	山鬼亻立
𩱻	鬼卜
𨁷	足直
𡅊	口十艹貝米
𬂍	月刂キ𠔀キ
𫸏	广黃冖日亠八
𫯓	來夕夕
𢢯	忄山鬼
𪳂	木首
𪾀	白戈口一
𢱖	扌甘木
𨀐	足冬
𤠴	犭阝宀一兀
𨨅	金戈口一
𠻆	口阝車
𪱚	月上
𢁯	巾日
𬟃	艹业冖一豕
𨃑	足扌兆
𤈠	火聿
𬃑	木羊川
𢤞	忄臣又貝
𫕪	雨氵一夕刂
𣡝	不皿白幺幺木
𧿨	足反
掑	扌其
𢕸	彳米舛
𱳚	目言莫
𦀐	糸广土
𧺀	赤宀釆田
𠴍	口刀丶心
㦨	忄門柬
𦘱	月卜
𢶿	扌⻌盾
𣙬	西木巨
𠴜	口扌支
𫗷	首口木
捠	扌兵
𤁠	氵⻌爪缶
𢚸	王廾心
𫴯	貝刂寸
㗀	口幺幺山
𫪣	后亻士
𨙍	⻌矢喬
𤝑	犭乏
𥅘	目尔
𨊌	身米舛
抈	扌月
𡍝	土艹内
𢲭	扌酉己
𩵜	魚亇
𥙩	示乚厶人
𧀐	艹王鬼
𣷮	氵石廾
𦀏	糸丩攵
㖅	口戊一
𦎡	羊大生
𡂎	口糸彑水
𥋓	目日亠口小
鑡	金齒
𢷹	扌广里八土
𧛋	衤今心
𡞕	女夂田
𨖙	⻌眾
𫤢	先立丿生
𧏯	虫辰寸
𩶝	魚正
攞	扌罒糸隹
𩺨	魚亻𡗗キ
𩴬	買鬼
𬚯	月士
𪮩	手米且
𪹎	火冖一兀彡
𡳤	尺者阝
𢣄	忄⻌咼
𤓩	火䜌攵
𥾾	糸亻卜
𣋰	日共水凡
𥖔	石木戈戈
𣍋	會下
𣾿	氵口畏
𫏢	足血豕
𫌐	衤走戉
𪻋	犭广士口䒑寸
𤳷	罒能由
𥐉	艮矢豆
𬩯	⻌束鳥
㮛	木是
𦁀	糸貝
𡏢	土馬
𤯰	生广氐
𥇻	目宀由
㓠	卜口刂
𥶇	⺮魚日
𤣄	犭鹿灬
𫩉	示乚耳又
𤹘	疒辰寸
𥈳	目穴犬
𢹫	丰刀手宀必山
𣞽	木癶豆阝
𬛯	自犬立日
𤆹	火牙
𧐾	虫立口阝
𩄔	雨扌㇕水一
𥓉	石戊㇆
𩅚	雨土隹
𬁌	氏日䒑亡
𫯳	重夫
𠉱	亻戶方
𫙖	魚尸匕
䟬	足丘
𠔭	八三（厶）人彡
𦼝	艹忄巛囟
𪻊	犭者艮
𣻗	氵禾夕夕
㷚	火亠口冖丁
𫠻	不亻言
𢯕	扌宀且
𢺔	扌宀王尔貝
𨔍	⻌罒𪜀
𠖘	冖糸内
𡹞	山亠口小
𬇑	气木卜
𢫌	扌亻也
𣚮	扌立日木
𫗗	食尸目
𬯄	阝左土
𠏥	亻山豆大
𢠉	忄亻禺
𬪄	刀二阝亇
𬜆	舌乏
𫽦	扌氵九木
𡮥	小門才
𰛻	氵彐火
𧶭	貝奔
𡲤	尸毛且
𪠗	厂日子厶口
𨨪	金牛巾刂
𪶵	氵禾失
𣠓	木⺮西示
𢣂	忄羊我
𡗋	亠圍口禾夕夕
𦂼	糸甚
𡨺	宀丁宀寸
𤛞	牛門才
𩺱	魚匚艹𠂇口
彣	文彡
𠏠	亻足圭
𪨁	爪子小
𫷜	年十冂半
𠾛	口黄
𨦥	金氵也
𧴤	貝卜
𡔑	土臣𠂉丶罒見
𩁶	雨乙
𥣒	禾俞心
𡆈	口方𠂉矢鳥
𪖭	自田丌㝵
𧃶	艹犭艹冖一豕
𢴘	扌犭青
𪲽	乂木扌斤
𨅐	𬻝灬足
𣳮	氵吕
𥴙	⺮木卓
𦪦	舟【尚】手
𬐆	白乏
𡆁	口食堯
𣺽	氵罒土厶
𢯛	扌氵立
𡪻	宀日女十口
𡃽	口亻雨而
𬡯	衤亦虫
𫶜	山高亇
楴	木帝
𨇜	者見足
𫂷	米乂十
𧜻	重力衣
搈	扌穴人口
𫏾	車田夂口
𬧒	足三（口）亏
𬋱	爲亇
傦	亻骨
𤵖	疒日
𣈒	日其
𡤓	女厶口買
𫸌	广黃士尸
𠽂	口弓单
𢢈	忄寒
𤏣	火言斥
𢷵	扌𬻝舛
㫵	日非
𢌎	广艹𠂤辛子
𩆏	雨艹世木
𫗺	首敖
𬚁	羊䒑口爪臼
𠱉	口人彡
𢸝	扌氵夫夫日
𤊥	火夌
𡑵	土艹風
𣋽	日僉刂
𬛃	肉者
𪪫	𦰩广車
𤎐	火匚艹𠂇口
𠑖	亻立山鬼
𥱪	⺮骨
撎	扌士冖豆
𡓇	土魚日
𠺚	口王刂王
摼	扌臣又土
𢫖	扌术
𣓿	木艹冖力
𬉙	氵立艹田
𥘑	示寸
䖳	虫宀丿七
𢫃	扌口丩
𩯀	長彡⻌束
𫶴	差吕
𢗇	忄夕
𢴒	扌亠口了灬
唻	口來
𦄴	糸齊示
㯲	木木木示
𦄀	糸馬
𣭻	足毛
𥺽	米亼冊
𫍍	言甘木勹丶
𥯈	⺮木反
𨯹	金⺮馬
𠴔	口呈
𨆓	足禽
𡓏	土米舛阝
𠯽	口止
𨬊	金孝攵
𣔻	木穴犬
摱	扌曼
倈	亻來
𠿹	口亻壬貝
𠯹	口亻乃
𩹩	魚艹市
𦟺	月扌圭卜
𥝥	禾及
𨄉	足立丿生
𤷲	疒爿木
炵	火冬
𢄃	巾氵𠂆𠂢
𪞠	冫令了
𫰇	女厶
𱡅	扌黑土
𪹪	火亞心
𥋹	㝵目民
𨃍	足穴犬
𩁱	隹木臣𠂉丶皿
𡂃	口二厶鬼
𣉵	日芻
𬏖	異王廾
䋘	糸耒
𫁛	穴牙亼冊
𪫵	王廾心
𥖕	吕石皮
獜	犭米舛
𫧾	卯丶丶爿士
𪷥	氵立夌
𪽽	白丘
𠡺	土厶阝力
𪽲	疒丙大
𬑾	石天
𣎣	月白方攵
𣞎	木艹刂𠂉丶皿
㶩	火冖儿
𡂰	口米舛阝
𥗌	石虎豕刂
𢙭	小大心
𥯉	⺮女石
䠣	足巽
𢜗	忄𡗗キ
𧴱	貝女
𢥅	忄金白巾
𠅒	亡一木
𠼶	口赤卩又
𧾌	走巽
𬋫	爪一𠂇又亇
䇠	⺮主
𫔸	刂キ𠔀キ门
𪡷	口阝余
𠸛	夕口先
𦈂	糸食堯
𣻈	氵亻𡗗キ
𤼞	疒叟亥
閧	門共
𡆖	口艹酉隹灬
𢨵	戶午
𠇖	亻乏
𣘉	木犭今口
𫬠	口臣𠂉丶見
𢭴	扌忄夬
𢱗	扌艹十口
𣋀	宀牛日生
𫅝	羊大月日一
𧜐	衤乚厶口心
𠴥	口氵冖儿
鬭	鬥𠁁斤
𨆾	足宀䏑又示
釟	金八
𥩇	穴忄戊一口心
𨋣	車丙
㫧	日米
𪇐	鳥屰月大
𬡟	衤艹风
𡓢	火𠂊臼坐
𪬎	𠂊彐心巴
𢱙	扌子亥
𠮙	口乙
𦲻	艹爪壬
𦾤	艹俞心
𢸜	扌米舛阝
㘋	口臣又貝
𬧖	足⻌首
覵	門月見
𬏪	疒宀女
𩸘	魚宀㠯
𬄓	木衣八口
𡒭	土亻一火日小
𩄵	雨糸内
𠬠	丷又
𫣞	亻虚
𫶯	差女
𨅃	足山宀示
𨃈	足共巳
𡅪	口厂白小頁
𠰏	口乏
𤋸	火丰刀大
𧷝	口欠口貝
𫺈	忄氵女
𢹣	扌矢喬
𬪾	重厂卩
𠵱	口亻衣
𫈥	艹木可
𨀼	足老
𤂷	氵門於
𦎬	羊日生
𨲖	禺長
𪡔	口罒𪜀
𥬮	⺮氵工
𬣎	言亼冊人王
𫵉	丶艮阝小大
𬩔	⻌禺及
𩺣	魚日兆
𠴕	口女小丿
𪪀	𠂤一巾止匕木
𠯿	口亠八
𢵽	扌疋束
𱫳	戈烏
𠽐	口魚
𫊬	虫冂大
囄	口离隹
𢟟	忄一白戈
𤿍	皮于
𪁅	𠂊巴鳥
𠓑	光魚日
𪪳	公廾
𦼃	艹倉刂
𨣤	酉木木示
㗞	口石皮
𬂽	木木五
𫤤	光倉刂
𠮩	口了
洡	氵耒
𧄊	艹日十𦰩
𫷙	平齊
𥓄	石里
𦟸	月氵夜
𬚣	耳止亻卬
𨀰	足冫水
𡏯	土貝攵
𧢟	齒見
𦛉	月口巾
𬟠	華一曲日
𫋐	虫工貝
阥	阝水
𦄁	糸⻌艮
𢠣	忄阝東
𤳄	由罒土厶
𨡊	酉另刂
䁾	目𦭝戍
𩂟	雨戊
𣾽	氵三（毛）
𣿇	氵禾今心
𧀒	艹女束攵
䏾	月𡗗キ
𡖱	夕夕亻半
𬊭	火日业
㘇	口火火冖木
𣲦	水小丿
𦝃	月木木
𩷕	魚丶艮
𫈈	艹亻𠂇口
𦡲	月宀心皿丁
𩟡	食业羊寸
濓	氵立丿彐刂八
𠶒	口忄日一
𬦸	足日匕匕
垹	土丰阝
𨛦	尹口口巴
𧤸	𠂊用𡕩（又）
𤯿	广氐立丿生
𠎬	亻⺮土寸
𩵃	鬼齊示
𫯧	大亻乍
𩷛	魚𠂊用
𧣠	𠂊用正
𪲾	木爪可
塸	土匚三（口）
𡜵	女甫
嗘	口爪幺大
𠸺	口⻌屰
𤁙	扌八氵戊一口
嘅	口艮旡
𢜠	忄日月
𥽪	米⺮馬
薟	艹僉
𪹂	彐火又土
𢤡	忄三（石）
𪼀	王帝
𬖵	米宀必山
㩡	扌三（石）
𪤤	土示彐水
𨮊	金甚斗
𧋿	虫忄夬
𫆥	戶月亠儿
𠺭	口亻𡗗キ
𠳒	口天上
𢠐	忄魚
㖪	口戈口一
𪃙	者鳥
恾	忄艹亡
𦒹	老亠八
啿	口甚
𨒸	⻌【在】子
𥾿	糸午
𡁺	口氵衣公
𤉜	火广木
噷	口立日欠
𤓛	火光习习隹
𤋹	火木十口
𪬳	亡心口貝
𬏇	田王廾
㨢	扌能
𥐏	矢豆尸㇆口
𢆪	土半土里
𬚸	舌肉
𨄂	足丶艮阝
𧏳	虫扌甫
氽	人水
𡲫	尸毛𠂇巾
𠼾	口山宀示
𤑭	火三（石）
𢟔	忄⻌艮
𥼳	米亞心
𠲵	口土厶力
𫉚	艹言戶
𤍄	火示且
𬏠	疒幺㇆
𩙌	几二⻌俞
𪨣	山乞
𣇝	日冫令
𣾾	氵小丿立口
𧻪	走戈𠂇
𫥸	刀卜口
𣛩	木⺮人王
𥌸	目門𠂊臼
𧛇	衤長
𪷮	氵先亼十口
𫾕	扌莫㣺
𠄽	二扌非
𨇣	足臣𠂉丶見
𤶄	疒亻壬
𡃑	口言青
潷	氵⺮聿
𦂻	糸彳聿
𪒽	黑三（石）
𬉽	火山乙
𠡏	生力
𬒏	石山巴
哯	口見
𪀎	口乂鳥
𠻂	口山言
𢯘	扌艹亻匕
𬛏	北月亠乂凵
𠤆	勿氵者
㖔	口天口
𩷊	魚丩攵
𥺎	米且八
𥇹	目㝵
𪶊	氵文寸
𢝀	忄穴犬
溩	氵烏
𫾗	扌言亼冊
𫊩	虫及
𥩉	穴牙雨田
𦅲	糸走戉
𠺵	口耳戈
𫇐	至亟
𡏘	土𦣻夂
𠶘	可一夕刂
𢀥	巨丰阝
䤠	金止
𥸿	巴米
䖡	虫丑
𡀣	口堇力
𠴝	口氵王
𩺌	魚世冖巾
𢺖	扌日一口口甘𧘇
𩼤	魚亠圍口禾
𦢴	月丷口儿穴犬
㫾	日尚
𠻃	口車干
𬳦	禾日今貝
𠹛	口山豆
𠖾	冫一木
𬞢	艹爪可欠
𬈗	氵扌爪女
𦼟	艹糸𠫓儿
𪮴	扌尸婁
𡮶	重尚
䲨	工鳥
𣋝	日三（口）木
𣲹	氵冂土
𣗒	木金十
𥠯	禾艹卜口
㐱	人彡
𫿕	方攵艹几二
𦚭	月虫
𫇌	自犬大电
𡃐	口巾單
𣩁	死扌斤
嗂	口爪缶
𡀶	口氵厂白小
𠿸	口艹口口亏
𡺦	山乃又皿
𩇢	青【尚】手
𤯊	艹人木甘
𥗹	石艹魚禾
忼	忄亠几
𬐸	虎田皿亇
𫥧	出罒𪜀
𬡶	衤黑土
𠞹	釆心刂
𪴹	正氵土厶
𦀿	糸尸毛
𥽌	米⻌首
𠰍	口主
𫤄	亻一口乂扌隹
𠢬	𬻝灬力
𦆺	糸令頁
鬂	長彡兵
絩	糸兆
𫣃	令宀女
𣉲	日隹又
𤺶	疒馬又
𬞊	艹宀㇕皿丁
檺	木亠口冖豕
呡	口民
𠸠	口亦口
𪴞	白𠁼木日月
𱿜	虫心
𬓰	禾夜
萾	艹乃又皿
𢭽	扌氵冖儿
𤚦	牛十口木
𣟫	木艹門月
𱤕	木艹奔
𬚀	尹口羊非
𬣈	言亻𤰇
𪪉	土半每攵
𣛟	木【尚】手
𧚠	王廾衣
𬱻	立几二
𡡦	女阝丷豕
𪁂	亦鳥
𨧟	金刀丶心
䃄	石亠口小
𤊨	火戈口一
𤪊	王金令
𫼌	戶共
𩍢	革雨田
𤈟	女口火
𫏊	足亻壬
𫰴	女宀牛
㓭	曷刂
𣉹	日彳余
𧡊	亻木一見
𫑯	丶艮阝白大十
挗	扌大弓
𡴯	山乙
𫇿	艹束
𡁛	口女束攵
𬴭	長彡犭虫
𣠗	木𠂤止彐冖巾
𥙓	示乚月
𫘵	高了
𠼕	口扌非
𫌢	見十冂半
𨙌	⺮艮卩⻌一兀
𬹏	麻文口
𫡉	宀子中
𪶏	氵土厶亇
𬪼	重夕
𩀳	王廾𠂇厶隹
𫿇	方攵且
𫽻	扌刂キ𠔀キ
𪥛	竜大
緍	糸氏日
𣄖	方𠂉風
𬃴	木木一白
蕯	艹阝夂一生
𧶬	貝女日一
葇	艹矛木
㗜	口亠幺田
𣠲	木示曲豆
𣛥	木非心
𪖬	每自田丌
𡄧	口言甘冂土
𨀺	足一夕刂
𨁘	扌止足
𬘋	糸斤斤貝
𬨠	⻌升
𥣽	禾隹中中
𡴉	屯凡
枛	木爪
𡤊	女壬氵者
𠴚	口亻乍
𠶃	口王一兀
𬡴	衤糸白巾
𫗂	几二⻌艮
𫨩	厶口匕匕
㨃	扌亠口子
𥺻	米金
𬩱	⻌𠂤堯
𬇫	氵扌巴
𢳝	扌革力
𦷩	艹石乏
𬑸	矢豆穴犬
𠜭	刀扌冖儿
𬩩	⻌及曼
𠄳	二土厶力
𨸾	阝北
𬕼	⺮矢口亡
𫉎	艹木五口
爙	火衣口口甘
𤇥	火立
𦢄	月非衣
𡃺	口⻌堯
𥽔	米糸白巾
𧼌	豸走
𧊎	虫戉
𩴚	鬼齊示
𫪗	口武
𧖰	血卯
慤	士冖几殳心
秱	禾同
𬤴	八人口頁
𬎣	瓜乏
𫪏	口氵勿
𬏌	由起
𬗻	糸工刂又皿
𧙽	衤虫
𠗰	冫王人彡
嗙	口旁
𫴬	文寸亇
𫯵	大立口阝
㯊	木焉
𦀻	糸己攵
㑏	亻宀寸
𩵞	魚千
𫥩	亠乂凵五口
𢺛	扌門單
𤵳	疒木一
䀲	目每
𨇍	足夫夫車
𢽙	尸毛攵
𢪲	扌匕匕
𱑛	爿士卯丶丶
𪂰	鳥广氐
𬐎	白卒
𪨜	尺行术
𠽈	口氵戈戈
𠀧	巴三
箤	⺮卒
𡔒	土日衣口口甘
𫠯	王廾下
𪞷	出廾
𡂌	口真小丿
𫎰	赤糸田
𠗣	冫亼冊
𬹸	齒米舛
𤍃	火氵每
𡮽	小大⻌盾
𦄓	糸兜
𪝮	亻言先
𬩄	乃⻌丷豕
𪢆	口⻌者
𦙤	月毛
𧋇	虫厂止
𣈞	日穴工
𨉟	身亼口卩
𤎏	火皿乑
𥟌	禾艹凡
𨄑	足勹一口田
𩪵	骨婁攵
𢶥	扌氵隹十
𤞑	犭圍口
𨱽	長曳
𤞩	犭且力
𠔦	另兵
𢷣	扌與
𫧬	午言者
𧓏	虫耳又乑
𤰁	與キ生
𥮇	⺮丰阝
𪞅	𠫓儿艹厶口
𪳔	朱亼冊
𨑮	⻌亻十
𠻪	口氵火火
𥊜	目言夬
𧵟	貝瓜
𠠚	齒刂
𫦇	八刀氵下乚
洏	氵而
𫃚	糸卜
𡂙	口⻌尸水牛
𢭵	扌女又力
𪶚	氵未心
𠖝	冖一兀彡令
𤻒	疒石卒
𨃻	足一夕刂灬
𤋼	火艹十口
𣻅	士口氵小丿
𬇭	氵小丿下
𠿿	口羊我
𠹚	口口貝
𢀫	巠亻壬几
𬛲	升至
𪓪	黽呈
𪭸	扌口斗
𫆸	肉丷酉寸
𫉩	艹口烏
𩘪	風穴人口
𪉥	卜圍乂每
𡔃	土𦰩隹
𠬒	土厶骨
𥴗	⺮糸𠫓儿
𤎎	火麻
𫴳	彐寸王廾
𦁂	糸亻半
𠿴	口石㝵
𥋵	目立日欠
𢰥	扌艹厶口
﨡	虫生
𤖸	片主
𪺤	片另刂
𲎚	王廾士口䒑支
𨮍	金亠圍口禾
𪁵	尸㇆口鳥
𬊊	火王廾
𰇼	口厶大彡
𣆏	日不一
𪁶	⻌寸鳥
𩠘	首夕卜
𢗠	忄七刀
𨯘	金亻僉
𥻡	米尸目
𥋶	目亠圍口禾
𣛭	木者阝
𬕻	⺮耳田心
橷	木白北儿
𬡋	衤匚巾
𡚦	女丶
𩻕	魚酉冖儿
袩	衤卜口
𥌎	目雨而
𫅡	羊丑羊䒑口
𦋦	罒𪜀出
𤆻	火七刀
𣖙	木羊大
𫃸	糸扌爪女
噋	口亠口子攵
𣾶	氵阝丷豕
𫄂	糸⺮聿
㧍	扌方
𬗂	米三（耳）
𢫑	扌夕卜
𣼽	氵丶艮月
𬈰	氵𠫓川止
𢴇	扌土半丸
𫬢	口口犬咼
𪁄	鳥士口
𦹸	艹日十田
𢶐	扌虎豆
刧	土厶刀
𣌔	日宀夂口頁
𥡘	禾𤰇
𩰈	長彡食堯
𬦗	起耒
𪒗	黑氵㓁木
悑	忄甫
𠻀	口彳走
𪅩	三（厶）人彡鳥
𪮈	扌亻一口乂
𣹗	氵王人彡
𦪼	舟禾尤匕日
𪟓	刀子日匕匕
𢲫	扌馬
𡈺	圍口貝亼冊
𬠨	虫聿皿
𦡞	月木木示
𥻹	米艹人木
𫆭	肉⻌米
𢸾	扌臼同𠔀
𫋑	虫王刂王
𣻃	氵亻立口
鴺	大弓鳥
㫻	日亼冊
𬅳	八人口欠门心
𪄸	龶貝鳥
𫿰	宀子文
𬙛	罒大⺀
𪽛	尸共田
𬂥	束匕
𠿵	口豸艮
𫸬	冖九弓丨
𱲢	米凵八夂舟皿
𤊭	火广示
𢮫	扌女又弓
𫄆	糸石卒
𬹀	鹿艹亡川
𬚞	可耳阝
𩺩	魚罒土厶
𣡚	果束𠂊貝
𣇊	日不口
𦄂	糸帶
𨐿	辛斤斤貝
𤀕	氵【寒】土
𤒟	火禾乃頁
䱒	魚口巴
𫐮	⻌亼冊
𢫕	扌永
𢪗	扌亻卜
虶	虫于
𤻫	疒业羊寸
𡭲	小丿出
𤏦	火丰刀糸
𨠴	酉西
𬨵	⻌斤乏
𬂨	木寸亇
𥱫	⺮大長
𥈶	目十冂半
𠽕	口扌一彐止
𢫘	扌卜尸
𠸚	口艹勹口
𤍅	火一夕刂灬
𤂬	氵三（石）
𬀭	日卜尸
𫴾	小日匕匕
𦝎	氵土厶肉
𦹳	艹今貝
𢱸	扌⻌艮
𤴭	疒八
埮	土火火
𧛶	衤彳土寸
𠺰	口禾尔
𡮣	小門才
𦪐	舟囱心
𨑜	⻌下
𤾟	白言午
𦕟	耳永
䇻	⺮尸毛
𬈅	氵土厶中
𠌧	亻亼口手
揾	扌日皿
紷	糸令
𲎣	夌齒
𬰓	雨宀䏑又示
𠫾	土厶夕夕
𥰇	⺮言十
撔	扌日亠口小
𪝕	亻八刀皿
𪝻	亻至刂氵西
𡫶	寒王廾
𡮮	小門心
𫰟	女亙
𤄲	氵言堇
𡒯	土艹冖一豕
𤁩	氵斤斤貝
𡮍	小扌出
𡍟	扌石廾
𦩳	舟者
𪡉	吕亇
𦑃	一日乂习习
𡭕	一小
𫵋	立日心小
𤠅	犭不皿
𪨆	小丿火畏
𠓹	人王亼冊
𧞥	衣冏爪女
𫬊	口貝尸㇆口
𠁚	下會
𢮩	扌子瓜
𪄤	大長鳥
𠰚	口尔
𬆄	正宀且
𣅶	日亠八
𥱭	⺮亻長
𫅹	耒田
𬧻	婁車
𬔫	立木買
𬖮	米刂𠂉丶皿
𥊘	目宀大可
𪤍	土展
𤺭	疒⺮聿
𩄓	雨世木
𫔷	𫔭己心
𡅢	口衤木木示
𧠅	西彳𠂉日夂口巴
𬦡	足亇
𡅐	艹令羊䒑口
𠳝	口不口
囒	口艹門柬
𠺹	口艹大弓
𫥜	冫令卒
𠸄	口艹冂大
𤏨	火禾乂𠂇巾
𪔚	士口䒑支同
㺔	犭爲
㙁	土每
𢹥	扌厂日月犬土
𠇍	人㣺
𥇁	目亻主
𣌂	日豕者
𩽗	魚王矛冏
𬋼	八乂羊永
𪦓	女目民
𬬃	金白巾亇
𡃾	口木菐
𢟞	忄冫東
𨳱	午門
𡡧	女矢口日
𤗲	片三（厶）人彡
𡄪	口口虫隹
𪷶	氵爪幺大令
𥢳	禾氵者
𢠦	忄𦰩
𩳳	鬼來
𫜹	彐
𢶽	扌阝爪臼
㕪	口冖儿
𨇘	龍足
𡃘	口言火火
䔲	艹癶豆
柪	木幺力
𨀾	足氵女
𱒚	口一口乂
𬉊	氵聖
𣛠	木買
𨭺	金木木示
𪚤	龍望
𠑉	亻八人口⻌艮
𤘂	片夢
𣎏	圍十口𠂇月
蒣	艹彳余
攊	扌厂禾禾止
𱮆	犭衤刀
𣐲	木口丩
𢲲	扌丶艮阝
𡥵	子日匕匕
𫄕	糸田止匕糸
𤗹	片釆田
𣼰	氵王廾心
𤥭	王車
𣉐	日⻌术
抸	扌乏
𫻂	女又心艮
𠶜	口牛巾刂
𫺼	忄爪丨臼
𫕖	阝可口今
𪤻	夕夕皮
𧖐	虫臣𠂉丶罒見
䈵	⺮公习习
吘	口午
𨡧	酉爿犬
𠊡	亻羊儿
𠵋	口白工
𤿱	另刂皮
𤀒	氵俞心
𨆥	扌口貝足
𦓊	老會
鈙	金卜又
𧋾	虫口巴
𫤓	亻匕頁⻌艮
𡅷	口言羊我
𥸁	⺮𦰩隹
𥇸	目丘山
𩠴	首會
𫔮	门月
𦀹	糸木寸
𪿁	竜手目
𥺾	米止月
𢢉	氵艹𠂇口心
𤟛	犭兔
𩄑	雨十冂半
𡆙	口言毚
𢭜	扌士冖几
𦟶	月米卜口
㰁	木三（石）
𡀰	口亻山隹
𪁳	吕鳥
𠰺	口亻弋
𩩬	士冖一几骨
𥟹	禾几一口乂
㳌	氵甲
鱙	魚堯
𢷯	扌匚三（口）大
𢘮	忄立
𡶀	山内
𡵉	山兀
㧼	扌表
㜥	女買
𢯔	扌舌刂
𪣾	土能
𫃰	糸厶大三
𤅧	氵𡗗日虫虫
𤆸	火心
𣈙	日亻一夕刂
𧓆	虫亻專
𫩍	反雨田
𤺴	疒土半卩又
𢯤	扌日卬
𢡿	忄門木
𢟎	忄彳走
𥚅	示糸耳
𬩐	⻌龴用出
𥻸	米罒木一
𥒮	石尸毛
𤗤	片工貝
櫗	木𦭝戍
𪞸	亠乂凵午
𡻗	山真
𡻓	山亻立口
𡚃	金屯大
𢯜	扌糸卜
𤂱	氵禾丿刀人水
𫼩	扌䒑巾
𠳗	口士冖几
𢴜	扌白𠁼儿
𡓄	土艹⻌夂丰
𪦟	女子於
挅	扌乃木
𠶊	口土皮
𪭃	忄雨丿田皿
𠒷	先亻言
𣜰	木广兼
䁘	目爪缶
𪨚	尸并主
𣈖	目𡗗キ
𣅘	日亏
𢳳	扌山亼冊
𫸉	广予⻌土羊
𡅨	口⺮𠂊厂八言
𫯐	夕夕木一
𤐡	火土鬼
嵿	山丁頁
𥗳	石宀夂口頁
𥮉	⺮甫
𫮂	土广由
螉	虫公习习
𩊾	革龴用
𬩕	⻌咼午
𱣜	木扌厂卩
𦚗	月匚巾
𪹜	火广車
𪭥	扌左
𢫝	扌冬
𪵦	立日气
𩚵	食甘
𥞖	禾用
𦪵	舟⺮其
𤳧	吕異
𨃐	足艹厶口
𩤕	馬表
𫃀	米宀女
𫃩	糸女丑
𤒴	火氵日幺幺灬
𢏿	弓宀夕卩
釖	金刀
鐄	金黄
𬁀	氏日小丿
𥬧	⺮人上
𧦔	几言十
𢷮	扌业羊寸
𢲨	扌氵每
𦟂	月⻌米
𢠄	忄山宀示
𩺺	魚白匕旡
𣵲	氵亻半
𣖖	木扌土寸
𫯰	夫重
𢂰	巾争
𪮍	手甘木
𢘭	忄用
𡀷	口⻌盾
𨀊	足乃子
𥹀	米心
𠷦	口免力
𣘌	木示口儿
𢩮	扌弋
𤃠	氵食爪女
𦄃	糸扌斤口
𥂉	屯次皿
𡄨	口山女束攵
𪰓	日平
埁	土山今
𤳰	尸毛尺画
𫀥	离昔
𢜝	忄事
𦞍	言十肉
𫓆	金十甫寸
𫼴	手吕
𫥛	冫三（口）木
𬗽	糸田木寸
忊	忄丁
𦹶	艹木貝
糆	米面
𬜊	舌貝刂
𢜢	忄彳皮
𧋃	虫【在】子
𠿲	隹口日一
𠻼	口艹豆
𣓆	木爪壬
𧿆	足巳
𡱩	扌丿七尺
𠞛	戶习习刂
𦛍	月一冂土
𬳚	首扌足
𧽇	曳起
𨐸	辛癶豆
𬦶	足至刂
𫢍	斤人
𩭜	長彡口欠
𬀶	日生刀
𥿁	糸王
挭	扌一日乂
䌌	糸习习白
𡉽	土亠八
𤻏	疒臼工殳
𢺓	扌雨氵爪壬
䃹	石門柬
拪	扌西
𡊸	土戈𠂇
𣌛	日一三（又）木頁
𫥯	尺丶田凵尸毛
𬍍	犭者十冂半
𫅰	非心习习
𪸁	氵广廿又土皮
𫁔	穴工匚王
𢜜	忄虎
淁	氵立女
𩅻	雨氵者
𣼱	氵亻禺
𫺽	自心亼卩
𲃪	足文寸
𧺂	者見赤
𩅘	雨⻌束
𢩧	扌乙
𢭻	扌口欠
𤴪	疒几
𢥖	忄齊示
𣇜	日貝
𨰲	金臣𠂉丶罒見
𥢉	士冖禾木冂
𡀠	口亻𤰇
𠼼	口艹爪子
𠐬	亻禾乃頁
𣘈	朱亼冊
𨷯	門與キ
𠛌	冖儿刂
嚛	口白幺幺木
𬛘	月丷酉寸
𬛒	月氵者
𥉲	目展
𬷊	鳥瓜
𩠔	首毛
𡫨	宀必山見
𢪮	扌木
𪜾	亻且力
𠼴	口匕頁
𬞚	艹石卒
𬧇	足氵爪女
𡒮	申昜土
𨦁	金亻士
𢵉	扌貝乏
𢚹	忄日亐
𬆅	尚正
𨁬	足亻申
𠔮	兼凡
𣎷	木乙
𢒎	冖一兀彡
𬙖	罒下
𨕭	上⻌車
𧎝	虫𡗗天
𧿐	足千
𤮒	瓦尸婁
𠝕	刀日匕匕
𧿫	足斗
𠷥	口亠口冖丁
𬺗	竜下
𤇮	火乏
𠾔	口禾丷口儿
𣘁	木可可
𡃋	亼冊口貝
𫊔	艹者一夕刂灬
𡮓	千北小丿
𥶯	鬼⺮由
𬂇	月王刂王
㧵	扌不口
𢪱	扌勿
𢖕	彳幺夂婁
𪩬	巴亇
𩚧	食戈
𠅎	亡失
𦨑	舟才
𪽸	疒走戉
𦚔	月召
𥗎	石禾尤匕日
𨅾	足三（木）
幍	巾爪臼
𢢲	忄艹世木
𤢫	犭一白奔
㘃	口艹𠂇口心
𪹰	火文隹
𣞃	口木匚三（口）
𥶂	⺮其夕夕
𨄟	土隹足
𩷶	魚艹亡
𩳴	鬼圭卜
𪸯	火爪女
𪡭	口酉己
㳹	氵木王
匬	匚俞
𪬲	八刀心忄艮
𠜏	口巾刂
𢶶	扌立日心
𧁴	艹僉刂
𥊗	目氵火火
𢶻	扌艹風
𣠘	木⺮白𠁼十
𪸟	火夕卜
𬛎	肉冖隹
𢭫	扌阝一兀
𪬫	立日心亇
𫢵	亻氐下
𨘗	⻌业羊寸
𦵙	艹氵女口
𪷄	氵月丷口儿
𠽇	口氵白工
𣄇	方亼冊
𠽛	口阝今二厶
𨠉	酉心
厔	厂至
𩆡	雨⻌爪缶
𪂱	鳥卓
𦟍	月艹亥
𦜀	月口犬
𢹨	扌糸三（厶）人彡
𣲍	氵兀
𪉾	卜圍乂每攵
𤼓	疒艹臣𠂉丶皿
𪰃	方𠂉其半
𥧪	王廾穴工
𪾋	刂又皿
𬆃	正氵巿
𪽖	刀二阝田
𩮔	長彡冖車
𫡭	土里乙
𢴞	手眾
𨖼	⻌丿罒乑
𩙻	飛非心
𥑶	石耒
𨮈	金立日欠
𠴑	口艹女
𣑴	木氵工
𫜵	爪
頺	禾乃頁
𢰽	扌𠂊彐心
𩅀	雨土半丸
𦚖	月乏
𪯛	方攵龶糸
𪁴	鳥八人口
𣼯	氵土立口
睈	目呈
𥃚	立日舟殳皿
𢚶	忄爪女
𣠰	木⺮門日
𨃏	足亻彐冖又
𫃉	西米屯
𤺯	疒門心
𫮹	土艹一火日小
𬎸	臼儿生
䘜	衤巾
𤽸	白爿士
𫤠	先日匕匕
𧦖	言丿屮
𡱶	尸吕
𣗱	禾刂木下
𣟂	木宀艹見丶
𦠯	月門木
𠸥	口言十
𣎞	巴月夌
𠽀	口亻禺
𠳨	口每
𤑉	火與
𪔡	貝士口䒑支
𫥣	兼凢
阦	阝火
𣭃	圍人毛
𥱬	⺮言己
𬍄	犭麻
𥿂	糸心
𩹹	魚隹又
𫐽	⻌米小丿
𫗁	几二⻌艮
𡂅	口山𡕩
鴂	夬鳥
𢉽	广木十口
𩕳	宀心皿丁頁
𨤵	里氵火火
𫇶	艹一冂土
𧒅	虫貝乏
𠼷	厶口𢦏口
𢝜	忄亠口冖丁
𪱡	月人示
𬜜	舟禾丿刀人水
𢸢	扌⺮彑豕
𠤩	罒能匕
𩻻	魚一火日小
𠁑	帶下
撁	扌亠幺冖牛
𦕳	耳老
熣	火山隹
𪣱	土立亇
𥺺	米山立
䨔	雨光
𫡌	中中半卩
䳧	鳥侯
𬳕	首⺮
䁛	目鬼
𣗓	未者
𫋩	虫見燕
𫺴	亡心口月
刦	土厶刂
伵	亻四
𥿀	糸日
䓊	艹五口
𡏟	土爪缶
𨇉	足山一火日小
𬇅	毛匚三（口）
𠸼	口⻌万十
𤈤	火勹乂凵
𪵤	气可
𠻷	口王見
𥌦	目夫夫車
𫃔	米卜口半卩
𧍊	虫厂圭
𬒼	示乚夕夕
𨹬	阝吕
𣖝	木艹亻士
𫱏	亡女共
𨀑	夕卜足
𠦩	十木攵
𢲮	扌耳止
𪮦	扌彳㝵
𢤢	忄坴丸灬
𡀇	口艹重
𨁝	足十冖子
𡾫	山禾乃頁
𦟻	月匚艹𠂇口
𪇌	鳥曲辰
𪟦	田力隹
笣	⺮包
𪸔	火止
𣵮	氵丰阝
㕸	口立
𢯮	扌田月
𦨜	舟戈
𧎛	虫穴犬
𣎊	月尸目
𦢳	戶月爲
猚	犭隹
𦓅	老艹人木
𬈋	氵刂又皿
𨱪	長丹丶
𨔊	⻌卒
𫡔	亇下乚
𪱮	望工貝
𦂾	糸⻌失
𢷂	扌卜夕又米
𫆿	田月⻌米
𫌄	衤厶大三
𢯠	扌氵皮
𧘸	衤屯
𤾰	白疑
𣦰	厂禾禾止一口乂
𬩍	⻌夕夕米
𦼛	艹走人彡
𥉸	目臣又土
𪿄	目⺮竜
𤶺	疒口欠
𫑺	酉𠂤一巾
𬲄	几二穴人口
𥬉	⺮勹厶
𧢑	見門日
𩟂	食⻌咼
𤒠	火者見
𪹷	火日甘𧘇
䠏	足癶天
𨃋	足䒑巾
𨴦	又丰門
𤟂	犭亡月
檒	木木風
𨅰	足木亟
𠻉	口⻌舌
𤔷	乃又皿争
𮬩	忄鳥
𪾭	目木木
𪬪	个俞心
𠳑	口扌卬
𫱩	女又广廿又
𫶾	巾人
𥙪	示乚半
𫾝	麻手且八
𫘃	禾日立日欠
𩵿	魚卜㇆
𠁙	不言乍
𧔚	虫穴身弓
柆	木立
𩕆	立日十頁
𤸨	疒兆小
𫑽	酉疋束
吔	口也
𨯛	金艹阝今二厶
𦭦	艹主
鈢	金木
𧐻	虫土隹
𬱍	川頁於
𦍛	羊永乚
𦇮	糸金重
𢇢	广山
𠺱	口工凡心
𠺲	口扌辰
𠴤	口土心
𨌀	車耳
𩅹	雨氵尸目
𫪸	五口四
𠈋	亻戈𠂇
𤓢	火日衣口口甘
𡂲	口天上亻一夕刂
𥉫	目竜
𡃓	口扌釆田
𫈨	艹界
𬢀	斤欠見
𡃊	口禾尤匕日
𫧣	十冂半亇
𫇰	艹丨日
𥸒	⺮日衣口口甘
篘	⺮芻
澾	氵⻌土羊
㯿	木巤
𤮠	瓦艹冖一豕
𥉩	竜目
𡆗	口⻌罒糸隹
𨇑	足罒能
𫈜	艹氵由
𣼮	氵是匕
𫤏	亻匕頁⻌卬
𥯒	⺮𢦏口
𪠺	口扌丸
𠼵	口亻亠口冖丁
膁	月兼
𠴠	口亼内
𫊿	虫公廾
𬛩	臣卜十冂半
𪅨	禾夕夕鳥
𨨤	金忄土厶
𩈘	一木面
㗙	口芻
鵉	亦鳥
𥳅	⺮⻌言
𪺘	争卜貝
𪽏	田令
𤭵	瓦立日
𪬏	忄禾日
𫁧	立彳土寸
𫫺	口耳由丂
𬷎	后鳥
𣱭	气亠圍口禾
𪡿	口月巠
𥸷	米欠
𢷁	扌月十冂半
𦅰	糸西日十
𫐹	⻌尸目
𥅿	目扌丸
𫒬	金亻夕夕
𦪨	舟足一口乂
𫷞	年非心
𨦀	金口丩
𠶤	口尚
𤬈	侯瓜
𤮗	瓦足夂口
𠸒	口亻口木
𥧩	穴糸内
𤯱	大可生
𥻠	米目小丿
𡮋	小木攵
啺	口昜
𪾦	目卜尸
𨫅	金亻亼冊
𢱒	扌羊大
𦅱	糸虫朱
𣦛	亻尚正
𦊚	罒木一
秥	禾卜口
𣈘	日广卜口
𥜀	尸毛示且
𪨐	尽大丶
㵣	氵曷欠
𦤰	自犬今貝
𤡌	犭門万
𠻊	口广廿巾
𡌢	土今口
𨀤	足耒
𡭺	小丿而
𤞖	犭耒
𨗊	⻌者阝
𦗝	耳車斤
𣐆	木七刀
𫫀	口竒
𬛕	來戶月
𪟅	冫夬刂
𠴎	口氵夭
𠯋	口八丂
𫲤	召子
嚂	口臣𠂉丶皿
𦝅	月人刀心
矑	目虎田皿
𦡬	月禽
𪁆	鳥后
𢶹	扌日立日
𪸽	火亻至
𫻔	忄貝戈戈
𡮄	小宀夕卩
焩	火月月
﨏	土八人口
𠓇	光丶艮月
𪆣	日亠口小鳥
𬩥	⻌豕來
𩺯	方𠂉矢魚
橬	木旡旡日
𢂜	尹𠂇巾
𣳢	氵夕卜
𪬡	忄刂又貝
𥊣	尚直
𡺥	山禺
𦟪	月⻌車
𢭾	扌艹凡
𢳆	扌敖
𣙙	木束攵
𥒦	石土也
啌	口穴工
稴	禾兼
𫣂	亻乃又皿
㖺	口𡗗日
𦛼	月兵
𦟏	月广車
𤮞	山鬼瓦
𡄬	亼口二厶鬼
𡄁	口广亠圍口禾
㖹	口八刀皿
𤞦	犭每
𠸘	口亻八人口
泑	氵幺力
𡥚	子可
𨧆	金不口
𥭶	⺮艹亡
𣆯	日行
𥸠	⺮骨曲豆
𤺲	疒尚攵
𨀽	足口巾
𤻼	疒魚日
刟	召刂
𱏰	光雨田
塳	土⻌夂丰
𢱘	扌立丿彡
𪤿	夕夕土里
𤶏	疒光
𨇵	足堯夕夕
𡆞	口鬥𠁁斤
𤑟	火魚日
𤏧	火⺮亼口
𬕹	⺮竜下
𦣎	月𦰩隹
𢙔	忄示乚
𦮲	艹示乚
𢠧	忄𡕩
苭	艹幺力
𬑵	半矢豆
𱞋	忄卜尸
𨇗	足厂禾禾止
𣰳	毛⺮竜
𦟑	月亻大可
𫯨	尸毛天
𪥔	穴工大
𤢗	犭雨田
𠷇	口方𠂉也
𩄲	雨⻌米
𬖆	⺮竜王廾
𢥷	自心疑
𨘘	尸毛⻌束
𤮾	兀甘
𣙫	木⺮立
𨅻	足穴牛口
噒	口米舛
𩖅	婁攵頁
𡅬	口忄褱
𨡨	酉其
摙	扌⻌車
𣄒	於【在】土
𬏡	疒戊
𦃐	糸蚤
𬵿	魚艹門柬
𤚧	口丿七宀牛
𨧰	金千北
𥴘	⺮女甘木
𧹿	赤亻旡旡日
𣈜	日㝵
𠻒	口厂大电
袏	衤左
𬀛	方齊
𤊧	火直
𠶥	口穴弓
𩸯	魚叕
𣷰	氵山石
鶮	高鳥
𪧾	彐寸山隹
㦄	麻心
𧃷	艹虎隹亏
㗴	口門月
𢶸	扌亠圍口禾
吀	口千
嗗	口骨
𡈡	圍糸冬
𪃍	禺鳥
𫣚	一口乂來
𬦢	足门
𪤺	夕夕下乚
𣌌	日生彡頁
𥐒	矢豆骨
𧗅	血甘木
𩁦	雨田隹又
𫅚	羊大禾彐
𬠼	一夕刂血
䗊	虫火火
𬪪	酉酉
𥕄	石土里
𪠱	耳又土厶刀丶
𱥤	毛竜
𧞤	衤艹隹又
𣔩	束𠂇巾
𫖄	亻叚面
𬁻	月耒
𣋚	日立日欠
𬉌	氵口真
𠉝	亻扌卜㇆
𡿅	山禺頁
𣭛	毛乏
𢬿	扌戈廾
𫮒	土石皮
𫬱	口⻌萬
𪅤	臣又土鳥
𨖲	升⻌車
𢊫	广土立口
𠺺	口木圭
𢃉	巾另刂
𣺼	氵【尚】儿
𪷡	氵虫口勿
𫊐	艹十口堯
𠅐	失亡
𥑴	石衣
𨲷	長亠圍口日一
𢹊	扌火戠
𣹓	氵艹厶口
鏓	金囱心
𡍞	土天㣺
𠦻	半夌
𦠴	月王王今
𫑃	⻌鹿木
𤿰	王廾皮
𧤹	扌隹𠂊用
𦚐	月宀匕
𧅭	艹日十艹冖一豕
𠝼	甘木刀
𦰣	艹亻氐
𦣗	月食堯
𥢆	禾厶卜貝
𪦆	女石之
𨫵	金圍戈口一
𦡤	月氵隹十
𦟗	月又隹
𠦳	立丿彡千
㖠	口大示
𬖏	米口
𡳛	尸米士口
𧼋	走豸
𢱝	扌艹出
𤝫	犭冂土
躘	足龍
𦠵	月阝丷豕
𡄩	口豸艮心
𬴚	高宀示
抋	扌心
𥊖	目土隹
𣷳	氵广氐
𠿳	口广兼
㮿	木畢
𢀬	巨丶艮月
𢺁	扌西彳𠂉日夂
𫾌	土刀手宀必
𧂄	艹門𠂊臼
啚	口十圍口
𩯮	長彡氵㒼
𬩇	⻌力羊大
𥘀	石日宀口口甘𧘇
𫉸	艹可可欠
𫗸	首昔
𥺿	米大可
䈫	⺮糸内
棦	木争
𫉓	䒑巾東
𬵎	魚圍巾
𫦬	九且力
𨄵	足忄卓
𪁇	𠫓儿鳥
𠄼	十冂半五
𠶆	口⻌亻十
𬦃	者乚赤
𬲃	几二龶糸
𫙌	圭卜鬼
𥑲	石日一
𡣨	女艹土厶皿
𨃷	足示口儿
𡝦	女爪子乚
𡯀	缶木木冖乂凵匕彡小
𦣙	月日宀口口甘𧘇
𡉏	土巳
𦀑	糸文刂
𱳆	鬼目
𦼨	艹丨日貝
𡮭	巽小
𣋆	日門王
𬋆	火柬亇
𡬷	貝刂寸
㩞	扌火火冖木
𬱹	几二北
𫥮	亠乂凵同𠁼𠔀
𢟛	耳心弔
勑	來力
𠰭	口卯
𬋚	火包釆心
𦡣	月亠圍口禾
悞	忄吳
𡢼	女艹勹甫
𨀹	足氵工
𬎻	文厂生亇
𢹪	扌米三（厶）人彡
𪫓	彳聿亇
𢯧	扌乂乂攵
𥃱	目人
𫏠	足刂𠂉丶見
𩆷	雨韱
𧋆	虫耒
𪹣	火虚
䁩	目魚
鉷	金共
𡞖	女广氐
焾	火今心
𥺆	米呈
𦡦	月艹重
𨀋	足亻士
𧵑	貝十口
𨣥	酉爪冖心夂
𡓡	土匕禾頁
𠺠	口竜
𣊎	日土半丸
𠱓	口𠂊厂卩
𫆮	月子丿糸
𢚵	忄豸
𥭍	⺮小大
𫊁	艹氵尸雨
𩮕	長彡亻彐冖又
𣱰	气韱
𠄀	爪子乚于
𨆏	足⻌丷豕
𫼿	手己攵
𢘝	忄尔
𠮿	口山
𡋦	土一白
𨊋	身買
唋	口余
䆰	穴匚三（口）
𪜢	亠丨日
𡂁	口忄重力
𢴐	扌禾夕夕
𦁽	糸日王
𫘀	禾日士方攵
𧳘	豸今口
瀂	氵魚日
𠱌	口弋二
𩹰	魚卜貝
𫑌	⻌咼水丶
𬈞	氵先心
𢫫	扌聿
𦢉	月宀必虫
𡅏	口示曲豆
𱶭	禾艹臣𠂉丶皿
𬜇	舌言
𡓯	土金重
𫣣	亻石㝵
𢲟	扌宀辛
𬟜	一夕刂灬艹者
𥕥	石匚三（口）
㖫	口夌
𬗜	糸千龷
𨒻	⻌文寸
𬲑	食九日
𦆟	糸艹冖一豕
𠸬	口亻彐冖又
㹟	犭夬
𣃤	皮方
𪱟	王刂王月
𦀖	糸土厶力
𣍅	表曲
𦝆	月爿木
𫴿	白勹丶小
𡏽	土习习白
𤷂	疒月巴
𫁰	⺮卜
䟘	足亠几
𪱨	月竜
𥴜	⺮言召
䐭	月帶
𧋽	虫艹亡
𢄯	巾每攵
𠀨	下及
𣞊	朱丷酉寸
𧷺	口貝亼冊
𡂉	口扌斤言
𤔛	耳又爪
𦳙	艹致
𠰁	口下乚
𪡚	口⺍生
𫡝	乃是
𩜫	食木攵
𬓛	示木木示
𥩰	立巨
𢆁	巾⺮广兼
𤔻	夢爪
𥵿	⺮艹冖一豕
𥊞	目圍戈口一
蒥	艹卯田
𢟖	忄氵彐冖又
𪷘	氵牛巾刂手
𧏵	虫竜
𢪰	扌一夕
𪤽	夌夕夕
𫽺	手曼
𪴏	木子曼
惀	忄亼冊
𢠨	忄每攵
琜	王來
𬩟	⻌咼夕卜
𫂗	⺮⻌米
𧸒	矢豆貝
𢫣	扌北
𨃫	亻至刂足
𠓅	光艹宀木
𥧎	穴禾日
𨃉	足彳土寸
𨰈	金艹勹口攵手
𬟵	虫凢
𥍛	目山口口厂敢
𩸳	魚木攵
𬁄	日十土欠
𢠅	忄𡗗臼
𦝥	月千臼
𩠩	首乂乂攵
𬰖	雨臼儿夢
𢝙	忄不皿
𢵳	扌三（木）
𩡋	禾日天㣺
𬉣	氵食余
𬰘	青丘
𤫿	余瓜
𩩖	骨王廾
𪅫	土戈口一鳥
𪡥	口氵共
𢟗	忄氵日土
𨖨	⻌禾夕夕
𫛐	圍戈口一鳥
踷	足者
𥝎	禾乙
𠵘	口門
挄	扌光
𩸮	魚𡗗キ
𢵮	扌矛冏
𢵻	扌氵者
𤒚	火氵曲辰
淎	氵𡗗キ
𬗩	糸石斤
𢠆	忄⻌龴用
𢬧	扌年
𡁎	口與
𦞁	月𢦏口
𫡂	兼並
𥽎	米女兼
𪿸	三（石）亇
梞	木己心
𣡓	木⺮臣𠂉丶皿
𩼨	魚疑
𠡎	日一力
㾿	疒丶艮阝
𫽭	手口貝
𢖀	彳聿中中
𠾣	口三（木）
𣛡	木宀禺
𦲾	艹氵土厶
𫯇	士尸⻌土羊
𡮉	門小
𣭰	厶牛毛
𧖦	每䜌虫
𨃾	禾尔足
𩢬	馬卜尸
𫗃	几二俞心
𦁣	糸子瓜
𧟝	衤金目目隹又
𨁱	足尸毛
𬵘	魚艹几二
𥋳	目山鬼
𢱐	扌女兆
𣹟	氵工貝
𬝴	艹文隹
𩻟	魚爲
𠤌	勿言者
炩	火令
𥮈	⺮人卉
𫂋	⺮甘木
䋥	糸里
𠵽	口氵土厶
𢠇	忄言午
𩻒	魚⺮立
𦤾	至日一
𠍣	亻扌非
𠹱	口氵巨木
𤞓	犭先
𡮨	買小
𨳒	門小
𫦵	宀丁且力
𥈵	目柬
𠲡	口女子
𢶷	扌𠂊用刀牛
𤀚	氵艹门乂木
𫑏	刀二阝⻌豕
𤛇	牛真
𧎜	虫尸至
𢠪	忄罒圭
𠶛	口亠口小
橯	木火火冖力
𬗆	糸子乚
𤐜	火山鬼
𬡹	西亻白
𫸈	广⻌米舛
𢵩	手阝丷豕
𠏳	重亻厶人
𢬨	扌氵女
𬝮	艹米斗
𤶜	疒爿士
𢯢	扌戶斤
𨅀	足米立
𥯌	⺮矢口
𫐿	⻌束毛
𤝞	犭术
𫆧	月彳聿
𬈢	氵立卯
𦷨	艹人木支
𫉮	艹立日欠
𣠕	未豕者
𡮷	小臣又貝
𦒮	龍习习
𠽔	口疋束
𪸧	火口巾
𪾁	白氵土厶
𧍝	虫帝
𨁧	足山内
㕭	口夭
𢀧	巨亼冊
𥐋	矢豆艹乂
𫔤	門文キ
褠	衤甘冂土
𡪇	宀丁攸彡
𣱆	戶氏
𧥇	𠂊用山鬼
𢚽	忄氵丁乚㇆
䀩	目夂口
𥩍	穴牙魚日
𣾺	氵開
𨅼	足艹來
𪮔	扌氵夂口
𫘶	丘高
𫤑	亻戶冊隹又
𢵼	扌走戉
𢣀	忄石㝵
𢲤	手高
𥖩	石會
𨃹	足氵丶艮
韈	革𦭝戍
𬔈	穴由
𫓒	金曲辰
𨮌	金予頁
𨓑	上⻌卬
𫄓	糸黑犬
𫐂	宀婁車
𪩨	𠂊罒冖夕巨
𢪷	扌目
𦀎	糸一夕刂
𤉕	由𠂇火
𧍍	虫來
𠍦	亻刂又貝
𨁎	足呈
㭳	木孝
㺗	犭單
𦄻	糸毌貝
𡤔	買女厶口
𩙍	風俞心
𫐝	辛言亥
𧍈	虫广卜口
𡳒	尸毛画
𩂶	雨一夕刂
𦾢	艹木甚
𩛜	食文寸
𥐈	矢婁攵
𤠋	犭婁
哰	口宀牛
𡂳	口三（石）
𤌅	火阝夂㐄
𡓮	山鬼坐
𫻜	勿心䏑犬灬
𧤁	𠂊用夌
𬂑	𠂇月文厂生
𤊰	火亦又
𤊪	火刂キ𠔀
𫷚	平月月
𫴷	彐寸三（石）
𧹰	赤禾日
悜	忄呈
𢣆	忄山高
㧯	扌老
𣟪	木耒辰寸
𬍌	犭勹口口口犬
𡣄	女氵弱
𢱓	扌氵先
𩩫	骨日日
𬚺	肉次
𪬭	忄夬爭
𦀊	糸大弓
𡳢	尺者阝
𢳠	扌莽
𧋘	虫弟
𨃵	足月䒑大
𡅍	口糸堯
𡦶	子瓜鬼斗
𧑐	虫矛冏
𨷈	門萬
𠶔	口忄又土
椲	木韋
𥇷	目山石
𫠢	上丁
𪿍	矢口另刂
𬋳	爪土半卩又
𰇮	及亼口
𣺺	氵彳走
𪝈	亻爪冖又
𢠈	忄八刀貝
𤂨	氵木莫
𨨫	金爪木
𠙣	几罒土厶
𥋸	目雨田
𣜻	来辰寸
𣌋	日僉欠
𬉎	氵月重
𩂑	雨几二
𫣙	來一口乂
𡮗	⻌小丿不
𥁷	氵乏皿
䓔	艹孝
𬙿	羊䒑口口月
𨳦	門又又
𣜱	朱山亼冊
𠵨	口㝵
𧐿	虫山宀示
𢚁	忄己心
𢱞	手艹出
𠼯	口言午
𫜗	麻亻一夕刂
𧀟	艹厶口乃又皿
𪪩	王廾广廿灬
𦄾	糸菐
𣈰	日䒑巾
㹭	犭曳
𠴫	口上小又
𫇖	舌文口
𥌈	目臣𠂉丶皿
𤮟	瓦土鬼
𥵖	⺮月田心
𬯩	阝可束𠂊貝
𣙦	木疒土寸
𪷃	氵刂又見
𪦲	女厶口買
𨂙	足亠口小
𪯼	方齊
𡋂	土年
𥯍	⺮木攵
𠲥	口示乚
𦛊	月【在】子
𢶾	扌矢隹
𠸜	先夕口
𥚤	示乚余
𫈃	艹犭王
𬨖	辛乙
𡳜	尸毛禾子
𩹭	魚扌土寸
𨄙	足鳥
𩛃	食瓜
𬆒	一夕刂亇
𡣻	女⻌艹車
𠲢	口口巾
𫢼	厶口亻弋
蜅	虫甫
𠽘	口未向口
𠿯	口山鬼
𠲺	口山及
㵧	氵艹曷
𠎩	亻非心
𠖯	冫乞
𡍛	土爪壬
𥻻	米糸内
𢣈	忄巛囟攵
𦃀	糸彳土寸
𫌠	亻木一見
𲃟	足人二厶
𢮬	扌出小
𥠭	重禾
𬉝	氵爪幺大夕卜
𤽗	白卜丂
𠄶	亻壬五
𫺲	月夕夕心
𠢟	且力扌丸
𪭳	手艮
𪡦	口疒卜了
𦹱	艹貝斤
𤈡	火山兀
𪹾	火宀䏑又示
𣖘	木糸工
𫵊	小丿糸士口
𭆺	口干
𫴲	彐寸刀二阝
𬠳	虫夢
𥚯	示乚日勿
𧐽	虫氵火火
䊷	糸才
𠵐	口忄土厶
𣰵	毛龍
𨕀	⻌气矢
𡐯	土厂𦣻夂
𪵚	毛亠幺
𦬻	艹女又
𠲟	口亻牛
𣮮	尸目毛
𤻔	疒艹者
𪽞	竜田
𫸱	弓示乚
𦎛	羊女司
𪱕	最亇
𡮠	尔尸目
𣙮	木齊示
𠎴	亻尸毛𠂇巾
𨮋	金俞心
𬏘	異艹罒𪜀
𤄰	氵立丿彡頁
𪟳	午亇
𤻎	疒木木示
𩂄	雨屯
𬮎	羊大門
𫑋	⻌束厶牛
鐷	金艹世木
𤑮	火莫手
𡇻	圍卒
栍	木生
𫫑	另卒
𢙲	忄吕
㮩	木自心
𧛊	衤昔
𪰤	日氵女
𫅴	老女又
𪥞	羊皿大
槣	木宀大可
𠴞	口亻半
𢆧	土半木攵
𥻽	米犬士口
𢦄	忄隹言隹
𣱬	乂𠂇巾气米
𫶱	工丂艹日十
𫯿	夫開
𢤝	忄⺮戊一口
𣆱	日【在】子
𫠸	上氵小月
𪠉	厂止亇
𫏙	足扌爪女
𪨄	小丿八刀貝
𨖅	⻌丶艮阝
𢮀	扌衤刀
𱪤	火兀
𫧪	升曲辰
𦓡	麻而
𣋑	日艹世木
𠹌	口能
𡮸	巽小大
𨧝	金亻日一
𡗐	夢巨
𤯶	刂キ𠔀キ生
𫄈	糸艹氵夂口
𣋃	日倉刂
𬌓	片心
啂	口爪子乚
𨩠	金小丿目
𢩿	扌士
𪺖	爪宀丆皿丨
𦡡	月石㝵
𧰜	虎豆重
𫯩	奔天
𠎨	亻糸亼口
𠶀	口㓁木
𪾝	舟皿米凵八夂
𡐚	土魚
𦓉	老足夂口
𣙩	木山宀示
𪽅	广氐生
𥈰	目氵共
𠶑	口米凵
𥌫	目⺮彑豕
𬳘	首小月
𡄎	口金白巾
𤝋	犭文
𫤩	内彐夕
𫃶	糸氵夂口
𪶩	氵厶口心
𤌣	火西木
𪱘	曲月西女
𣉍	日畏
𣰴	⺮竜毛
𠺼	口米欠
𫪹	王廾十口
𨄴	足土半丸
𥱮	⺮扌爪女
𥋺	目宀爪臼
𠠊	𦉰山刂二日
𦝍	爿木肉
𡮵	尚重
𧊕	虫戈𠂇
𩿨	丘鳥
𪿱	石舟皿
挒	扌一夕刂
𨉠	身扌半
𢅬	白巾真
𢥪	忄𦰩隹
𠌦	亻糸内
囕	口臣𠂉丶罒見
𦋕	网彳皮
𡆌	口馬喬
𫾆	扌宀禺
𠊝	亻弋厶口
𥶄	⺮女束攵
𠽑	口豆支
𩆋	雨扌爪缶
𨎠	田夂口車
𬔔	穴工竜
㩃	扌寒
𢹆	扌言匕匕白
𥴚	⺮自𠁼十
𡃛	口言羊又
𥰄	⺮艹勹口
𧘪	衤牙
𬥬	八刀貝文隹
𢭑	扌丿七尺
𢯗	扌禾子
𪻃	犭彳聿
㕰	口毛
𤹪	疒匚三（口）
𧧯	言光
𪖫	自田丌每
𢆨	木夂土半
𪷔	氵殳亻夕夕
𥗏	石火火冖王丶
𤉇	火吳
𦠳	月尸三（子）
𦗽	耳疒白勹丶
𣉸	日言己
𱳍	目足夂口
𤏪	火火火冖力
㛎	女吕
𣟮	矛木𡕩
𬀦	一乚日
𨆺	足氵西示
𠽦	口氵戊一口
𣒾	木艹凡
𬞷	艹言犭王
𡉦	土午
𱢎	日衤刀
𬰢	宀必山面
𠱤	口耒
棿	木臼儿
𫲎	女莫㣺
𬆈	正亻尚
𬛠	𠫓月食爪女
𪨅	小矢隹
𪿙	石𠂇火
𤷮	疒彳主
𫮷	土里立口
䐗	月者
𥚇	示乚舌
㩫	扌斤斤貝
𢲥	扌金十
𦟋	月亻立口
𨠵	酉光
𬩁	⻌支另刂
鎫	金向乂八夂
𫤎	亻匕頁彳正
𫺎	忄丰阝
𠅻	亡氵口月
𥾛	糸七刀
𩻹	魚十日十月
𣲠	氵一夕
𦝈	月日厂人
䖴	虫兆
𣜸	木日冖車
𤀓	氵示彑水
𧿳	足弗
𫮥	土隹及
𪱴	木女
𤭚	瓦牛口
𬷞	木木鳥
𤬪	土瓦
𢆫	年止戊一𣥂
𠾕	口阝丷豕
𫅟	羊大宀一兀卜又
𢁑	巴束𠂊貝
𤋻	火氵𠂆𠂢
𠞢	王刂王刀
𫤍	人王言亼冊
𫮇	土石从
𢭶	手尸毛
𣘊	木彳走
𫆽	𠫓月能
𤁘	氵竜中
𡁞	口高卜又
𬖷	米卜口门日
𤖶	片丙
𢯒	扌艹不
𫌖	衤夫夫車
𢵭	扌艹來
𤇊	火平
𫙔	魚卜尸
𢙵	忄乂𠂇口
𠬉	土厶争
𦀴	糸艹亡
𤒦	火僉攵
𫂝	⺮𠂊冂人冖夕
𧹟	赤宀匕
𠯅	口弋
𡀡	口氵弱
𥼱	米喬
𪿥	石木攵
𣈚	日爿犬
𦵛	艹手出
𡣧	女厂買
𪡴	口言己
𨃊	足卜口灬
𦄸	糸言公
𫒃	重尸匕
𪯵	匚王方
𡳁	尸米大丶
𩿙	鳥戈
𧎴	虫扌斤口
𬧆	足目民
荱	艹尸毛
𡹠	山宀且
𡁾	口言丷口儿
𪆧	鳥走戉
𬑅	目亇
𤶈	疒西
𣻆	氵子丿糸
𣐳	木口乂
𨮵	金艹冖一豕
秲	禾土寸
𦄄	糸尹口阝
𩪞	骨巽
𦝊	月⻌屯
𫮋	夕卜坐
𢃊	𠂇巾司
𫋨	虫言柬
𤆈	火乃
𪜝	予其
𬇁	毛山今
𤀜	氵目青
𡹡	山亠口小
𪠞	夕夕土厶
𦆹	糸业羊寸
褀	衤其
筪	⺮匚甲
𧣧	𠂊用大弓
𫸊	广黃𠫓儿
𪥯	亇女又
㕵	口王
𣊘	日魚
𠸓	口扌舌
𣔡	木土皮
𠽃	口土半丸
𤃛	氵西示瓜
𪭮	扌三（人）
𥽡	八刀糞
𪡩	口山厂火
𢚷	忄車
𪟐	八刀爭
𧹱	赤甚
襎	衤釆田
𡀱	口口丂虎
𣒣	木艹亡
𨡉	酉彐冖又
𢁍	巴爲
𠸪	口氵夂口
𣙪	木麻
𢏡	弓先
𬜎	舌貝乏
𪾺	宀必山目
𡳣	者阝尺
𠾾	口氵日业
𫂚	⺮木每
𩼢	尸口辛魚
𬝐	艹卜口灬
𨮑	金亻山隹
𪿹	石卜了禺
𥹵	米束
𠃝	乙小
𡼸	山⺮聿
𢵲	扌口立丿彡
𫤈	亻八人口⻌艮
𢃈	巾王廾
𪥷	亻白女
𠻅	口石乏
𧶮	貝圍十口
䈊	⺮夌
𩽖	魚⺮馬
𥌥	目言果
𥑥	石生
𥷒	⺮厂禾禾止
𠰂	口一兀
𦛜	月今口
蘝	艹僉欠
𫒅	重耳又又
𨭑	糸𠫓儿金
𡎤	土羊大
𤠹	犭帶
𥇀	目艹亡
㨶	扌鳥
𣑌	木乚召
𥆂	目亻壬
𣼩	氵阝今二厶
𬲞	食女甘木
𥓸	石衤彡
𤡱	犭中一貝
𤗆	片每
𪮭	扌走尔
𣎃	月尚
𩜽	食文厂彡
𫏓	足千北
𠠩	田夂口䒑月刂
𥃞	𦘒灬皿曷
𤄮	氵堯夕夕
𥉬	目一夕刂灬
𤀏	氵言弋工
𪮨	扌氵㓁木
𫆡	𠫓月亇
𦠆	月巽
𬙴	羊大屯
𧁺	艹糸戊一口
𬊢	火门市
𦪃	舟冖一豕
𠄺	井見
𪡑	可氵女
𪢣	士口䒑口日月
𡭦	小木一
𤍇	火辰寸
𣒳	工木王
𣘆	木糸内
䈹	⺮宀亻一白
𩫦	高三（厶）人彡
𨁥	木土足
𫺧	忄亼⺍口
𢟚	忄亡口月
𫌎	月丷口儿衣
𬛟	月土厶卩骨
𤐛	火門市
贑	立日十工貝
𢜫	忄小丿目
𢌊	广黃王廾
𦧜	舌一口乂
𦲒	艹厂圭
𨁡	足爪女
𫖧	頁日亠口小
𤥑	王亡女
𠿷	口門市
𨅁	足⺮立
𥄫	目及
𫴼	门才小
𦁁	糸忄丑
𦁸	糸亼口卩
𬁏	文寸日勿
洷	氵至
䉒	⺮釆田
㙴	土𠂊厂八言
𤹿	疒魚
𤅶	氵䜌攵
𧑆	虫立里
𧞾	衤黑犬
湥	氵穴犬
𨄞	足⻌束
𩄶	雨米欠
𠖭	冫了
𡭰	兆小
𠩕	厂米
𣦎	正尚
𪽩	疒亻乃
𣷠	氵日月
𣇟	日宀牛
𪡫	口土口𧘇
𠶍	口木冖儿
𫩺	口尽
𥶱	⺮白鬼
𧐹	虫禾夕夕
𩠓	首乞
𦟿	月土隹
𫥫	尸至出
𤗖	片子皿
𩾰	止鳥
𣒠	未曲
𪳴	木几罒土厶
𢽼	巴乂乂攵
𣙨	木⺮皮
𬩏	水丶⻌束
𡮈	爪子乚小
𦛋	月士口
𨅉	足丶艮月
𪞀	光亇
㗩	口习习白
𫊹	虫人二厶
哴	口丶艮
𢥆	忄⺮竜
涖	氵亻立
𩹤	禾火魚
𬞕	艹门柬
𩂐	雨壬
𣁔	文口巨
𢞄	忄土后
𫠷	上亻𡗗キ
𬛙	月長平
𢙪	忄文寸
𫴚	宀必山山今
𬈓	氵冖儿尸匕
𫇀	月厂禾禾止
𬹹	齒艹巽
𫯊	甘木夂力
𠽊	口每攵
𫯲	且力大弓
𣞶	木夫夫車
𡤟	女子三（石）
𩺋	魚疒卜弓
𧏶	虫阝車
𫾑	扌⺮其
𣖢	一木卒
𥍑	目車喬
搎	扌子丿糸
𠳹	口广木
𫆉	禾火耳
𩆪	雨𦭝戍
𥺏	米口欠
𠼳	口十口十乞
𩝺	食扌爪女
𫉼	𦭝戍亇
𡏡	土竜
𠱀	口皮
𡀯	口亻專
𱿂	艹禺頁
𢋴	帶广氐
抯	扌且
𫬍	口非衣
𤇢	火白
𦙫	月正
𡗉	堯夕夕
𭢥	扌艹氵夂口
𣛢	木尸毛且
𪮊	扌亦十
𪳫	三（又）木由
𢟓	忄宀辛
𫵡	尸毛册
炪	火出
𫢩	尸匕今
䀧	目共
𫭧	土乃子
𬛛	北月其
掋	扌广氐
𥬩	⺮尸匕
䖷	虫乂𠂇巾
𡽫	山女束攵
𢴙	扌口來
𦁾	糸工冂大
𣗑	木阝車
𫙍	鬼子皿
𡉕	土丸
𬖭	米卜口日一
𧷸	貝莫
㩜	扌臣𠂉丶皿
𤻓	其疒丙
𢟒	忄能
𢝆	忄重
𤿦	皮夕夕
𬩲	⻌斤宀䏑又示
㨋	扌者
𫴞	宀心皿丁亻也
𥨋	穴牙王廾
𥪸	立⺮土寸
𣞻	木罒能
𡄡	口齊示
𬵤	魚扌立女
𧒍	足夂口虫
𤃜	氵⻌一火日小
𬇮	氵殳亡
𣽊	氵卜冖一八人口
𠎪	亻尸婁
𢯥	扌艹一兀
𫶵	巴乃
𫽿	扌白𠁼十
𱹵	糸门心
𣂋	戶斗牛口
𣍕	曲堯
𫇟	舟非心
𢮭	扌具
秷	禾至
訔	山言
𢟏	忄一夕刂灬
𣔞	木子瓜
𤶐	疒【在】子
𩶪	魚至
𠾦	口非心
𠼺	口忄单
𬳨	馬彐
𡃚	口广里八土
𡍙	土艹几二
𩠭	首尸至
燶	火曲辰
𪶾	氵阝乚丙
𢆥	十冂半年
𪞴	几言十
𠳺	口文口
𢹩	扌雨木目
𫘼	長彡由
𬧮	身糸内
𨭡	金氵爪臼
橽	木⻌土羊
𢢅	忄十日十月
𱓄	口艹几二
𫄋	糸言土寸
𠓺	𬻝灬人
𬪮	酉石开
𡎦	坐夕卜
𬠢	虫示且
𠐅	亻耳宀且
𠳘	口攸
𧋹	虫天上
𥃨	目卜
𤸭	疒彳走
𣍍	冖兔曲
𥶮	⺮木山隹
𩇛	生青
𥻺	米爪幺大
𣉶	日耒毛
𡀵	口言大亏
𦹵	艹日十十口
𤈞	火耒
𫑊	⻌力口貝
𣼹	氵目艮
𤁕	氵辛束
𠾷	口土半卩又
𦅭	糸阝丷豕
𡉖	土弓
𫬩	商奔
𤢤	犭亠圍口禾
𥮋	⺮亻木一
𦩛	舟具
㘙	口口口厂敢
𬦄	赤者見
𬳙	首广由
擃	扌曲辰
𡓆	⺮立坐
𫽎	扌亻夕夕
𥾃	米䜌虫
𱓳	口罒正
𤁛	氵者乃子
𰔐	手爲
𣕃	木禺
𩷇	魚乂凵儿
𬛦	臣卜立
𦲺	艹亻一口乂
𡂀	口木高
𤎜	火丶艮月
𣁲	斗冬
娫	女廴丿止
𤘋	牙我
𣫲	母亻丁
𩵽	魚心
𠂎	丿丩
𩴅	鬼丰刀大
𡮪	小其欠
𤃧	氵扌⻌土半
𧋺	虫士心
𨂕	足木木
𱱽	白丶艮月
𠞡	骨刂
梹	木兵
𬙵	羊大丙
鮉	魚召
𫯡	大平
𬊴	火田北
𫗶	首乎
𪟼	卒巽
𫢫	亻弋世
𣹔	氵⻌冋
𨮐	金⻌盾
𣈛	日舌刂
𧷹	貝⻌牛口
𪺇	火离隹
𤘁	片艹冖一豕
𤀖	氵山鬼
𬜝	𠂊巴厶牛
𬚈	习习寅
𤏤	禾乂𠂇巾灬
𧔙	虫日共水
𩯯	長彡免免
𢲪	扌土里
𬳛	首婁攵
𡭻	小大屯
銊	金戊一
𣩂	扌斤死
𣋾	日言果
𬝗	艹忄衣
𦡶	月臣𠂉丶皿
𠿄	口宀禺
𬗗	糸扌斤
𥗨	石艹日甘𧘇
䄇	示呈
𠶕	口氵召
㾾	疒兼
𡔿	士冖几𡗗天
𫻉	刀丶心𠂊貝
𬲁	几二十冂半
𤚇	牛羊又
𨀏	足日一
𤠰	犭甘冂土
𫖂	刀二阝面
𫵍	小止小頁
𪠠	厶矢亥
𫫜	口犭青
𦼚	艹三（木）
𬲉	飞白
拰	扌亻壬
𡑝	土米舛
𢌌	王廾广黄
𧔿	虫用口隹
𦠘	戶月來
𦥃	至典
𤬲	瓦内
𪭇	忄羊言言
𫐪	⻌力尔
𥆽	目口今
𪾉	皮耳阝
𥹘	米丙
𩈩	面刀二阝
𡫐	宀立丿彐刂八
𦷯	艹土里
𠒬	光戈口一
𢩤	戶隹曼
𤲼	畏曳
桗	木乃木
𫊮	虫卜尸
𦛾	月忄丑
𧜺	衤虎彡
𢢽	忄豸艮
㮈	木大示
𤊤	火山石
𩘩	風⻌艮
𦄺	糸丶艮月
𨄃	足⻌豕
𡮞	宀丰口小丿
𣱼	氵刀
𦨂	甘木𬻝舛
樍	木龶貝
𬰊	雨⻌言
𥇂	目另刂
𡭱	出小丿
掿	扌艹𠂇口
𢯝	扌氵半
𫿹	艹巾斤
𧎸	虫高
𥉯	目木圭
𫇁	月重土八夕
𦀍	糸厂止
𦂛	糸方𠂉也
𪵲	氵圍凵
𦹺	艹文見
𡝃	女止𣥂
𫔭	𫔭
𢒞	柬彡
㓶	丰刀大刂
垉	土包
撘	扌⺮亼口
㹥	犭主
𧺃	赤者見
𩗃	風且
𫽂	扌支八刀
𠍥	亻貝乏
浗	氵求
𫼙	手氏
鑥	金魚日
𢬗	扌耒
𢧚	年戊㇆
𬆗	厶口死
𤵊	疒屯
𬩓	厂止⻌束
𡮺	臣又貝小
𪢘	口辛束
𧻭	走曳
𢳙	扌穴兆
𫵟	尺扌丿七
𦁿	糸女十口
𡼈	山土半丸
𢲬	扌一夕朱
𥀳	皮木莫
𢲦	扌耳戈
𣟭	木口口馬
鋦	金尸㇆口
𠼦	口曼
𦑗	戶习习夬
𨂔	足𠫓月
𥻢	米口自
𩶱	魚宀丿七
懢	忄臣𠂉丶皿
𢩪	扌了
𫏝	足米且
𥐍	矢豆豆
𨷶	與キ門
𱎃	氵乃乙
𣆰	日大弓
𨇓	亻僉足
𡶨	山厂千
𧋁	虫一冂土
𨢟	酉艹亥
𢴖	扌戶攵口
𤀔	氵食欠
㖇	口而
𪃵	鳥查
𫦓	方𠂉矢刀
𧖱	血卯
𠓬	文口人
𫅞	丶艮羊䒑口
𪦚	女貝攵
𫃷	糸尸目
𠑈	亻氵臣𠂉丶皿
𬏴	疒忄又土
𨙥	⻌𡗗日虫虫
𢀦	巨戶斤
𥢄	禾𡕩（又）
欗	木艹門柬
𤷱	疒門
𠺧	口攸木
𫶰	差支
𨫊	金西木
𫐚	辛木乙
𨀻	足戈𠂇
𠀪	其丶
𢭷	扌土文
𬴑	王廾骨
𠁝	並戊一口
𤋵	火彳土寸
𡅌	口⺮門月
𢭳	扌酉
𫇥	䒑卜
𣼾	氵耳卯
𬓞	离土厶
𨇬	足日一金欠
𩙹	⻌夂丰飛
𩄨	雨骨
𩅙	雨三（厶）人彡
𪻟	王㇆𠂇巾
𠺟	口广車
𥷻	⺮雨⻌米
𪰿	是宀子
𠲨	口氵也
㒷	冂人𠔀
𪽱	疒穴力
𫔯	门斗
𣜷	木禾火心
𧣳	𠂊用八人口
𬏻	疒𠂊圍八乂乚丿
𡋁	土䒑巾
𬮜	门天
𥊠	目山宀示
㮲	木芻
𬉆	氵尸婁
𧐖	虫⻌車
𬋟	火日冖口口甘𧘇
𡃿	口扌⻌土羊
𬛉	北月公
𠲖	口衣
𪡇	口亻尔
𫥊	冫𠂊厂卩
𡥥	子夕夕
𤞧	犭圍木
臁	月广兼
𥾘	糸土
𢥇	忄單戈
𥻮	米宀辛
𫥘	冫令士口
𫹊	手一丰冖一兀彡
諪	言亠口冖丁
𪾆	皮亇
𫶳	工罒者
𬖽	米氵㒼
腀	月亼冊
夦	甚夕夕
疪	疒匕匕
𪿘	石厶口
𬁊	日彳余
𢵯	扌買
𠛣	日一刂
𢖖	婁彳幺夂
𣵵	氵山及
㑍	亻耒
𪰂	方弗貝
𫬮	五口石卒
𢬄	扌冫水
𣒴	木禾乃
𡸇	山夂木
𪅧	土隹鳥
𢯟	扌土日一
𬈭	氵重力
𫥌	冫王廾
𬪐	䒑八日阝
𫑾	酉亠圍口示
𬧡	身亠八
㐌	𠂉也
𢞅	忄西女
𬄅	木氵日工
揂	扌丷酉
𪥉	天巴
𥌀	目宀䏑又示
𪢒	口婁攵
𧑃	虫敖
𦞔	月忄光
𧋉	虫八人口
𡖵	夜卜口
𢖺	忄弋
𬸴	卜圍乂亠圍口禾
𫤡	光田糸
龱	圍乂
𠅍	一木亡
𣑁	木𠫓儿
𠼪	口禾夕夕
𫸷	弓丨王廾
𡨹	宀寸宀丁
𠖿	冫用
𢸵	扌尸口辛土
𱟦	⻌夂丰戶方
𣋨	𡗗日亻彐冖又
𧌀	虫天口
𪓫	木彡黽
𡑖	土阝丷豕
𥌙	尸目广車
𦛻	月木寸
𡍚	土木木
𤐚	火立日欠
𩯂	長彡艮旡
𩩪	日日骨
𬋰	⺮毛爪
𢭮	扌己攵
𣦓	正卜貝
𪻈	犭強
𱘅	土足夂口
𩵾	魚支
𬷩	隹又鳥
𤮿	甘兀
逎	⻌酉
𠀿	下口欠
𤃢	氵广亠圍口禾
𡆚	口行目目隹
𬰆	雨氵争
𧹅	堯八刀貝
㝹	小丿兔
𠴘	口木寸
䱊	魚米
𢷄	扌氵戊一火
𤠷	蚩犬
𣉎	日查
𣑻	木年
𥶳	⺮糸戊一口
𡀦	口氵日皿
𠺦	口亻昔
𤞒	犭共
𧣲	𠂊用一日乂
𪱂	日犭者
𬒧	石皮臼工
痶	疒典
㤳	忄不口
𬇏	气木
𢴉	扌艹余
𣼶	氵門口
𡂷	口宀艹見丶
𫥏	冫木攵
𣗿	木示且
𫹗	彳日文
𬘊	糸罒能
𬖪	米尸并
𬊽	彐火士尸
𨦧	金年
𥮊	⺮木土
𠱄	口皿
𪣠	土文口
𬘀	糸氵臼工
𨍦	車婁
𫁫	立阝夂㐄
𣍁	尸毛曲
𬞰	艹丨日婁
𦀵	糸中中
𨇹	足亠乡隹瓦
𫻈	女又心今口
𢴌	扌門口
𫡀	並齊
𥋒	目矢口日
𫏥	足言大亏
𩛄	食丙
𧐼	虫扌卓
𢣃	忄石卒
𬠓	虫禾子
𤻭	疒言五口
䟢	足尔
𬜌	舌方𠂉也
𪡆	口扌今
𨃼	足示乍
𩚩	食十口
𦠶	走召肉
𱸣	⺮女夂田
𥶀	⺮糸黾
𤉘	火言
𢴝	手艹阝一兀
𪡾	口⺮生
𦺓	艹十日十月
𢩛	戶工貝
𫺾	八刀心今口
烣	火𠂇火
𡀴	口扌烏
𫿨	方攵宀竜
𩽉	魚疒叟
𪡍	文口亇
𫍕	言己⺮其
𧁸	艹彑宀果
䏧	月夕夕
𣶈	氵𦉰亡
𦖻	耳田心
𪢏	辰口氵也
𣾵	氵糸𠂊巴
𬐩	不皿司
𠫅	艹厶口厂日子
𧞋	衤广兼
𨄁	足耳冖儿
𡃖	口虎田心
𠢞	扌丸且力
𧋻	虫文口
𡥤	子耒
𤒛	火耒辰寸
𬁉	尸匕今日
𠽖	口⻌豕
𥻣	米扌土寸
𤂪	氵雨辰
冡	冖一豕
𪠢	土厶广黄
𫗾	禾日直
𫷐	巾艹重
𫽑	殳扌日
𠂪	乃亠卜
𪵬	氵凢
𫱪	女子尚
𡑲	土木木示
𩻑	魚米立
𪳞	木孝攵
𣝅	木疑
𥕊	石莽（大）
𫅤	习习令
𢯖	扌忄土厶
𪜉	中平
𫚱	鳥勹厶
𤹗	疒公习习
𦑅	兩习习
𫂪	⺮夭雨彐
𤻾	疒弓單
𩻔	魚⻌扌斤
𪬶	忄糸每
𥊚	目麻
𠉠	亻豸
𬄞	未犭者
𫂨	⺮土寸一口田
𣱾	氵了
𡐗	土𠂊用斗
𦟣	月𡕩
𫻽	戊㇆年
𬘂	糸予頁
𢚳	木寸心
𡐘	土氵白工
𪡈	口亻白
㨄	扌用口
𬙺	羊大公廾
𢅅	巾厂屰欠
𬚎	糸柬老
𬦨	足口卩
䱑	魚扌斤
𢧲	我止匕二
㭽	木广氐
樑	木氵刀八木
𱐾	馬勿
𣒱	木口欠
𢹾	扌𠂤止彐冖巾
𡦧	禾子卒
𥱰	⺮彳走
𢷳	扌敻
𬁚	日生臼人
𱡵	艹几二方
粚	米𠂉也
𦠲	月亞心
䇮	⺮亻壬
𬌥	牛婁
𦃿	糸罒土厶
𡂇	口口𡕩
𨆶	足艹氵甫
𪖺	白田丌艮旡
𤞔	犭弋工
𭖌	山日一
揁	扌卜貝
𬌕	片亻木一
㗖	口爪臼
𥗽	石臣𠂉丶罒見
㳻	氵昔
𢞃	忄糸工
𣾼	氵走戉
𥰊	⺮亼口下
𣍂	八人口曲
𢹽	扌⺮旡旡日
𢺳	扌䜌虫
𬝡	艹日月乃
𡤠	女示曲豆
𡮬	小門心
𦹹	艹氵厂圭
𩽸	魚食堯
𦖡	耳白勹丶
𪣅	土世
𠄜	事余
𠰉	口召
𩳊	鬼夕口
𠾽	口門王
𪞽	亠乂凵曲辰
𬜞	𠂊巴非
𫲢	子勹口
𢀲	巨束𠂊貝
淃	氵半卩
𣉏	日艹令
𪊅	卜圍乂木木示
𦨢	舟氐
𫃖	米⺮艮卩
攎	扌虎田皿
𦀅	糸年
盌	夕卩皿
𬲈	几二同𠁼𠔀
𦼇	艹亞心
㧡	扌亥
𧋟	虫每
𥋷	目艹氵夂口
𫀟	示巳余
𠶖	口木王
𫽡	手八刀皿
𡊰	土田
𪴄	朱者阝
𦊛	罒司
𤯨	生王廾
鈼	金乍
𩽤	魚酉鬼
𡓾	土示曲豆
𬔑	穴虎乎
𥈯	目亻里
𠌨	亻匚非
𣃱	方匚王
𦟖	肉馬
𢺤	扌艹門柬
𨃸	足竜
熶	火最
𫏦	足巛圍人儿キ
𤊒	火彑水
𦠰	戶月卓
𩧍	馬三（石）
𠸞	口火卜口
𢫞	扌又土
呭	口世
𬛝	月厶口文厂彡
𪂳	鳥日匕匕
𧞣	衤厂日月犬
𨂘	足爪壬
𬈴	氵青中
𬓗	示彐水亇
𤞕	犭一冂土
䧹	广亻隹
𦞐	月虎匚一
𬚼	月王廾
𤢬	犭士口冖至
鐒	金火火冖力
𣯡	竜毛
𪧿	内小
𣃣	方皮
𫃤	糸氵女
𠾒	口牙隹
𤯺	生堇力
𤇳	火戊一
𩄒	雨立日
𡆑	口山口口厂敢
䔅	艹可可
𤑬	火禾丿刀人水
𨯷	金艹癶豆
𬰌	雨倉刂
𬔌	穴牙千
𬩅	⻌氵者
𫴵	彐寸手一丰
𢷅	扌足夂口
𩙋	風⻌俞
𦈽	缶爪冖又
𣟃	木𦭝冖一夕
𦇇	糸堯土
𢸞	扌癶豆阝
𥨧	穴婁攵
𤈪	火戈廾
𫑅	⻌束令
𬒸	示乚共
𨫄	金王刂王
𡄾	口言堇
𪟂	卜口刀
𫉳	艹厶口月巴
𩹯	魚𢦏口
𦅴	尸毛糸氐
𧵤	貝宀寸
捤	扌尸毛
橺	木門日
㤓	忄木一
𡑒	土敢
𠖰	冫巳
𡏛	土爪幺大
𣾹	氵⻌兔
菛	艹門
𬐐	白冖一兀彡
𬫂	金厂力
𬖩	米舛亇
𠸩	口卜貝
𱔢	口犭者
𨄠	足釆心
𠼹	口貝斤
𠹴	口尹口阝
鞵	革爪幺大
𫅁	罒亻匕
𠲹	口己心
𠦺	刂キ𠔀半
𩟢	食艹氵甫
𧛞	衤十口月
𪟡	田力可
𡎡	土甘木
𬚍	者者
𠯪	口一夕
𠟀	刀鳥
㳄	氵欠
𫠿	上癶豆
𫑀	⻌刂キ𠔀キ
𬉵	大灬
𤻐	疒立日欠
𧕚	虫齊示
𣴙	氵夕夕
䗅	虫長
𩈪	面爿士
𫄐	糸八刀扌非
㺧	犭㗊（頁）
𤌄	火者
𪽕	包田力
𦂽	糸穴犬
圚	圍中一貝
𠡚	二日力
襵	衤三（耳）
𥆼	目里
𤻑	疒广兼
𤀗	氵先吕
𫡻	亡口月
𨁋	足豆
𡲈	尸毛文
𫻠	忄口月丶艮月
𪟤	王廾田力
𩍣	革艹世木
𡉎	土工
𡓋	土隹尸毛
𠎊	亻三（木）
𡄫	口言兼
𣼴	氵車欠
𤡛	犭宀一皿丁
𬕌	⺮广木
𧉚	虫勿
𢄂	且力市
𨆢	足雨田
𪜚	氵木攵乙
𢲣	扌竜
𦝇	月忄日一
𠽌	口雨彐
𣈗	㝵日
汵	氵今
𠾿	口工頁
𧻐	走文寸
𫳘	宀子宀丁
𪴉	木幺幺山八夂
𠽉	口氵㓁木
𩄱	雨竜
𫃘	糞半
𢭸	扌广予
𧋼	虫王廾
𬏒	田女丶艮
𣰏	毛山鬼
𠀲	丁夕夕
𫚶	乎鳥
𢹅	扌氵蜀
𠁀	世亻弋
𩂁	雨兀
𤐝	火雨田
𪪅	平大电
𬗓	糸䒑巾
𣈢	日卑
𱘔	土阝米舛
𩠧	首尸㇆口
𬈤	氵尸匕生
𬑦	目白匕旡
𫽗	扌不皿
𫥴	巴刀
𨄶	足羊永
𣽆	氵⺮工凡
𤷒	疒田牛
𨗮	⻌臼丨八廾
𣛨	木十日十月
𠮾	口兀
𪸊	氵爭堯
𡀔	口足夂口
䏠	月立
𥯪	⺮𡗗天
𣊍	日麻
𨤮	里火火
𣖗	木⻌尸匕
𬆞	殳亡
𢁊	巴扌弋工
𪰹	日土里
𪽁	生卜
𠅼	亡禾失
𦾥	艹日冖車
𠖨	冖一兀艹冖一豕
𣜲	木⻌盾
𢫈	扌十口
𪾮	目爪壬
𨮎	金艹氵夂口
𣹖	氵一夕且
瀐	氵𢦏韭
𬢗	八人口𠂊用
𤳢	田力工貝
𠓻	人王亼冊
𫖀	面一木
𣋂	日十日十月
𦄼	糸彡頁
𩠸	首⺮馬
𢫟	扌亻士
𪠿	口⺮
𢩜	戶方𠂉矢
𢤟	忄雨辰
𧲼	豸包
𦢠	月齒
䴌	鳥艹冖一豕
𢫜	扌人上
𡏦	土差
𣘓	木罒土厶
𪤸	夕卜亇
𠏭	亻耳又乑
𩝻	食真
懙	忄與
媠	女左月
𤠶	犭真
𡸏	山亻立
𬙼	羊大卒
𡙴	立日儿大
𬰅	雨俞
𬨴	⻌艹厶口
𧍋	虫㝵
𤓺	爪斗
埬	土東
𥆾	目刀丶心
𦢟	月扌菐
𣈓	日扌皮
𪄥	鳥骨
𨔈	⻌牛巾刂
𤹕	疒圍大心
墛	土尸示寸
𠾹	夭口卒
𠄻	五木木
𤷳	疒山石
𪆼	雨田鳥
𤖡	爿宀一火日小
𫌵	又又言
𣜋	束馬
𪱐	立日小丿目
𠐸	余土隹
𣖚	木艹力口
𠱈	口矢
𤠤	犭艹亡川
𥃑	舟皿乂凵八夂
𨬈	金麻
𠣶	包另刂
𫒾	金糸内
𡒻	土斤斤貝
𥴛	⺮木隹
𫏱	身會
𣼷	氵革力
𣐝	木匚巾
𫖿	几二羊大
𣠩	木艹臣𠂉丶皿
𢟐	忄王朱
𠲏	口亻壬
䘃	虫黑土
𩺥	魚芻
㖽	口頁
𢷀	扌俞心
𠚯	兀刂
𢭺	扌豸
𬈫	氵彳㝵
𤒢	火广亠圍口禾
𩽥	魚門柬
𠶏	口禾彐
𧜘	衤口貝
𣊿	日十日十月
𬃱	木十口日一
𤄋	氵糸囱心
𣻄	氵彳余
𫷤	幺力⻌𠂤
𩼸	业羊寸魚
櫈	木癶豆几
𪥻	女干乏
𨙛	⻌束血乑
𢺹	八刀支
𱠳	扌里八土
溳	氵口貝
𬯰	隹又示乚
𢷆	手亠圍口日一
𠃷	禾子乙
𦢷	月口口馬
𢯑	扌忄又土
𡓈	土禾尤匕日
𧕀	虫尸口辛土
𠶇	口巾永
㗈	口龴用力
𣼲	氵口隹
𱍧	彐工口寸下
𤊫	火土皮
𠼸	口亻匚日女
䈜	⺮亻彐冖又
𬑩	目垂午
𫫤	口戶口攵
𤉓	厂火由
𬠫	虫艹日月
𠎫	亻十日十月
𥊀	目三（厶）人彡
𫴱	彐寸每
𠯻	口幺㇆
𣹙	氵𠂇月阝
𫑇	⻌斤其
𣍗	禽曲
𦬂	艹兀
𫻎	立日欠心
𪚚	龍中
𫡐	乃亇
𫺶	忄阝車
𠻄	口艹亡川
𬠱	每亦虫
𬚲	肉心
崊	山木木
𪘵	齒夌
焝	火氏日
𫣿	買人㣺
佊	亻皮
𨒒	⻌万十
𦞒	月彳土寸
𱔫	口穴牛口
𪯗	散八刀
𠴓	口亻氐
𣠒	宀釆田朱
𦇒	糸三（石）
𠓔	臼儿夢
𤾔	白艹冖木
𦢩	月艹肅
𲇣	金艹勹米
𫧦	亠幺𠁼十亇
𭉩	口亻立口
𫊴	虫扌丿七
𠁔	並由丂
𢨃	莫戈
𤞘	犭亻壬
𩿘	鳥毛
㽿	疒瓜
𢥢	忄言堇
𣔲	木⻌冋
㘉	口⺮艮卩
𢿼	彐工口寸攵
𤷯	疒尸巾刂
𢫠	扌弓厶
𡌽	土广卜口
𪤲	士尸亇
𡃕	口穴身弓
𢲵	扌一曲日
𨃴	足骨
𧅕	艹月巤
鐰	金三（口）木
𪮳	扌亦虫
𪄧	鳥⻌屰
𠲕	口广土
𠹽	口艹亥
𫽌	扌殳勿
𣹘	氵彳土寸
㭼	木水日
𧊌	虫工丂
𥸆	⺮月巤
𦀼	糸山内
𢄹	巾喬
𪩤	巨一夕刂
𢴑	扌釆心
𬢱	言羊又
𧧀	言瓦
𩅺	雨彡頁
𪩧	亠口冖丁巨
㴜	氵戶冊
𫖾	俞几二
𣑵	木聿
𱜘	亼冊巨
𠬃	土厶甫
𢤣	忄⺮䒑月刂
帀	一巾
𣳡	氵戊
𧸺	貝穴身弓
𣂃	者斗
𣨭	一夕宀㠯
𩊽	革乂𠂇巾
𣛦	木氵方𠂉子
𫯖	夕夕⻌䒑大
鵶	亞鳥
𡳩	尸毛聿日
𨓢	⻌斤兀
𪰨	日忄戶
𡗎	夕夕車斤日
𦀫	糸广犬
𠑕	亻卬言五口
𢩊	戶光
𣊾	日非心
𠶯	口扌出
𪵯	氵爪
𫐾	⻌豕不
𦲹	艹夜
𡓥	土單戈
𢲝	糸屯手
啱	口山石
𬗰	糸一夕朱
𡢐	婁后
𤳆	田力來
𡍣	土亦又
𧙀	衤立
𥝽	禾下乚
𫿴	斗爪子
𠶗	口直
𤔽	爪艹冖一豕
𩲡	示鬼
㫼	日牛巾刂
𠇽	亻匚巾
𡄯	口月立日心
𧋸	虫呈
𬬌	金戈戈木一
𥣐	禾日冖車
𪀆	亻士鳥
𨨦	金木攵
𨯃	金婁攵
𣔓	木彳皮
𫨫	厶卜貝
㗅	口十口月
𨨧	金立女
𪆤	黑鳥
𪇴	𦭝戍鳥
𡮫	䏑犬灬小
𫆍	耳丶艮月
𪧚	宀子宀寸
𫆘	月一卜
𠺳	口尤匕日
𥶲	⺮三（石）
𦧽	舌彑水虫虫
𡳽	⺮馬尸至
𪽄	生尚
𥖓	石皮吕
𤴏	異罒糸隹
𣜿	木艹世木
𬟼	虫一木
𢴔	扌貝反
𥘷	示乚小丿
𨄷	足大四（乂）
𫇳	艹人上
𬄃	木矢巨
𣷷	氵亦又
𬷤	爪可鳥
𬀰	日一夕刂
𧛌	衣才犮
𬄮	木十口忄日一
𢯓	扌艹巴
𠚐	出木
𤯆	甘言
𠾻	口氵甚
𤷴	疒亻衣
𦾣	艹扌冖隹
𫪥	口亻夕夕
筙	⺮耒
扖	扌人
𨮹	金⻌啇
㾞	疒酉
𣭒	毛目
𩇅	雨言莫
呞	口司
𥊴	目最
梖	木貝
𤇲	亻壬火
𢝸	忄咼
恗	忄大亏
𬏯	疒豸
𡅧	口𦰩隹
𬇸	氵亏木一
𧄳	艹日十喬
𫶷	吕巴
哠	口牛口
萶	艹𡗗日
𪰬	日一禾刂
𥙧	示乚尔
𤍎	火丶艮阝
𣔥	木彳正
㗚	口西木
𪳘	木冖一豕
𪲝	木广木
