的	白勹丶
了	了
我	手戈
是	日圍止
在	才土
你	亻竹八
和	禾口
有	𠂇月
不	不
就	亠口小尤
都	耂阝
也	也
要	西女
吧	口巴
好	女子
他	亻也
說	言公儿
去	大凵
到	至刂
沒	氵勹又
還	辵目一口衤
上	上
對	业羊寸
那	冉阝
人	人
個	亻圍十口
看	手目
中	中
呢	口尸匕
來	𠂹
嗎	口馬
爲	爲
會	亼囪甘
她	女也
與	𦥑牙廾
給	糸亼口
等	竹之寸
這	辵言
用	用
把	扌巴
下	下
恩	圍大心
能	厶月匕匕
很	彳艮
多	夕夕
做	亻十口攴
想	木目心
點	囪火火卜口
被	衤皮
地	土也
而	而
一	一
後	彳幺夂
又	又
從	從
再	二魚
將	爿䏑寸
時	日之寸
但	亻日一
過	辵冎口
打	扌丁
大	大
年	禾人
麼	广屮屮幺
啦	口扌立
以	厶人
買	网貝
讓	言衣口口甘
嗯	口圍大心
着	羊目
小	小
得	彳貝寸
先	之儿
啊	口阝丂口
或	戈口一
呀	口牙
找	扌戈
新	辛木斤
及	𠂊又
跟	足艮
於	烏烏
太	大丶
嘛	口广屮屮
號	口丂虎
日	日
才	才
可	丂口
比	匕匕
玩	王一兀
們	亻門
最	冖二耳又
月	月
真	十目廾
吃	口气
發	癶弓殳
並	立立
它	宀匕
其	其
話	言舌
請	言生井
錢	金戈戈
叫	口丩
開	門一廾
出	止凵
誰	言隹
哈	口亼口
當	八宀口田
向	宀口
家	宀豕
問	門口
之	之
更	内攴
該	言兀彑
走	走
快	心コ又
別	冎刂
前	䒑月刂
由	由
高	亠口冂口
您	亻竹八心
裏	衣田土
加	力口
所	戶斤
天	一大
卻	人公卩
已	巳
里	田土
內	内
寫	宀臼烏
啥	口亼十口
老	耂匕
搞	扌亠口冂口
行	行
事	一中彐
拿	亼口手
帶	廿儿冖巾
如	女口
死	一夕匕
賣	凵网貝
暈	日冖車
像	亻爲豕
使	亻一中又
剛	网山刂
成	戊㇕
無	亦廿火
換	扌𠂊穴廾
只	口八
哪	口冉阝
愛	爪冖心夂
回	圍口
聽	耳亻土十目一心
少	小丿
元	一兀
喫	口丰刀大
卡	上卜
靠	牛口非
幫	土土寸白巾
算	竹目廾
者	耂
忙	心亡
起	走巳
各	夂口
學	廾乂乂冖子
分	八刀
咯	口夂口
總	糸囪心
則	貝刂
水	水
張	弓長
改	巳攴
唉	口厶矢
三	三
見	見
連	辵車
車	車
放	方攴
全	人王
按	扌宀女
區	匚三口
萬	廾田厶九
機	木幺幺戈人
早	日十
拉	扌立
弄	王廾
本	木一
偶	亻田厶九
頁	頁
進	辵隹
性	心生
第	竹弋弓
完	宀一兀
同	凡口
花	艹亻匕
長	長
怕	心白
女	女
講	言魚魚
殺	乂屮殳
組	糸且
錯	金巛日
些	止匕二
住	亻丶王
名	夕口
跑	足勹巳
次	二欠
網	糸网亡
睡	目𠂹土
裝	爿士衣
哦	口手戈
挺	扌廴亻土
王	王
圖	圍口十圍口
掉	扌卜日十
路	足夂口
正	圍止
外	夕卜
二	二
頭	豆頁
應	广亻隹心
生	生
心	心
因	圍大
子	子
強	弓厶虫
類	米犬頁
作	亻𠂉匕
送	辵䒑大
書	彐キ日
每	𠂉母
法	氵大凵
乖	千北
拍	扌白
市	亠巾
撒	扌木月攴
至	至
接	扌辛女
美	羊大
表	衣毛
未	二木
辦	辛力辛
非	非
級	糸𠂊又
即	食卩
哎	口艹乂
此	止匕
差	𠂹𠂇
版	爿厂又
併	亻从二
副	一口田刂
系	丿糸
收	丩攴
男	田力
俺	亻大申
字	宀子
兩	一内内
股	月殳
轉	車東厶寸
便	亻内攴
考	耂丂
塊	土鬼
線	糸白水
手	手
黃	廿大日
道	辵八頁
米	米
座	广从土
豬	豕耂
聊	耳卯
取	耳又
低	亻氏一
難	廿口夫隹
哇	口土土
兒	臼儿
受	爪冖又
包	勹巳
阿	阝丂口
喝	口日勹亡
白	白
金	金
四	四
近	辵斤
管	竹宀㠯
定	宀圍止
傳	亻東厶寸
門	門
樣	木羊巛亻
夠	夕夕丩口
交	大乂
李	木子
笑	竹丿大
自	自
邊	辵自穴方
型	干干刂土
黑	囪火火
慢	心冖二目又
刷	尸巾刂
穿	穴牙
越	走戈乚
位	亻立
貴	廾貝
部	丶不口阝
稱	禾爪魚
處	虎夂几
選	辵卩卩几
站	立卜口
牛	牛
怪	心又土
省	小丿目
倒	亻至刂
談	言火火
曾	八囪甘
羣	尹口羊
經	糸一巛工
數	婁攴
據	扌虎豕
變	言糸糸攴
累	田糸
汗	氵干
查	木日一
象	爲豕
半	半
陳	阝東
紅	糸工
格	木夂口
五	二乂
幹	十日十人干
樓	木婁
方	方
讀	言凵网貝
頂	丁頁
某	甘木
條	亻丨攴木
亂	爪幺冂又乚
唔	口二乂口
馬	馬
遠	辵土口衤
單	口口甲一
海	氵𠂉母
相	木目
熱	土八土丸火
光	火儿
咋	口𠂉匕
風	凡虫
且	且
林	木木
滿	氵廿内内
額	宀夂口頁
化	亻匕
班	王刂王
滴	氵不冂口
掛	扌土土卜
關	門幺幺䒑
漲	氵弓長
店	广卜口
安	宀女
坐	从土
約	糸勹丶
飛	乙冫丿刂乙乙冫
劉	卯金刂
度	广廿又
種	禾亻東土
俄	亻手戈
歌	丂口丂口欠
報	土半卩又
信	亻言
若	艹𠂇口
原	厂白小
文	文
飯	食厂又
晚	日爲儿
量	日一田土
村	木寸
式	弋工
空	穴工
山	山
賺	貝禾禾彐
毛	毛
重	亻東土
主	丶王
另	冎
間	門日
裡	衤田土
貼	貝卜口
入	人
伐	亻戈
血	丿皿
盤	舟殳皿
爽	大四乂
隊	阝八豕
楊	木日一勿
臺	之口冖至
往	彳丶王
片	爿
國	圍戈口一
狗	犭丩口
歲	止戊一㐄
費	弓刂貝
壞	土衣目水
龍	龍
離	屮乂凵厶九隹
共	廿廾
西	西
佔	亻卜口
周	用口
超	走刀口
明	日月
媽	女馬
均	土勹二
期	其月
達	辵土羊
照	日刀口火
切	七刀
留	卯田
動	亻東土力
特	牛之寸
氣	气米
係	亻丿糸
神	示申
鳥	鳥
畫	彐キ田一
夢	艹目冖夕
教	耂子攴
哥	丂口丂口
甘	甘
蠻	言糸糸虫
魚	魚
值	亻十目
鎮	金十目廾
么	丿厶
罵	网馬
陪	阝丶不口
既	食旡
哭	口口犬
力	力
建	廴彐キ
洗	氵之儿
懂	心艹亻東土
雙	隹隹又
口	口
指	扌匕日
東	東
球	王十⺍丶
仍	亻㇕丿
活	氵舌
跌	足手丶
練	糸木四
億	亻言甘心
清	氵生井
提	扌日圍止
除	阝亼木
通	辵龴用
酒	氵酉
貓	豸艹田
餓	食手戈
票	西示
六	亠八
病	疒一内
咩	口羊
假	亻厂二彐又
久	𠂊丶
段	厂三殳
平	干八
抓	扌爪
套	大長
課	言田木
急	𠂊彐心
藥	艹白幺幺木
城	土戊㇕
任	亻工一
草	艹日十
羅	网糸隹
理	王田土
令	亼卩
雨	雨
貨	亻匕貝
唱	口日日
左	𠂇
藍	艹臣𠂉丶皿
縣	目木丿糸
常	八宀口巾
色	𠂊巴
搶	扌亼户口
菜	艹爪木
喲	口糸勹丶
集	隹木
感	戊一口心
房	戶方
較	車大乂
混	氵日匕匕
敢	彑攴
火	火
臉	月亼口口从
操	扌三口木
南	南
退	辵食
件	亻牛
吳	口乚大
破	石皮
聲	南厂殳耳
德	彳十目一心
雪	雨彐
局	尸㇕口
雲	雨二厶
噢	口宀米大
整	木口攴圍止
傻	亻囟八夂
華	艹𠂹
克	十口儿
呃	口厂卩
喊	口戊一口
現	王見
跳	足儿⺍
養	羊食
補	衤甫
團	圍東厶寸
沈	氵冖儿
反	厂又
樂	白幺幺木
篇	竹戶冊
待	彳之寸
砸	石匚巾
深	氵网木
煩	火頁
根	木艮
求	十⺍丶
投	扌殳
電	雨申
親	辛木見
惡	亞心
葉	艹廿乚木
款	凵示欠
知	矢口
八	八
配	酉巳
器	四口犬
何	亻丂口
率	亠幺⺍十
調	言用口
鬼	鬼
修	亻丨攴彡
試	言弋工
謝	言身寸
麪	𠂹夂丁乚㇕
僅	亻廿口丰
層	尸八囪甘
面	頁圍
週	辵用口
北	北
木	木
份	亻八刀
記	言巳
趙	走小月
情	心生井
肉	䏑
需	雨而
七	七
論	言亼冊
流	氵了川
噶	口艹日勹亡
招	扌刀口
痛	疒龴用
列	歹刂
石	石
香	禾日
封	土土寸
眼	目艮
易	日勿
冷	冫亼卩
借	亻巛日
派	氵巛卜
帥	丿㠯巾
付	亻寸
十	十
廠	广八宀口攴
陽	阝日一勿
樹	木南豆寸
油	氵由
胡	十口月
排	扌非
停	亻亠口冖丁
合	亼口
軍	冖車
身	身
奧	宀釆大
章	辛日
科	禾斗
倆	亻一内内
星	日生
牌	爿鬼十
權	木艹口口隹
翻	釆田习习
隨	阝辵𠂇月
場	土日一勿
帖	巾卜口
商	辛内口
庫	广車
價	亻西貝
物	牛勿
泡	氵勹巳
寶	宀王午凵貝
玉	王丶
體	冎䏑曲豆
追	辵丿㠯
傷	亻𠂉日一勿
背	北月
腳	月人公卩
丟	一大凵
劍	亼口口从刂
解	𠂊用刀牛
室	宀至
底	广氏一
業	业木
代	亻弋
孫	子丿糸
朱	𠂉木
亦	亦
須	彡頁
舊	䒑隹臼
乾	十日十气
工	工
咱	口自
詞	言𠂆
刀	刀
喔	口尸至
波	氵皮
證	言癶豆
鐵	金才戈口亻土
推	扌隹
落	艹氵夂口
節	竹食卩
春	丰日
輕	車一巛工
笨	竹木一
九	九
輸	車亼月巛
江	氵工
短	矢豆
含	亼㇕口
千	千
炒	火小丿
藉	艹耒巛日
丫	八丨
徐	彳亼木
騙	馬戶冊
秒	禾小丿
青	生井
耍	而女
夜	亦夕
許	言午
咁	口甘
吹	口欠
師	丿㠯一巾
板	木厂又
土	土
贏	龍貝
姐	女且
直	十目
公	公
苦	艹十口
秀	禾㇕丿
博	十甫寸
皮	皮
朝	十日十月
君	尹口
詩	言之寸
爛	火門木四
靜	生井爪尹
利	禾刂
素	丰糸
立	立
存	才子
燒	火土土土兀
斷	匕四幺乚斤
吾	二乂口
虧	虎隹一丂
湯	氵日一勿
民	巳七
極	木二亻口又
命	亼口卩
睇	目弋弓
忘	亡心
茶	艹人木
冰	冫水
供	亻廿廾
案	宀女木
田	田
初	衤刀
品	三口
抽	扌由
造	辵牛口
抱	扌勹巳
野	田土予
綠	糸彑水
項	工頁
獎	爿䏑寸犬
胖	月半
緊	臣又糸
故	十口攴
服	月卩又
盡	尹一火皿
百	一白
兵	斤廾
英	艹冂大
蘇	艹魚禾
般	舟殳
演	氵矢圍
嘴	口止匕𠂊用
簽	竹亼口口从
填	土十目廾
果	田木
保	亻口木
唐	广尹口
雞	爪幺大隹
夏	頁夂
莫	屮日
硬	石内攴
寒	宀屮人冫
挖	扌穴乙
凡	凡
髮	長彡犬丿
言	言
題	日圍止頁
防	阝方
街	行土土
距	足工コ
挑	扌儿⺍
純	糸一屮
鬧	鬥亠巾
欲	八公欠
竟	言甘儿
源	氵厂白小
官	宀㠯
戲	虎豆戈
寄	宀大丂口
古	十口
首	八頁
思	田心
橋	木丿大口冂口
燈	火癶豆
郭	亠口子阝
亮	亠口冖几
干	干
屬	尸水目勹虫
窮	穴身弓
粉	米八刀
爆	火日廿廾水
韓	十日十㐄口㐄
刪	冊刂
戴	才戈田廾人
然	䏑犬火
衝	行亻東土
疼	疒夂冫
雷	雨田
蓋	艹大凵皿
港	氵廿廾巳
租	禾且
狼	犭丶艮
蘭	艹門木四
狂	犭王
布	攴巾
引	弓丨
壓	厂日月犬土
亞	亞
捏	扌日土
齊	齊
隻	隹又
賽	宀屮人貝
員	口貝
佛	亻弓刂
食	食
船	舟公
今	亼㇕
恨	心艮
宋	宀木
銀	金艮
猛	犭子皿
客	宀夂口
黨	八宀口囪火火
雖	口虫隹
碼	石馬
友	𠂇又
領	亼卩頁
句	丩口
斯	其斤
沙	氵小丿
戰	口口甲一戈
哼	口亠口了
望	亡月亻土
腿	月辵食
沖	氵中
丁	丁
園	圍土口衤
祝	示口儿
鄉	阝食阝
牀	爿木
鄭	八酉大阝
界	田亻八
抗	扌亠几
步	止㐄
河	氵丂口
缺	午凵コ又
賊	貝戈十
尚	八宀口
似	亻厶人
羊	羊
福	示一口田
必	弋八
遭	辵東東甘
煙	火西土
否	不口
端	立山而
設	言殳
猜	犭生井
伊	亻尹
秦	丰禾
秋	禾火
毒	丰母
架	力口木
熊	厶月匕匕火
持	扌之寸
廣	广廿大日
插	扌干臼
歸	丿㠯止彐冖巾
折	扌斤
滾	氵衣公
靈	雨口口口工从
意	言甘心
呆	口木
基	其土
困	圍木
圈	圍米廾卩
迷	辵米
趕	走日干
踢	足日勿
勝	舟丨廾力
史	中又
甲	甲
呵	口丂口
搬	扌舟殳
獲	犭䒑隹又
紙	糸氏
乃	㇕丿
覺	廾乂乂冖見
右	𠂇口
塔	土艹亼口
準	氵隹十
拖	扌𠂉也
摸	扌屮日
院	阝宀一兀
慘	心三厶人彡
訂	言丁
散	木月攴
松	木人厶
爸	攴巴
喜	南豆口
洋	氵羊
語	言二乂口
呈	口亻土
治	氵厶口
降	阝夂㐄
峯	山夂丰
漢	氵廿口夫
富	宀一口田
姓	女生
料	米斗
嘎	口頁戈
結	糸士口
閃	門人
咬	口大乂
梅	木𠂉母
批	扌匕匕
戶	戶
足	足
寧	宀心皿丁
爬	爪巴
醒	酉日生
狠	犭艮
逛	辵犭王
精	米生井
瘦	疒申又
瘋	疒凡虫
踩	足爪木
槍	木亼户口
誒	言厶矢
軟	車欠
偷	亻亼月刂
支	竹又
杜	木土
麗	一冂丶一冂丶鹿
鞋	革土土
展	尸工衤
咧	口歹刂
興	廾凡口廾
依	亻衣
倍	亻丶不口
康	广尹⺍
堂	八宀口土
救	十⺍丶攴
觀	艹口口隹見
鍵	金廴彐キ
製	牛巾刂衣
餘	食亼木
冇	𠂇冂
筆	竹彐キ
音	言甘
世	廿乚
著	艹耂
仲	亻中
舞	亦廿癶
吖	口八丨
守	宀寸
露	雨足夂口
冒	冖二目
昇	日斗斗
唄	口貝
榮	火火冖木
弱	弓冫弓冫
影	日亠口小彡
州	⺍川
替	夫夫日
逼	辵一口田
陸	阝土八土
曲	曲
願	厂白小頁
牙	牙
箱	竹木目
嚇	口大火大火
測	氵貝刂
莊	艹爿士
寬	宀艹見丶
遍	辵戶冊
細	糸田
狀	爿犬
巴	巴
閒	門月
武	戈止
湖	氵十口月
聯	耳幺幺䒑
程	禾口亻土
柳	木卯
偏	亻戶冊
實	宀母貝
印	臼卩
味	口二木
鎖	金小貝
衆	丿皿从
零	雨亼卩
環	王目一口衤
角	𠂊用
紫	止匕糸
勒	革力
島	鳥山
耶	耳阝
熟	亠口子丸火
孔	子乚
寸	寸
標	木西示
歐	匚三口欠
厚	厂日子
答	竹亼口
社	示土
懶	心木口刀貝
顧	戶隹頁
順	川頁
滅	氵戊一火
運	辵冖車
輪	車亼冊
兼	禾禾彐
溫	氵圍人皿
娘	女丶艮
登	癶豆
悶	門心
微	彳長儿攴
佳	亻土土
瞭	目一火日小
雅	牙隹
魔	广屮屮鬼
司	𠂆
拋	扌尤力
志	之心
奇	大丂口
編	糸戶冊
瓦	瓦
居	尸十口
憑	冫馬心
盛	戊㇕皿
奶	女㇕丿
虎	虎
后	𠂆口
洞	氵凡口
台	厶口
形	干干彡
佢	亻工コ
負	𠂊貝
川	川
檔	木八宀口田
圓	圍口貝
牆	爿𠂹圍口
囧	圍八冂
充	了儿
害	宀丰口
喂	口田衤
免	爲儿
景	日亠口小
擬	扌旡大牛止
穩	禾爪工彐心
曹	東東甘
曉	日土土土兀
煮	耂火
良	丶艮
蛋	足虫
吐	口土
肥	月巴
仙	亻山
宮	宀口丿口
碰	石立立
酸	酉厶八夂
侯	𠂊厂矢
塞	宀工廾土
嘍	口婁
脫	月公儿
勁	一巛工力
欠	欠
創	亼户口刂
擦	扌宀䏑又示
爾	丁八网
藏	艹戈爿臣
皆	匕匕白
屁	尸匕匕
永	巛亻
夫	夫
掙	扌爪尹
琴	王王亼㇕
錄	金彑水
餵	食田衤
稅	禾公儿
宏	宀𠂇厶
例	亻歹刂
專	東厶寸
砍	石欠
視	示見
繼	糸匕四幺
兄	口儿
產	文厂生
善	羊言
增	土八囪甘
施	方𠂉也
淚	氵戶犬
暗	日言甘
忍	刀丶心
肯	止月
母	母
聖	耳口亻土
橫	木廿大日
遊	辵方𠂉子
艾	艹乂
致	至夂
宗	宀示
偉	亻㐄口㐄
麻	广屮屮
怒	女又心
扔	扌㇕丿
爭	爪尹
游	氵方𠂉子
鄧	癶豆阝
腰	月西女
嫩	女木口攴
肖	小月
淨	氵爪尹
罪	网非
仔	亻子
彈	弓口口甲一
丑	彐丨
減	氵戊一口
敏	𠂉母攴
義	羊手戈
棒	木丰キ
臭	自犬
響	阝食阝言甘
聞	門耳
拆	扌广下
蔡	艹䏑又示
計	言十
絲	糸糸
校	木大乂
氏	氏
糖	米广尹口
吉	士口
押	扌甲
馮	冫馬
吵	口小丿
谷	八公
麥	𠂹夂
衣	衣
宇	宀丁一
雜	衣木隹
末	一木
潘	氵釆田
告	牛口
旁	凡方
耐	而寸
董	艹亻東土
榜	木凡方
醉	酉衣十
鍾	金亻東土
妹	女二木
鋼	金网山
蔣	艹爿䏑寸
幣	巾⺍攴巾
宜	宀且
尼	尸匕
灰	𠂇火
評	言干八
維	糸隹
絕	糸刀巴
屋	尸至
幾	幺幺戈人
楚	木木足
屆	尸土凵
館	食宀㠯
丹	冂亠
乘	禾北
認	言刀丶心
刻	兀彑刂
俊	亻厶八夂
芳	艹方
抄	扌小丿
夾	亦人
酷	酉牛口
京	亠口小
嚴	口口厂彑攴
返	辵厂又
礦	石广廿大日
廳	广耳亻土十目一心
魯	魚日
瑞	王山而
仁	亻二
飄	西示凡虫
註	言丶王
添	氵一大心
催	亻山隹
具	目廾
威	戊一女
劇	虎豕刂
核	木兀彑
農	曲辰
瓶	从二瓦
銅	金凡口
犯	犭卩
族	方𠂉矢
季	禾子
尋	彐工口寸
顯	日幺幺火頁
骨	冎䏑
嘿	口囪火火
鏈	金辵車
擺	扌网厶月匕匕
擠	扌齊
黎	禾丿刀人水
騎	馬大丂口
密	宀弋八山
士	士
術	行屮丶
炸	火𠂉匕
祇	示氏
洪	氵廿廾
訊	言乙十
腦	月巛囟
禮	示曲豆
容	穴公
輝	火儿冖車
射	身寸
智	矢口日
索	十冖糸
聚	耳又从
拼	扌从二
燕	廿北口火
撞	扌辛東土
膜	月屮日
普	立立日
竹	竹竹
魏	禾女鬼
澤	氵目土半
乜	㇕乚
側	亻貝刂
諾	言艹𠂇口
呂	口丿口
范	艹氵卩
搭	扌艹亼口
鳳	凡鳥
袁	土口衤
扯	扌止
鑽	金之儿之儿貝
彭	南豆彡
陰	阝亼㇕二厶
唸	口亼㇕心
薄	艹氵甫寸
涼	氵亠口小
曰	甘
胃	田月
鹽	臣𠂉卜圍米皿
賴	木口刀貝
獨	犭目勹虫
窩	穴冎口
堆	土隹
赴	走卜
載	才戈車
躲	身几木
孟	子皿
抵	扌氏一
甜	舌甘
舉	𦥑牙廾キ
彩	爪木彡
甚	甘匚八
厄	厂卩
粗	米且
傑	亻癶木
噸	口一屮頁
慶	鹿㇕心夂
緣	糸彑豕
駐	馬丶王
申	申
衛	行㐄口㐄
訓	言川
念	亼㇕心
蕭	艹尹亞一
惹	艹𠂇口心
帳	巾長
勸	艹口口隹力
讚	言之儿之儿貝
盒	亼口皿
逃	辵儿⺍
嘉	南豆力口
納	糸内
升	斗斗
倉	亼户口
姚	女儿⺍
休	亻木
症	疒圍止
斤	斤
功	工力
喇	口木口刂
釦	金口
浪	氵丶艮
扣	扌口
泰	丰水
忠	中心
梁	氵刀八木
吸	口𠂊又
貝	貝
跨	足大一丂
盧	虎田皿
森	三木
瞎	目宀丰口
卷	米廾卩
于	丁一
井	井
針	金十
蛇	虫宀匕
寺	之寸
購	貝魚魚
導	辵八頁寸
飲	食欠
噴	口屮貝
虛	虎丘
屏	尸从二
優	亻頁心夂
灌	氵艹口口隹
埋	土田土
略	田夂口
掃	扌彐冖巾
吶	口内
目	目
蒙	艹冖一豕
託	言丿七
托	扌丿七
巧	工丂
淡	氵火火
賤	貝戈戈
拜	手一丰
冬	夂冫
娜	女冉阝
懷	心衣目水
池	氵也
敲	亠口冂口攴
凱	山豆几
鐘	金辛東土
愁	禾火心
鋪	金甫
薩	艹阝立厂生
揚	扌日一勿
勇	龴用力
財	貝才
鍊	金木四
終	糸夂冫
質	斤斤貝
泥	氵尸匕
昏	氏日
遇	辵田厶九
喬	丿大口冂口
欄	木門木四
鍋	金冎口
巨	工コ
儀	亻羊手戈
遲	辵尸水牛
怎	𠂉匕心
磨	广屮屮石
呼	口爪丁
賭	貝耂
液	氵亦夕
泉	白水
嫁	女宀豕
捲	扌米廾卩
汪	氵王
稍	禾小月
薛	艹丿㠯辛
賈	西貝
豆	豆
頓	一屮頁
旺	日王
儂	亻曲辰
攻	工攴
祥	示羊
委	禾女
佐	亻𠂇
臨	臣𠂉三口
隔	阝一口冂八丁
繞	糸土土土兀
輛	車一内内
崔	山隹
溝	氵魚魚
碗	石宀夕卩
賠	貝丶不口
吻	口勿
健	亻廴彐キ
速	辵木口
失	手丶
雄	𠂇厶隹
胸	月勹乂凵
框	木匚王
鬥	鬥
暴	日廿廾水
湊	氵丰一大
陣	阝車
識	言言甘戈
娃	女土土
唯	口隹
漏	氵尸雨
拔	扌犬丿
洛	氵夂口
探	扌网木
碟	石廿乚木
郎	丶艮阝
珠	王𠂉木
劑	齊刂
尿	尸水
透	辵禾㇕丿
惠	東厶心
譚	言西日十
營	火火冖口口
府	广亻寸
菲	艹非
叼	口㇕一
父	攴
耳	耳
殘	歹戈戈
窗	穴囪
搜	扌申又
希	乂乂巾
患	中中心
尾	尸毛
播	扌釆田
岩	山石
逗	辵豆
廢	广癶弓殳
賢	臣又貝
限	阝艮
帝	不冖
昌	日日
模	木屮日
磚	石東厶寸
扁	戶冊
舒	亼十口予
嫌	女禾禾彐
陶	阝勹午凵
苗	艹田
剪	䒑月刂刀
羽	习习
哩	口田土
稿	禾亠口冂口
棟	木東
邦	丰阝
撿	扌亼口口从
玲	王亼卩
驚	䒑勹口攴馬
坑	土亠几
備	亻矢用
撥	扌癶弓殳
袋	亻弋衣
趁	走人彡
妖	女丿大
甩	月乚
錦	金白巾
溼	氵一幺幺土
琳	王木木
乙	乙
伴	亻半
淺	氵戈戈
尊	八酉寸
顏	文厂彡頁
匯	匚氵隹
熬	凵方攴火
吊	口巾
霜	雨木目
沿	氵公
伯	亻白
盜	氵欠皿
浩	氵牛口
剩	禾北刂
域	土戈口一
祖	示且
肺	月一巾
附	阝亻寸
制	牛巾刂
玄	亠幺
置	网十目
豪	亠口冖豕
恆	心二月
助	且力
濤	氵耂工口寸
幽	幺幺山
欣	斤欠
豐	丰丰山豆
辣	辛木口
煤	火甘木
戀	言糸糸心
圍	圍㐄口㐄
瓜	瓜
諸	言耂
俾	亻鬼十
慧	丰丰彐心
墨	囪火火土
鮮	魚羊
鏡	金言甘儿
娶	耳又女
蝦	虫厂二彐又
犬	犬
鵬	月月鳥
誠	言戊㇕
賀	力口貝
險	阝亼口口从
飾	食𠂉巾
撐	扌八宀口牙
炎	火火
震	雨辰
鋒	金夂丰
遂	辵八豕
斌	文戈止
軒	車干
控	扌穴工
殼	南几殳
擋	扌八宀口田
覆	西彳𠂉日夂
趟	走八宀口
禁	木木示
烤	火耂丂
盃	不皿
童	辛東土
蟲	三虫
徵	彳長亻土攴
靚	生井見
杯	木不
暨	食旡日一
晴	日生井
魂	二厶鬼
益	水皿
庭	广廴亻土
肝	月干
濃	氵曲辰
坊	土方
晨	日辰
紀	糸巳
振	扌辰
塵	鹿土
割	宀丰口刂
敗	貝攴
消	氵小月
兆	儿⺍
楓	木凡虫
隆	阝夂一生
撤	扌了月攴
粥	弓米弓
馨	南厂殳禾日
誤	言口乚大
滑	氵冎䏑
噠	口辵土羊
曼	冖二目又
暖	日爪一𠂇又
滬	氵戶口巴
己	巳
止	止
柱	木丶王
塗	氵亼木土
妻	一尹女
灣	氵言糸糸弓
盾	𠂆丨目
奔	走止
潤	氵門王
政	圍止攴
爹	攴夕夕
尹	尹
廖	广习习人彡
刺	木冂刂
冠	冖一兀寸
躺	身八宀口
舍	亼十口
鑫	三金
蓮	艹辵車
售	隹口
獸	口口田一口犬
婚	女氏日
攝	扌三耳
醫	匚矢殳酉
閣	門夂口
妞	女彐丨
邱	丘阝
兔	爲儿丶
敬	䒑勹口攴
潮	氵十日十月
昂	日匕卩
飽	食勹巳
咳	口兀彑
邪	牙阝
促	亻足
鼠	臼釆
葛	艹日勹亡
串	中中
桑	三又木
續	糸凵网貝
苑	艹夕卩
迎	辵匕卩
弓	弓
碎	石衣十
余	亼木
承	㇕水三
迪	辵由
膠	月习习人彡
烏	烏
牠	牛也
臣	臣
勤	廿口丰力
摔	扌亠幺⺍十
撈	扌火火冖扌力
蒸	艹㇕水一火
凌	冫土八夂
辛	辛
旗	方𠂉其
妙	女小丿
始	女厶口
符	竹亻寸
倫	亻亼冊
鋁	金口口
亭	亠口冖丁
吼	口子乚
云	二厶
研	石干干
咪	口米
俗	亻八公
爺	攴耳阝
啓	戶攴口
霧	雨予丿夂力
珍	王人彡
卓	卜日十
韋	㐄口㐄
歡	艹口口隹欠
嗨	口氵𠂉母
積	禾丰貝
擡	扌之口冖至
捧	扌丰キ
鳴	口鳥
舔	舌一大心
贊	之儿之儿貝
喃	口南
簡	竹門日
豔	丰丰山豆大凵皿
愈	亼月巛心
溪	氵爪幺大
罰	网言刂
歪	不圍止
晃	日火儿
斜	亼木斗
預	予頁
鄒	𠂇艹阝
崗	山网山
尤	尤
洲	氵⺍川
乎	爪丁
湘	氵木目
罷	网厶月匕匕
軸	車由
妳	女竹八
翔	羊习习
異	田廾人
隱	阝爪工彐心
枝	木竹又
逸	辵爲儿丶
哄	口廿廾
餐	歹又食
顆	田木頁
鴨	甲鳥
染	氵九木
餅	食从二
粘	米卜口
藝	艹土八土丸二厶
炮	火勹巳
桌	卜日木
芬	艹八刀
鴻	氵工鳥
攜	扌山隹内口
腎	臣又月
撲	扌业廾
萍	艹氵干八
晶	三日
勾	丩厶
戒	戈廾
桂	木土土
朗	丶艮月
堵	土耂
矣	厶矢
捐	扌口月
彎	言糸糸弓
薑	艹三田田
荷	艹亻丂口
畝	亠田𠂊丶
棉	木白巾
私	禾厶
擊	車凵殳手
姜	羊女
貸	亻弋貝
嗲	口攴夕夕
傾	亻匕頁
鼓	南豆竹又
霞	雨厂二彐又
瞧	目隹火
皇	白王
企	人止
互	二丩
沉	氵冖几
箭	竹䒑月刂
柏	木白
騰	舟丨廾馬
焦	隹火
憋	巾⺍攴心
潔	氵丰刀糸
盟	日月皿
延	廴丿止
柔	予丿木
資	二欠貝
粒	米立
嶺	山亼卩頁
盆	八刀皿
檢	木亼口口从
護	言䒑隹又
眉	尸目
傘	人四人十
碧	王白石
籍	竹耒巛日
燙	氵日一勿火
瑪	王馬
刮	舌刂
勿	勿
坤	土申
汁	氵十
冊	冊
銘	金夕口
浴	氵八公
翼	习习田廾人
哲	扌斤口
涵	氵矢凵
鈣	金下乚
菌	艹圍禾
敵	不冂口攴
桶	木龴用
抹	扌一木
判	半刂
寵	宀龍
紋	糸文
弟	弋弓
傅	亻甫寸
衰	衣冉
譯	言目土半
柯	木丂口
叔	上小又
肩	戶月
殿	尸几几殳
番	釆田
驢	馬虎田皿
怡	心厶口
旭	九日
訪	言方
勢	土八土丸力
蒐	艹鬼
航	舟亠几
妮	女尸匕
萊	艹𠂹
坡	土皮
兇	乂凵儿
旅	方𠂉从
鷹	广亻隹鳥
赤	大火
技	扌竹又
韻	言甘口貝
摘	扌不冂口
翠	习习衣十
邁	辵廾田厶九
孝	耂子
移	禾夕夕
搖	扌䏑午凵
畢	田其
予	予
岳	丘山
屎	尸米
融	一口冂八丁虫
棋	木其
勞	火火冖力
採	扌爪木
鈕	金彐丨
扶	扌夫
介	亻八
渡	氵广廿又
芯	艹心
奪	大隹寸
采	爪木
乳	爪子乚
拳	米廾手
浜	氵斤廾
齣	齒丩口
錫	金日勿
薇	艹彳長儿攴
淫	氵爪工一
拽	扌申丿
職	耳言甘戈
宅	宀丿七
掌	八宀口手
培	土丶不口
莉	艹禾刂
損	扌口貝
櫃	木匚廾貝
盼	目八刀
握	扌尸至
謀	言甘木
廟	广十日十月
截	才戈隹
酶	酉𠂉母
孤	子瓜
壯	爿士
邵	刀口阝
墊	土半丸土
規	夫見
頗	皮頁
什	亻十
宣	宀二日
妍	女干干
尖	小大
討	言寸
醋	酉巛日
朵	几木
膽	月𠂊厂八言
穆	禾白小彡
姬	女臣
龜	龜
啃	口止月
漸	氵車斤
耗	耒毛
息	自心
伍	亻二乂
塘	土广尹口
壽	耂工口寸
逢	辵夂丰
闖	門馬
晉	至至日
桃	木儿⺍
壁	尸口辛土
霍	雨隹
爐	火虎田皿
漆	氵木人水
暫	車斤日
虹	虫工
丸	丸
券	米廾刀
獃	山豆犬
辭	爪幺冂又辛
縫	糸辵夂丰
俱	亻目廾
菊	艹勹米
奴	女又
岸	山厂干
凝	冫旡大牛止
膩	月弋二貝
芝	艹之
兮	八丂
脈	月巛卜
嚐	口八宀口匕日
烈	歹刂火
矮	矢禾女
貪	亼㇕貝
婆	氵皮女
俞	亼月刂
蝶	虫廿乚木
誇	言大一丂
枕	木冖儿
毀	臼土殳
避	辵尸口辛
郝	大火阝
帕	巾白
綁	糸丰阝
悅	心公儿
浮	氵爪子
盈	㇕丿又皿
枚	木攴
材	木才
賞	八宀口貝
扎	扌乚
翁	公习习
幻	幺㇕
衫	衤彡
杆	木干
固	圍十口
耀	火儿习习隹
槽	木東東甘
穴	穴
獻	虎一口冂八丁犬
幅	巾一口田
審	宀釆田
斬	車斤
伸	亻申
悲	非心
殷	身殳
茲	艹幺幺
穎	匕禾頁
萌	艹日月
斑	王文王
澡	氵三口木
牽	亠幺冖牛
屈	尸止凵
娟	女口月
怨	夕卩心
癢	疒羊食
恐	工凡心
凍	冫東
複	衤𠂉日夂
柴	止匕木
逆	辵大下
僞	亻爲
騷	馬又爪虫
渣	氵木且
熙	臣巳火
抖	扌斗
忽	勿心
津	氵彐キ
胎	月厶口
糧	米日一田土
濟	氵齊
參	三厶人彡
譜	言立立日
准	冫隹
褲	衤广車
紮	木乚糸
摩	广屮屮手
縮	糸宀亻一白
漫	氵冖二目又
溜	氵卯田
彥	文厂彡
棄	了其廾
扇	戶习习
婷	女亠口冖丁
菸	艹烏烏
脣	辰月
憂	頁心夂
堡	亻口木土
淘	氵勹午凵
墓	屮日土
鹿	鹿
攢	扌之儿之儿貝
嬌	女丿大口冂口
遞	辵𠂆虎
彬	木木彡
蹭	足八囪甘
卿	卩食卩
琪	王其
鶴	冖隹鳥
函	矢凵
確	石冖隹
郡	尹口阝
奈	大示
茂	艹戊
緩	糸爪一𠂇又
協	十三力
瓊	王𠂊穴目攴
髒	冎䏑屮一夕匕
債	亻丰貝
肌	月几
薰	艹東火
映	日冂大
粵	宀釆一丂
鼻	自田矢
泵	石水
銷	金小月
育	了月
澳	氵宀米大
陞	阝斗斗土
候	亻𠂊厂矢
堅	臣又土
种	禾中
邀	辵白方攴
閉	門才
妝	爿女
噻	口宀工廾土
佩	亻凡巾
決	氵コ又
適	辵不冂口
策	竹木冂
藤	艹舟丨廾水
仿	亻方
磊	三石
雁	厂亻隹
俠	亻亦人
腸	月日一勿
窄	穴𠂉匕
昨	日𠂉匕
倪	亻臼儿
務	予丿夂力
雯	雨文
戈	戈
爪	爪
癌	疒三口山
效	大乂攴
拷	扌耂丂
猴	犭𠂊厂矢
掏	扌勹午凵
汝	氵女
撮	扌冖二耳又
幸	土半
揉	扌予丿木
醬	爿䏑寸酉
舟	舟
訴	言广下
態	厶月匕匕心
盯	目丁
繡	糸尹亞一
蜜	宀弋八虫
漂	氵西示
序	广予
巷	廿廾巳
梨	禾刂木
舌	舌
蒂	艹不冖
腹	月𠂉日夂
蟹	𠂊用刀牛虫
陷	阝𠂊臼
捉	扌足
蒼	艹亼户口
鵝	手戈鳥
疑	旡大牛止
鼎	目爿爿
釣	金勹丶
慌	心艹亡川
蔥	艹囪心
瘤	疒卯田
彼	彳皮
辰	辰
執	土半丸
忌	巳心
踏	足水日
龔	龍廿廾
捷	扌一彐止
罐	午凵艹口口隹
腫	月亻東土
縱	糸從
伏	亻犬
壇	土亠圍口日一
觸	𠂊用目勹虫
默	囪火火犬
懸	目木丿糸心
赫	大火大火
瑩	火火冖王
杰	木火
孩	子兀彑
咖	口力口
幀	巾卜貝
悟	心二乂口
頻	止㐄頁
灑	氵一冂丶一冂丶鹿
燉	火亠口子攴
帽	巾冖二目
幼	幺力
旋	方𠂉足
擁	扌亠阝隹
聶	三耳
猶	犭八酉
壹	士冖豆
霸	雨革月
席	广廿巾
叉	又丶
繫	車凵殳糸
妃	女巳
擔	扌𠂊厂八言
典	冊廾
贈	貝八囪甘
儒	亻雨而
裸	衤田木
奉	丰キ
叻	口力
御	彳午止卩
腔	月穴工
突	穴犬
刑	干干刂
痕	疒艮
賓	宀一㐄貝
纔	糸爲匕匕爲儿丶
午	午
攤	扌廿口夫隹
蕾	艹雨田
頸	一巛工頁
臟	月艹戈爿臣
宰	宀辛
囊	一中冖口口甘衤
賬	貝長
弘	弓厶
境	土言甘儿
拒	扌工コ
毅	辛豕殳
煎	䒑月刂火
弦	弓亠幺
渝	氵亼月巛
罩	网卜日十
蓉	艹穴公
憶	心言甘心
卵	卯冫
遷	辵西廾卩
尺	尸丶
禍	示冎口
逾	辵亼月巛
垂	𠂹土
潛	氵旡旡日
郵	𠂹土阝
惜	心巛日
浦	氵甫
警	䒑勹口攴言
扛	扌工
氧	气羊
揭	扌日勹亡
逐	辵豕
謂	言田月
昭	日刀口
宿	宀亻一白
統	糸了儿
裂	歹刂衣
僧	亻八囪甘
慣	心母貝
裙	衤尹口
彪	虎彡
淋	氵木木
束	木口
牢	宀牛
齋	齊示
揍	扌丰一大
仕	亻士
鉤	金丩口
劫	大凵力
拓	扌石
扮	扌八刀
疊	三田冖且
鋅	金辛
喻	口亼月刂
律	彳彐キ
株	木𠂉木
砂	石小丿
埃	土厶矢
斗	斗
坪	土干八
揮	扌冖車
箇	竹圍十口
仇	亻九
吞	一大口
亡	亡
沾	氵卜口
遙	辵䏑午凵
壺	士冖亞
牧	牛攴
霖	雨木木
兜	白卯儿
寨	宀屮人木
掐	扌𠂊臼
監	臣𠂉丶皿
稀	禾乂乂巾
恰	心亼口
牴	牛氏一
棍	木日匕匕
啵	口氵皮
朕	舟丨廾
淑	氵上小又
饒	食土土土兀
慕	屮日心
歇	日勹亡欠
疏	足了川
膏	亠口冖口月
陵	阝土八夂
壩	土雨革月
纏	糸广田土八土
鹹	卜圍米戊一口
姆	女母
聰	耳囪心
捱	扌厂土土
碳	石山𠂇火
銳	金公儿
驗	馬亼口口从
齒	齒
廷	廴亻土
糊	米十口月
翹	土土土兀习习
儲	亻言耂
楠	木南
顛	十目廾頁
蚊	虫文
祭	䏑又示
龐	广龍
嘞	口革力
拾	扌亼口
裴	非衣
朋	月月
媚	女尸目
芸	艹二厶
吟	口亼㇕
筒	竹凡口
丘	丘
責	丰貝
趴	足八
堯	土土土兀
繁	𠂉母攴糸
坦	土日一
穗	禾東厶心
紗	糸小丿
屯	一屮
虐	虎匚一
蹲	足八酉寸
紹	糸刀口
惟	心隹
幕	屮日巾
澆	氵土土土兀
扒	扌八
搓	扌𠂹𠂇
遮	辵广廿火
庚	广彐人
哉	才戈口
涉	氵止㐄
忒	弋心
賦	貝戈止
臂	尸口辛月
樁	木丰臼
敷	甫方攴
禪	示口口甲一
佬	亻耂匕
瑤	王䏑午凵
習	习习白
臥	臣人
釘	金丁
阮	阝一兀
丙	一内
歷	厂禾禾止
躍	足习习隹
署	网耂
範	竹車卩
示	示
邢	干干阝
擰	扌宀心皿丁
莎	艹氵小丿
糞	米其廾
嵐	山凡虫
濱	氵宀一㐄貝
夕	夕
苯	艹木一
議	言羊手戈
趣	走耳又
渠	氵工コ木
閱	門公儿
繩	糸黽
杭	木亠几
疾	疒矢
崇	山宀示
擴	扌广廿大日
傢	亻宀豕
婦	女彐冖巾
涅	氵日土
裕	衤八公
嘆	口廿口夫
艦	舟臣𠂉丶皿
挪	扌冉阝
荒	艹亡川
貞	卜貝
筋	竹月力
孕	㇕丿子
撕	扌其斤
鈴	金亼卩
戳	习习隹戈
帆	巾凡
籌	竹耂工口寸
奎	大土土
駕	力口馬
阻	阝且
享	亠口子
棚	木月月
傲	亻凵方攴
欽	金欠
蹦	足山月月
焊	火日干
召	刀口
徒	彳走
脂	月匕日
几	几
趨	走𠂇艹
艘	舟申又
喵	口艹田
競	言儿言儿
靖	立生井
奏	丰一大
咒	口口几
釋	釆目土半
盲	亡目
姿	二欠女
炫	火亠幺
賜	貝日勿
湧	氵龴用力
潑	氵癶弓殳
坎	土欠
琦	王大丂口
拌	扌半
樊	乂乂木木又𠂇
缸	午凵工
弗	弓刂
狐	犭瓜
漿	爿䏑寸水
栽	才戈木
閻	門𠂊臼
攪	扌廾乂乂冖見
硅	石土土
述	辵屮丶
籠	竹龍
泛	氵丿之
甫	甫
佑	亻𠂇口
鮑	魚勹巳
閥	門亻戈
卦	土土卜
耿	耳火
咽	口圍大
倩	亻生井
袖	衤由
貧	八刀貝
糟	米東東甘
激	氵白方攴
階	阝匕匕白
珊	王冊
潭	氵西日十
蠢	丰日虫虫
植	木十目
占	卜口
嘯	口尹亞一
徑	彳一巛工
鉛	金公
屍	尸一夕匕
倚	亻大丂口
灘	氵廿口夫隹
姨	女大弓
災	巛火
幢	巾辛東土
鈉	金内
暢	申日一勿
詠	言巛亻
齡	齒亼卩
焉	圍止烏
茹	艹女口
桐	木凡口
痰	疒火火
捂	扌二乂口
鄰	米癶阝
癡	疒旡大牛止
揀	扌木四
艙	舟亼户口
謙	言禾禾彐
万	一力
織	糸言甘戈
蒲	艹氵甫
芽	艹牙
佈	亻攴巾
驅	馬匚三口
昊	日一大
轟	三車
攔	扌門木四
碑	石鬼十
嚼	口爪四食寸
燃	火䏑犬火
摟	扌婁
輔	車甫
暉	日冖車
朴	木卜
碩	石頁
煲	亻口木火
杖	木十又
謎	言辵米
磷	石米癶
竄	穴臼釆
脆	月𠂊厂卩
刃	刀丶
墜	阝八豕土
姑	女十口
衡	行𠂊田大
皺	𠂇艹皮
繳	糸白方攴
擇	扌目土半
櫻	木貝貝女
鹼	卜圍米亼口口从
窯	穴羊火
措	扌巛日
眠	目巳七
途	辵亼木
鄂	口口一丂阝
捅	扌龴用
叢	业耳又
禾	禾
磁	石䒑幺幺
錶	金衣毛
沃	氵丿大
屢	尸婁
辯	辛言辛
肚	月土
哀	衣口
浸	氵彐冖又
柄	木一内
跪	足𠂊厂卩
攬	扌臣𠂉丶皿見
輯	車口耳
瓷	二欠瓦
澀	氵刀丶刀丶止止
踹	足山而
凸	圍冂
瑜	王亼月巛
磅	石凡方
豈	山豆
瀉	氵宀臼烏
遼	辵一火日小
豎	臣又豆
宴	宀日女
堪	土甘匚八
擱	扌門夂口
麟	鹿米癶
祿	示彑水
翟	习习隹
仗	亻十又
崩	山月月
醜	酉鬼
厲	厂廾田厶九
革	革
莪	艹手戈
憲	宀丰目心
遺	辵廾貝
聘	耳由丂
喚	口𠂊穴廾
閘	門甲
刊	干刂
裁	才戈衣
郁	𠂇月阝
逝	辵扌斤
際	阝䏑又示
狄	犭火
誌	言之心
塌	土日习习
崖	山厂土土
廉	广禾禾彐
婉	女宀夕卩
攀	乂乂木木又𠂇手
獅	犭丿㠯一巾
喘	口山而
氫	气一巛工
氮	气火火
鞍	革宀女
竈	穴土黽
竇	穴凵网貝
墳	土屮貝
巫	工从
虞	虎口乚大
沁	氵心
瑟	王王弋八
揪	扌禾火
棵	木田木
閆	門三
拐	扌冎
築	竹工凡木
癮	疒阝爪工彐心
剝	彑水刂
披	扌皮
削	小月刂
籃	竹臣𠂉丶皿
悠	亻丨攴心
睿	歹八人目
甯	宀心用
凹	圍凵
葬	屮一夕匕
咦	口大弓
瞪	目癶豆
詹	𠂊厂八言
侃	亻口川
授	扌爪冖又
卸	午止卩
頌	公頁
慈	䒑幺幺心
闊	門氵舌
纖	糸从戈非一
棗	木冂木冂
瞄	目艹田
婭	女亞
駱	馬夂口
馳	馬也
鞭	革亻内攴
楞	木四方
兌	公儿
危	𠂊厂卩
襲	龍衣
泊	氵白
喉	口𠂊厂矢
溶	氵穴公
撫	扌亦廿火
媛	女爪一𠂇又
拎	扌亼卩
察	宀䏑又示
駿	馬厶八夂
繪	糸亼囪甘
黴	彳長囪火火攴
鈞	金勹二
憐	心米癶
昆	日匕匕
禹	丿虫九
娥	女手戈
醇	酉亠口子
橙	木癶豆
辨	辛刂辛
暮	屮日日
祕	示弋八
薪	艹辛木斤
煥	火𠂊穴廾
巢	巛田木
鉀	金甲
脾	月鬼十
淵	氵亞一
愚	田厶九心
蜀	目勹虫
裹	衣田木
藕	艹耒田厶九
滕	舟丨廾水
劈	尸口辛刀
堤	土日圍止
拱	扌廿廾
夸	大一丂
傍	亻凡方
燥	火三口木
綫	糸戈戈
漁	氵魚
茜	艹西
允	厶儿
杏	木口
芒	艹亡
畔	田半
豹	豸勹丶
澄	氵癶豆
冥	冖日亠八
媒	女甘木
燦	火歹又米
酥	酉禾
垮	土大一丂
枯	木十口
軌	車九
塑	大下月土
卜	卜
構	木魚魚
茅	艹予丿
鉅	金工コ
慾	八公欠心
搏	扌甫寸
鑄	金耂工口寸
沐	氵木
豫	予爲豕
蒜	艹示示
淩	氵土八夂
雀	小隹
鈦	金大丶
亨	亠口了
詳	言羊
腐	广亻寸䏑
皓	白牛口
央	冂大
氟	气弓刂
冤	冖爲儿丶
据	扌尸十口
浙	氵扌斤
瑋	王㐄口㐄
栓	木人王
梳	木了川
冀	北田廾人
叄	三厶人三
輩	非車
筱	竹亻丨攴
冉	冉
餡	食𠂊臼
彤	冂亠彡
奕	亦大
卑	鬼十
誓	扌斤言
蜂	虫夂丰
勺	勹丶
迅	辵乙十
虫	虫
恥	耳心
匹	匚儿
曦	日羊禾戈丂
仰	亻匕卩
煞	𠂊彐攴火
羞	羊彐丨
注	氵丶王
嫂	女申又
瞳	目辛東土
黛	亻弋囪火火
妾	辛女
拂	扌弓刂
挨	扌厶矢
泄	氵廿乚
綱	糸网山
茨	艹二欠
夷	大弓
慎	心十目廾
汽	氵气
婕	女一彐止
恭	廿廾心
弊	巾⺍攴廾
屌	尸口巾
摳	扌匚三口
貳	弋二貝
旦	日一
涂	氵亼木
氯	气彐水
祁	示阝
蠟	虫巛圍乂釆
乍	𠂉匕
孰	亠口子丸
耕	耒井
飆	三犬凡虫
稻	禾爪臼
屠	尸耂
綺	糸大丂口
荊	艹干干刂
桿	木日干
笛	竹由
捕	扌甫
蕊	艹三心
喪	土口口衤
盪	氵日一勿皿
氨	气宀女
愣	心四方
幺	幺
瀾	氵門木四
悔	心𠂉母
敦	亠口子攴
葵	艹癶一大
煒	火㐄口㐄
磕	石大凵皿
顫	亠圍口日一頁
閩	門虫
渴	氵日勹亡
曝	日日廿廾水
閔	門文
撇	扌巾⺍攴
梗	木内攴
絡	糸夂口
貫	母貝
蔚	艹尸示寸
翅	竹又习习
估	亻十口
鎂	金羊大
復	彳𠂉日夂
瓣	辛瓜辛
濫	氵臣𠂉丶皿
況	氵口儿
淮	氵隹
陀	阝宀匕
莖	艹一巛工
勳	東火力
惑	戈口一心
簾	竹广禾禾彐
巡	辵巛
墩	土亠口子攴
徽	彳長糸攴
謹	言廿口丰
脹	月長
噓	口虎丘
瞞	目廿内内
娛	女口乚大
蓄	艹亠幺田
梓	木辛
匪	匚非
昕	日斤
濺	氵貝戈戈
敘	亼木攴
鑑	金臣𠂉丶皿
溢	氵水皿
彌	弓丁八网
覓	爪見
寇	宀一兀攴
佟	亻夂冫
獵	犭巛圍乂釆
滄	氵亼户口
葷	艹冖車
蓬	艹辵夂丰
薦	艹豸豸
硫	石了川
俏	亻小月
迫	辵白
貌	豸白儿
弔	丨弓
舜	爪冖癶
炳	火一内
茄	艹力口
頤	臣頁
訣	言コ又
廚	广南豆寸
炭	山𠂇火
綿	糸白巾
搗	扌鳥山
萱	艹宀二日
岡	网山
挂	扌土土
掀	扌斤欠
誘	言禾㇕丿
翰	十日十人习习
睜	目爪尹
撓	扌土土土兀
掩	扌大申
蹬	足癶豆
泳	氵巛亻
玫	王攴
椅	木大丂口
鈺	金王丶
遜	辵子丿糸
甄	西土瓦
侍	亻之寸
抑	扌匕卩
啞	口亞
敖	凵方攴
酮	酉凡口
毫	亠口冖毛
侵	亻彐冖又
妥	爪女
覽	臣𠂉丶皿見
概	木食旡
貢	工貝
呦	口幺力
援	扌爪一𠂇又
昔	巛日
晾	日亠口小
逮	辵尹⺍
卒	衣十
鬆	長彡木公
捆	扌圍木
厭	厂日月犬
峽	山亦人
彷	彳方
寢	宀爿彐冖又
菱	艹土八夂
梯	木弋弓
僑	亻丿大口冂口
籽	米子
腕	月宀夕卩
挫	扌从土
膝	月木人水
嗦	口十冖糸
璇	王方𠂉足
眨	目丿之
循	彳𠂆丨目
臀	尸几几殳月
矛	予丿
努	女又力
黔	囪火火亼㇕
乏	丿之
魅	鬼二木
徹	彳了月攴
凶	乂凵
胺	月宀女
廈	广頁夂
掘	扌尸止凵
茗	艹夕口
絨	糸戈十
璐	王足夂口
擾	扌頁心夂
襯	衤辛木見
雌	止匕隹
旱	日干
掰	手八刀手
伽	亻力口
蛙	虫土土
雕	用口隹
嬰	貝貝女
痣	疒之心
譽	𦥑牙廾言
跡	足亦
廂	广木目
汀	氵丁
隋	阝𠂇月
緒	糸耂
蘊	艹糸圍人皿
勻	勹二
祛	示大凵
芙	艹夫
棲	木一尹女
刁	㇕一
瑛	王艹冂大
禽	亼一乂凵厶九
腺	月白水
迦	辵力口
矯	矢丿大口冂口
欺	其欠
杉	木彡
党	八宀口儿
竅	穴白方攴
鑲	金衣口口甘
緯	糸㐄口㐄
曏	日阝食阝
繆	糸习习人彡
玖	王𠂊丶
肆	長彐キ
悉	釆心
掂	扌广卜口
菁	艹生井
鎳	金自木
冶	冫厶口
絆	糸半
嘔	口匚三口
遣	辵廾㠯
岑	山亼㇕
皖	白宀一兀
糕	米羊火
斐	非文
閤	門亼口
釀	酉衣口口甘
彙	彑冖田木
址	土止
蘸	艹酉隹火
茵	艹圍大
簿	竹氵甫寸
旬	勹日
丈	十又
咸	戊一口
呸	口不一
胤	儿幺月
摻	扌三厶人彡
蹤	足從
婁	婁
鎚	金辵丿㠯
桓	木二日
碘	石冊廾
瞅	目禾火
廊	广丶艮阝
焰	火𠂊臼
壘	三田土
燁	火艹𠂹
淳	氵亠口子
畏	田衤
屑	尸小月
酯	酉匕日
覃	西日十
嵌	山甘欠
販	貝厂又
泣	氵立
嗆	口亼户口
眾	目从
袍	衤勹巳
菴	艹大申
僵	亻三田田
饞	食爲匕匕爲儿丶
沫	氵一木
滯	氵廿儿冖巾
臻	至丰禾
眺	目儿⺍
寂	宀上小又
醣	酉广尹口
晏	日宀女
秤	禾干八
嗚	口烏
蘿	艹网糸隹
誅	言𠂉木
瑾	王廿口丰
藻	艹氵三口木
螺	虫田糸
錠	金宀圍止
診	言人彡
恤	心丿皿
污	氵一丂
涯	氵厂土土
滋	氵䒑幺幺
蘆	艹虎田皿
嗜	口耂匕日
貿	卯貝
療	疒一火日小
滲	氵三厶人彡
瀝	氵厂禾禾止
陡	阝走
栗	西木
筍	竹勹日
朔	大下月
淇	氵其
捻	扌亼㇕心
勃	十冖子力
矩	矢工コ
沽	氵十口
淤	氵烏烏
描	扌艹田
膚	虎田月
契	丰刀大
靳	革斤
祠	示𠂆
陝	阝亦人
鞏	工凡革
峻	山厶八夂
稠	禾用口
爵	爪四食寸
秉	禾彐
刨	勹巳刂
雍	亠阝隹
群	尹口羊
麵	𠂹夂頁圍
盞	戈戈皿
役	彳殳
烙	火夂口
灾	宀火
强	弓口虫
痘	疒豆
髓	冎䏑辵𠂇月
嫣	女圍止烏
募	屮日力
苟	艹丩口
析	木斤
篩	竹丿㠯一巾
魁	鬼斗
斥	广下
棕	木宀示
匡	匚王
倦	亻米廾卩
疆	弓土三田田
蔓	艹冖二目又
樺	木艹𠂹
牟	厶牛
芷	艹止
霆	雨廴亻土
蠶	旡旡日虫虫
嘰	口幺幺戈人
靴	革亻匕
慮	虎田心
眸	目厶牛
烟	火圍大
惱	心巛囟
巾	巾
殊	歹𠂉木
叮	口丁
晟	日戊㇕
艇	舟廴亻土
熔	火穴公
裘	十⺍丶衣
芹	艹斤
儘	亻尹一火皿
寡	宀頁刀
擲	扌八酉大阝
蔔	艹勹一口田
硪	石手戈
迥	辵冋
巖	山口口厂彑攴
瞬	目爪冖癶
邑	口巴
〇	口
鉻	金夂口
榕	木穴公
庸	广尹用
渾	氵冖車
棠	八宀口木
仨	亻三
祺	示其
紡	糸方
蝕	食虫
窺	穴夫見
埠	土丿㠯十
酚	酉八刀
奮	大隹田
剎	乂屮丶刂
濁	氵目勹虫
茬	艹才土
濾	氵虎田心
珂	王丂口
嗅	口自犬
簫	竹尹亞一
佰	亻一白
滇	氵匕目廾
寅	矢圍
婧	女生井
姦	三女
梵	木木凡
蛾	虫手戈
慰	尸示寸心
履	尸彳𠂉日夂
駛	馬中又
宛	宀夕卩
襪	衤艹目戈人
嫖	女西示
綸	糸亼冊
礙	石旡大牛止
肽	月大丶
獄	犭言犬
闢	門尸口辛
歎	廿口夫欠
蟬	虫口口甲一
涮	氵尸巾刂
督	上小又目
衍	行氵
違	辵㐄口㐄
絞	糸大乂
廿	廿
摁	扌圍大心
劣	小丿力
銜	行金
祈	示斤
搵	扌圍人皿
尅	十口儿寸
貶	貝丿之
魄	白鬼
崽	山田心
斧	攴斤
裔	衣内口
湛	氵甘匚八
琛	王网木
淌	氵八宀口
簇	竹方𠂉矢
償	亻八宀口貝
沛	氵一巾
澗	氵門日
殤	歹𠂉日一勿
掠	扌亠口小
崎	山大丂口
贛	辛日夂工貝
蕩	艹氵日一勿
菇	艹女十口
砌	石七刀
眯	目米
闌	門木四
嬲	田力女田力
辱	辰寸
匠	匚斤
肘	月寸
淹	氵大申
洽	氵亼口
溟	氵冖日亠八
諗	言亼㇕心
究	穴九
慼	戊上小心
矢	矢
蟻	虫羊手戈
澈	氵了月攴
葦	艹㐄口㐄
瞥	巾⺍攴目
崑	山日匕匕
墮	阝𠂇月土
輓	車爲儿
鴿	亼口鳥
錘	金𠂹土
懼	心目目隹
坨	土宀匕
椰	木耳阝
梢	木小月
嘟	口耂阝
瀟	氵艹尹亞一
障	阝辛日
霄	雨小月
疇	田耂工口寸
揣	扌山而
槐	木鬼
粟	西米
唆	口厶八夂
誦	言龴用
綜	糸宀示
詢	言勹日
劃	彐キ田一刂
札	木乚
駁	馬乂乂
拴	扌人王
攏	扌龍
聳	從耳
燭	火目勹虫
襖	衤宀米大
臘	月巛圍乂釆
吏	一中又
堰	土匚日女
棺	木宀㠯
腥	月日生
胞	月勹巳
羨	羊氵欠
韶	言甘刀口
阜	丿㠯十
剖	丶不口刂
羹	羊火羊大
剃	弋弓刂
寓	宀田厶九
峪	山八公
煜	火日立
竊	穴釆卜冂人厶九
撩	扌一火日小
扳	扌厂又
桔	木士口
轄	車宀丰口
臧	戈爿臣
喀	口宀夂口
妄	亡女
陌	阝一白
弧	弓瓜
弩	女又弓
撰	扌卩卩几
瞿	目目隹
卞	亠卜
蛤	虫亼口
襄	衣口口甘
肅	尹亞一
擒	扌亼一乂凵厶九
哨	口小月
鑿	业臼殳金
皂	白七
佘	人示
鋸	金尸十口
汞	工水
芭	艹巴
膿	月曲辰
懿	士冖豆二欠心
蔭	艹阝亼㇕二厶
椒	木上小又
戎	戈十
肋	月力
翎	亼卩习习
煌	火白王
錐	金隹
疤	疒巴
瀚	氵十日十人习习
闕	門大下欠
絹	糸口月
僱	亻戶隹
泓	氵弓厶
昧	日二木
柒	氵七木
棧	木戈戈
硯	石見
錳	金子皿
旨	匕日
鱗	魚米癶
巳	巳
辜	十口辛
筐	竹匚王
膊	月甫寸
遵	辵八酉寸
摺	扌习习白
輥	車日匕匕
嗒	口艹亼口
剁	几木刂
愧	心鬼
拙	扌止凵
彆	巾⺍攴弓
竿	竹干
鈔	金小丿
鏟	金立厂生
驛	馬目土半
鱉	巾⺍攴魚
稜	禾土八夂
憤	心屮貝
綽	糸卜日十
鶯	火火冖鳥
緻	糸至夂
圭	土土
塚	土冖豕
甸	勹田
衷	衣中
燜	火門心
脊	⺍人月
憨	彑攴心
搽	扌艹人木
捶	扌𠂹土
勵	厂廾田厶九力
毓	𠂉母了川
苔	艹厶口
鉗	金甘
鉢	金木一
奸	女干
坂	土厂又
淼	三水
黏	禾人水卜口
縷	糸婁
甭	不用
瞟	目西示
舅	臼田力
錚	金爪尹
阪	阝厂又
恕	女口心
轎	車丿大口冂口
啼	口不冖
繭	艹冂糸丨虫
鬱	午凵木木冖米凵匕彡
曠	日广廿大日
睹	目耂
禿	禾儿
諦	言不冖
疲	疒皮
褪	衤辵食
鞠	革勹米
釉	釆由
彰	辛日彡
綴	糸四又
軋	車乚
酬	酉⺍川
橘	木予丿内口
啪	口扌白
睛	目生井
斂	亼口口从攴
遁	辵𠂆丨目
晝	彐キ日一
殲	歹从戈非一
樸	木业廾
哆	口夕夕
窟	穴尸止凵
鈍	金一屮
垢	土𠂆口
愿	厂白小心
奚	爪幺大
誼	言宀且
緋	糸非
紛	糸八刀
褚	衤耂
腮	月田心
枉	木王
旳	日勹丶
鍍	金广廿又
涓	氵口月
嗟	口𠂹𠂇
蠱	三虫皿
笙	竹生
沸	氵弓刂
妓	女竹又
儉	亻亼口口从
猿	犭土口衤
漠	氵屮日
撬	扌三毛
巍	山禾女鬼
鉑	金白
漾	氵羊巛亻
擎	䒑勹口攴手
詐	言𠂉匕
絃	糸亠幺
靶	革巴
鴉	牙鳥
俐	亻禾刂
胚	月不一
楷	木匕匕白
侶	亻口丿口
迭	辵手丶
詔	言刀口
嗣	口冊𠂆
嵩	山亠口冂口
驕	馬丿大口冂口
蠅	虫黽
蹄	足不冖
穫	禾䒑隹又
潰	氵廾貝
褐	衤日勹亡
丞	㇕水一
芮	艹内
梭	木厶八夂
瘡	疒亼户口
槓	木工貝
唷	口了月
曜	日习习隹
鯨	魚亠口小
灝	氵日亠口小頁
鎊	金凡方
畜	亠幺田
廬	广虎田皿
砼	石人工
粽	米宀示
韌	㐄口㐄刀丶
囉	口网糸隹
唑	口从土
鋰	金田土
鸞	言糸糸鳥
鈾	金由
宵	宀小月
榆	木亼月刂
嚷	口衣口口甘
釵	金又丶
焱	三火
絮	女口糸
戊	戊
鄔	烏阝
剷	立厂生刂
罕	网干
欒	言糸糸木
糾	糸丩
駝	馬宀匕
叩	口卩
箏	竹爪尹
俯	亻广亻寸
瀑	氵日廿廾水
濕	氵日幺幺火
肇	戶攴彐キ
窪	穴氵土土
毋	母
摞	扌田糸
暇	日厂二彐又
岐	山竹又
睬	目爪木
郊	大乂阝
璧	尸口辛王丶
挾	扌亦人
捎	扌小月
嶼	山𦥑牙廾
汶	氵文
糸	糸
嘀	口不冂口
斃	巾⺍攴一夕匕
犁	禾刂牛
怔	心圍止
焚	木木火
恁	亻工一心
鷗	匚三口鳥
癖	疒尸口辛
灼	火勹丶
孽	艹丿㠯辛子
岱	亻弋山
麓	木木鹿
匙	日圍止匕
嚎	口亠口冖豕
爻	乂乂
鏢	金西示
涇	氵一巛工
珏	王王丶
摧	扌山隹
械	木戈廾
乞	气
卯	卯
凋	冫用口
蕙	艹東厶心
噗	口业廾
硒	石西
嗔	口匕目廾
卟	口卜
筠	竹土勹二
諧	言匕匕白
咔	口上卜
喧	口宀二日
癲	疒匕目廾頁
汎	氵凡
瓢	西示瓜
嚕	口魚日
裳	八宀口衣
釗	金刂
謊	言艹亡川
晤	日二乂口
竭	立日勹亡
妨	女方
玻	王皮
聾	龍耳
宸	宀辰
擅	扌亠圍口日一
蔘	艹三厶人彡
諫	言木四
烹	亠口了火
卉	屮
綾	糸土八夂
括	扌舌
檐	木𠂊厂八言
漬	氵丰貝
戟	十日十戈
韜	㐄口㐄爪臼
尸	尸
椎	木隹
恬	心舌
胥	足月
檀	木亠圍口日一
坯	土不一
葡	艹勹甫
仄	厂人
噯	口爪冖心夂
溴	氵自犬
縛	糸甫寸
姝	女𠂉木
嬸	女宀釆田
塢	土烏
壙	土广廿大日
伙	亻火
蠍	虫日勹亡欠
暱	日匚艹𠂇口
垣	土二日
拘	扌丩口
呱	口瓜
昱	日立
篤	竹馬
箍	竹扌匚巾
鳩	九鳥
噁	口亞心
躁	足三口木
噬	口竹工从
鎢	金烏
孚	爪子
穀	南禾殳
玥	王月
蓓	艹亻丶不口
蛆	虫且
囚	圍人
癱	疒廿口夫隹
鞘	革小月
瀨	氵木口刀貝
滷	氵卜圍米
匣	匚甲
鉬	金目
銹	金禾㇕丿
凳	癶豆几
隙	阝小日小
娣	女弋弓
驟	馬耳又从
莞	艹宀一兀
曆	厂禾禾日
躥	足穴臼釆
銨	金宀女
荃	艹人王
伶	亻亼卩
謠	言䏑午凵
璽	丁八网王丶
拭	扌弋工
醃	酉大申
墅	田土予土
釩	金凡
懵	心艹目冖目
苷	艹甘
碾	石尸工衤
雋	隹冂凵
禧	示南豆口
囡	圍女
鷺	足夂口鳥
鵑	口月鳥
脅	三力月
榨	木穴𠂉匕
黯	囪火火言甘
侖	亼冊
荼	艹亼木
苞	艹勹巳
戚	戊上小
曄	日艹𠂹
饃	食屮日
頒	八刀頁
倘	亻八宀口
怯	心大凵
淪	氵亼冊
礁	石隹火
睏	目圍木
瞻	目𠂊厂八言
躬	身弓
餌	食耳
脖	月十冖子
襟	衤木木示
尉	尸示寸
絳	糸夂㐄
軼	車手丶
亥	兀彑
屄	尸穴
蘋	艹止㐄頁
尐	小丶
肢	月竹又
悄	心小月
紐	糸彐丨
閹	門大申
弋	弋
厘	厂田土
貯	貝宀丁
僕	亻业廾
憎	心八囪甘
禎	示卜貝
隴	阝龍
緬	糸頁圍
頰	亦人頁
砷	石申
糙	米辵牛口
炯	火冋
莘	艹辛
盔	𠂇火皿
睦	目土八土
仟	亻千
炕	火亠几
渦	氵冎口
鬢	長彡宀一㐄貝
艷	丰丰山豆𠂊巴
荔	艹三力
嗷	口凵方攴
盅	中皿
籲	竹亼口口口冊頁
鯊	氵小丿魚
藩	艹氵釆田
楨	木卜貝
奢	大耂
尬	尤亻八
趾	足止
贖	貝凵网貝
瘀	疒烏烏
悼	心卜日十
臍	月齊
抿	扌巳七
憾	心戊一口心
愷	心山豆
孓	了丶
滌	氵亻丨攴木
浣	氵宀一兀
兀	兀
蹟	足丰貝
囿	圍𠂇月
嶽	山犭言犬
稚	禾隹
褒	衣亻口木
痔	疒之寸
烘	火廿廾
渭	氵田月
嘻	口南豆口
錨	金艹田
鍛	金厂三殳
喏	口艹𠂇口
町	田丁
麒	鹿其
熄	火自心
烯	火乂乂巾
艮	艮
珉	王巳七
捋	扌爪寸
薯	艹网耂
禦	彳午止卩示
蕉	艹隹火
荀	艹勹日
逍	辵小月
冼	冫之儿
泪	氵目
拗	扌幺力
檯	木之口冖至
轍	車了月攴
鵰	用口鳥
毯	毛火火
鐸	金目土半
邸	氏一阝
柵	木冊
炙	䏑火
倭	亻禾女
翊	立习习
熾	火言甘戈
馱	馬大
莽	屮犬
笠	竹立
勉	爲儿力
亢	亠几
羌	羊儿
璋	王辛日
毆	匚三口殳
咚	口夂冫
癟	疒自亼冊
槳	爿䏑寸木
恪	心夂口
涌	氵龴用
妒	女戶
醯	酉了川皿
圩	土丁一
噹	口八宀口田
暑	日耂
軀	身匚三口
鈷	金十口
疫	疒殳
歉	禾禾彐欠
汐	氵夕
績	糸丰貝
樟	木辛日
峩	山手戈
錒	金阝丂口
豁	宀丰口八公
窖	穴牛口
脉	月巛亻
启	戶口
驥	馬北田廾人
扭	扌彐丨
胰	月大弓
梟	鳥木
泗	氵四
邇	辵丁八网
啟	戶口攴
帘	穴巾
隅	阝田厶九
葆	艹亻口木
岔	八刀山
歆	言甘欠
禰	示丁八网
弛	弓也
秘	禾弋八
渚	氵耂
纜	糸臣𠂉丶皿見
枴	木冎
畀	田矢
鑼	金网糸隹
廁	广貝刂
撼	扌戊一口心
雛	𠂇艹隹
痞	疒不口
瘟	疒日皿
樽	木八酉寸
崢	山爪尹
颳	凡虫舌
澇	氵火火冖力
歧	止竹又
椿	木丰日
确	石𠂊用
咀	口且
箋	竹戈戈
价	亻亻八
寮	宀一火日小
緹	糸日圍止
繃	糸山月月
蒿	艹亠口冂口
醛	酉艹人王
肏	人䏑
譟	言三口木
悍	心日干
嬋	女口口甲一
駭	馬兀彑
碁	其石
硼	石月月
啤	口鬼十
壬	工一
鄺	广廿大日阝
叛	半厂又
浚	氵厶八夂
獒	凵方攴犬
捌	扌冎刂
霽	雨齊
嘮	口火火冖力
鎘	金一口冂八丁
勘	甘匚八力
剌	木口刂
樵	木隹火
啄	口豕
倡	亻日日
肛	月工
糜	广屮屮米
漪	氵犭大丂口
迴	辵圍口
駒	馬丩口
瑕	王厂二彐又
蔽	艹巾⺍攴
鐳	金雨田
糯	米雨而
茫	艹氵亡
噎	口士冖豆
飼	食𠂆
狹	犭亦人
凰	凡白王
溺	氵弓冫弓冫
寰	宀目一口衤
璞	王业廾
霓	雨臼儿
醚	酉辵米
硝	石小月
囤	圍一屮
吭	口亠几
靡	广屮屮非
厥	厂大下欠
凜	冫亠圍口禾
跺	足几木
沓	水日
忻	心斤
遛	辵卯田
萃	艹衣十
氈	亠圍口日一毛
埔	土甫
扼	扌厂卩
吱	口竹又
竺	竹二
綢	糸用口
霏	雨非
蛟	虫大乂
圃	圍甫
晗	日亼㇕口
鉉	金亠幺
鋤	金且力
誕	言廴丿止
泠	氵亼卩
瘸	疒力口䏑
琢	王豕
酉	酉
棘	木冂木冂
蚌	虫丰
虜	虎田力
吋	口寸
夥	田木夕夕
譁	言艹𠂹
辮	辛糸辛
疣	疒尤
恍	心火儿
貽	貝厶口
糠	米广尹⺍
渺	氵目小丿
洙	氵𠂉木
瀛	氵龍女
祀	示巳
瓏	王龍
琅	王丶艮
攥	扌竹目大糸
苛	艹丂口
苓	艹亼卩
丕	不一
唬	口虎
夭	丿大
腌	月大申
姍	女冊
橡	木爲豕
嗄	口頁夂
眩	目亠幺
弈	亦廾
珞	王夂口
拈	扌卜口
茸	艹耳
倔	亻尸止凵
諜	言廿乚木
喆	士口士口
艱	廿口夫艮
貂	豸刀口
諒	言亠口小
丰	丰
耙	耒巴
跋	足犬丿
踱	足广廿又
叭	口八
恢	心𠂇火
彝	彑米糸廾
綰	糸宀㠯
扽	扌一屮
磯	石幺幺戈人
旌	方𠂉生
濮	氵亻业廾
孜	子攴
琨	王日匕匕
琰	王火火
踐	足戈戈
舵	舟宀匕
廝	广其斤
寐	宀爿二木
璃	王屮乂凵厶九
荻	艹犭火
孬	不女子
懈	心𠂊用刀牛
漕	氵東東甘
磐	舟殳石
宦	宀臣
撅	扌厂大下欠
櫟	木白幺幺木
罡	网圍止
漱	氵木口欠
櫥	木广南豆寸
諱	言㐄口㐄
庶	广廿火
癬	疒魚羊
馭	馬又
掄	扌亼冊
釜	攴王八
焯	火卜日十
熵	火辛内口
騫	宀屮人馬
釐	二木攴厂田土
挎	扌大一丂
茉	艹一木
隸	木示尹⺍
匾	匚戶冊
筑	竹工凡
膳	月羊言
濡	氵雨而
蕪	艹亦廿火
鎬	金亠口冂口
痹	疒田矢
恃	心之寸
淞	氵木公
頹	禾儿頁
鋇	金貝
舀	爪臼
閑	門木
搔	扌又爪虫
矇	目艹冖一豕
縈	火火冖糸
嬪	女宀一㐄貝
梧	木二乂口
匝	匚巾
哌	口巛卜
羈	网革馬
屹	山气
侑	亻𠂇月
頃	匕頁
鯉	魚田土
灸	𠂊丶火
甦	内攴生
熹	南豆口火
鵲	巛日鳥
鑰	金亼口口口冊
焙	火丶不口
蹈	足爪臼
牡	牛土
秧	禾冂大
飢	食几
狸	犭田土
訶	言丂口
訥	言内
沼	氵刀口
襠	衤八宀口田
夯	大力
毗	田匕匕
慫	從心
懲	彳長亻土攴心
炬	火工コ
逞	辵口亻土
曖	日爪冖心夂
簧	竹廿大日
脲	月尸水
鰭	魚耂匕日
窘	穴尹口
赦	大火攴
蔫	艹圍止烏
柚	木由
煨	火田衤
溯	氵大下月
宙	宀由
薹	艹之口冖至
斟	甘匚八斗
柑	木甘
匿	匚艹𠂇口
剔	日勿刂
崴	山戊一女
胯	月大一丂
眷	米廾目
癸	癶一大
緞	糸厂三殳
馴	馬川
蟎	虫廿内内
顱	虎田皿頁
嘲	口十日十月
噤	口木木示
弒	乂屮丶弋工
諭	言亼月巛
謬	言习习人彡
甕	亠阝隹瓦
噩	王四口
鬚	長彡彡頁
蟒	虫屮犬
偵	亻卜貝
鎧	金山豆
攆	扌夫夫車
巔	山十目廾頁
燮	言火火又
汲	氵𠂊又
筷	竹心コ又
輿	廾車廾
侄	亻至
詭	言𠂊厂卩
滔	氵爪臼
銑	金之儿
姣	女大乂
丐	下乚
檸	木宀心皿丁
硃	石𠂉木
戌	戊一
敝	巾⺍攴
壟	龍土
諮	言二欠口
疹	疒人彡
炊	火欠
涕	氵弋弓
瑣	王小貝
摹	屮日手
樞	木匚三口
覈	西白方攴
杵	木午
棣	木尹⺍
羚	羊亼卩
渤	氵十冖子力
蝨	乙十虫虫
墟	土虎丘
柿	木亠巾
烷	火宀一兀
綏	糸爪女
薔	艹𠂹圍口
蹙	戊上小足
噪	口三口木
頑	一兀頁
璟	王日亠口小
氖	气㇕丿
攸	亻丨攴
帛	白巾
膨	月南豆彡
涐	氵手戈
甬	龴用
琉	王了川
抒	扌予
薊	艹魚刂
酌	酉勹丶
榭	木身寸
鐺	金八宀口田
爍	火白幺幺木
沅	氵一兀
濠	氵亠口冖豕
闇	門言甘
嬉	女南豆口
殖	歹十目
珀	王白
眶	目匚王
稼	禾宀豕
錛	金走止
咎	夂卜口
潞	氵足夂口
絢	糸勹日
莓	艹𠂉母
嘈	口東東甘
馥	禾日𠂉日夂
皋	白大十
粹	米衣十
瀅	氵火火冖王丶
祗	示氏一
穢	禾止戊一㐄
褂	衤土土卜
娼	女日日
鰲	凵方攴魚
琱	王用口
鳶	弋鳥
叟	申又
墾	豸艮土
廓	广亠口子阝
弼	弓一白弓
珈	王力口
旻	日文
翡	非习习
曳	申丿
偕	亻匕匕白
諶	言甘匚八
羲	羊禾戈丂
汾	氵八刀
陂	阝皮
藺	艹門隹
軾	車弋工
蛹	虫龴用
丿	丿
儷	亻一冂丶一冂丶鹿
僦	亻亠口小尤
郅	至阝
啖	口火火
籬	竹屮乂凵厶九隹
豚	月豕
湄	氵尸目
熨	尸示寸火
犀	尸水牛
珺	王尹口
咂	口匚巾
釹	金女
糗	米自犬
摯	土半丸手
騏	馬其
吡	口匕匕
冕	冖二爲儿
頜	亼口頁
褶	衤习习白
巿	一巾
垛	土几木
髻	長彡士口
擂	扌雨田
芊	艹千
檬	木艹冖一豕
砬	石立
咕	口十口
嘶	口其斤
昀	日勹二
卹	丿皿卩
疝	疒山
尻	尸九
孑	了一
坳	土幺力
薈	艹亼囪甘
槌	木辵丿㠯
吮	口厶儿
厂	厂
芋	艹丁一
萎	艹禾女
榻	木日习习
嗡	口公习习
漣	氵辵車
妤	女予
墒	土辛内口
瑄	王宀二日
隼	隹十
訟	言公
燬	火臼土殳
烴	火一巛工
巒	言糸糸山
吠	口犬
囑	口尸水目勹虫
幡	巾釆田
篷	竹辵夂丰
伢	亻牙
仂	亻力
沂	氵斤
尕	㇕丿小
聆	耳亼卩
騁	馬由丂
嗑	口大凵皿
稟	亠圍口禾
漳	氵辛日
沱	氵宀匕
卅	一川
碌	石彐水
偈	亻日勹亡
蒽	艹圍大心
颱	凡虫厶口
燴	火亼囪甘
冪	冖屮日巾
怠	厶口心
擄	扌虎田力
杠	木工
砰	石干八
鹵	卜圍米
曙	日网耂
稽	禾尤匕日
簪	竹旡旡日
偎	亻田衤
潁	匕水頁
恙	羊心
敞	八宀口攴
徙	彳止止
嬴	龍女
瘺	疒尸雨
祚	示𠂉匕
巽	卩卩几
拇	扌母
兢	十口儿十口儿
踮	足广卜口
觴	𠂊用𠂉日一勿
汕	氵山
纓	糸貝貝女
綻	糸宀圍止
亓	一几
磺	石廿大日
囂	四口頁
啜	口四又
氰	气生井
羥	羊一巛工
螢	火火冖虫
闞	門彑攴
璉	王辵車
壑	歹八公又土
嗪	口丰禾
呤	口亼卩
峨	山手戈
濂	氵广禾禾彐
閨	門土土
姊	女才乚
驪	馬一冂丶一冂丶鹿
敕	木口攴
嘖	口丰貝
瞼	目亼口口从
謁	言日勹亡
讒	言爲匕匕爲儿丶
愉	心亼月巛
溥	氵甫寸
緇	糸巛田
鄢	圍止烏阝
捨	扌亼十口
罔	网亡
衙	行二乂口
懇	豸艮心
厝	厂巛日
鄙	口十圍口阝
勛	口貝力
餃	食大乂
錕	金日匕匕
桀	癶木
痠	疒厶八夂
澎	氵南豆彡
宥	宀𠂇月
聿	彐キ
頡	士口頁
骸	冎䏑兀彑
彿	彳弓刂
煽	火戶习习
澱	氵尸几几殳
驍	馬土土土兀
驊	馬艹𠂹
檻	木臣𠂉丶皿
隕	阝口貝
饋	食廾貝
餉	食宀口
鈥	金火
狙	犭且
惶	心白王
酣	酉甘
輒	車耳乚
杳	木日
顰	止㐄頁鬼十
煦	日丩口火
鍔	金口口一丂
庇	广匕匕
芥	艹亻八
苡	艹厶人
戍	戈人
蝗	虫白王
暄	日宀二日
鱷	魚王四口
床	广木
楽	白⺍木
泯	氵巳七
衹	衤氏
陋	阝一内乚
戮	习习人彡戈
壤	土衣口口甘
墉	土广尹用
揖	扌口耳
攙	扌爲匕匕爲儿丶
菡	艹矢凵
伎	亻竹又
脛	月一巛工
愕	心口口一丂
紳	糸申
呷	口甲
唧	口食卩
朧	月龍
詣	言匕日
烽	火夂丰
慨	心食旡
菂	艹白勹丶
嘸	口亦廿火
乒	斤𠂇
朦	月艹冖一豕
諡	言八丂皿
粱	氵刀八米
宓	宀弋八
囗	圍
峙	山之寸
侗	亻凡口
征	彳圍止
鋯	金牛口
詰	言士口
淒	氵一尹女
畦	田土土
骶	冎䏑氏一
膘	月西示
庾	广廾人
淬	氵衣十
掖	扌亦夕
柬	木四
犢	牛凵网貝
逵	辵土八土
悳	十目心
秩	禾手丶
颯	立凡虫
湜	氵日圍止
蕃	艹釆田
朽	木丂
塹	車斤土
杞	木巳
蛛	虫𠂉木
啡	口非
晦	日𠂉母
傈	亻西木
佷	亻艮
餿	食申又
昶	巛亻日
痂	疒力口
扉	戶非
嫉	女疒矢
酈	一冂丶一冂丶鹿阝
蓆	艹广廿巾
蕁	艹彐工口寸
鍼	金戊一口
謨	言屮日
广	广
垠	土艮
萘	艹大示
蜷	虫米廾卩
嗤	口之虫
幌	巾日火儿
篆	竹彑豕
臼	臼
傭	亻广尹用
鍺	金耂
諷	言凡虫
諳	言言甘
慚	心車斤
怖	心攴巾
灶	火土
宁	宀丁
裱	衤衣毛
扈	戶口巴
嫡	女不冂口
磬	南厂殳石
嗖	口申又
鍥	金丰刀大
哺	口甫
踝	足田木
叱	口匕
婢	女鬼十
婿	女足月
擀	扌十日十人干
挽	扌爲儿
氾	氵卩
歹	歹
矗	三十目
叨	口刀
喙	口彑豕
晰	日木斤
晁	日儿⺍
箐	竹生井
鼬	臼釆由
閏	門王
辷	辵一
揩	扌匕匕白
砣	石宀匕
罈	午凵西日十
氬	气亞
偃	亻匚日女
濛	氵艹冖一豕
蝸	虫冎口
銻	金弋弓
氐	氏一
迸	辵从二
酪	酉夂口
嘜	口𠂹夂
咿	口亻尹
幔	巾冖二目又
戇	辛日夂工貝心
淖	氵卜日十
渥	氵尸至
瑰	王鬼
蔗	艹广廿火
嗓	口三又木
郜	牛口阝
籮	竹网糸隹
鉚	金卯
膛	月八宀口土
孢	子勹巳
黒	田大火
幟	巾言甘戈
涔	氵山亼㇕
嬡	女爪冖心夂
饗	阝食阝食
瓚	王之儿之儿貝
蛻	虫公儿
浠	氵乂乂巾
汛	氵乙十
剿	巛田木刂
菿	艹至刂
噌	口八囪甘
円	冂丨一
掣	牛巾刂手
娑	氵小丿女
蔬	艹足了川
枷	木力口
啉	口木木
俑	亻龴用
腋	月亦夕
癒	疒亼月巛心
憫	心門文
灞	氵雨革月
吆	口幺
憊	亻矢用心
舫	舟方
瀏	氵卯金刂
羿	习习廾
為	爲
璜	王廿大日
拄	扌丶王
郴	木木阝
蟾	虫𠂊厂八言
腚	月宀圍止
誡	言戈廾
吝	文口
沏	氵七刀
渙	氵𠂊穴廾
穹	穴弓
媞	女日圍止
嘌	口西示
岫	山由
筵	竹廴丿止
裊	鳥衣
矜	予丿亼㇕
掬	扌勹米
皿	皿
纂	竹目大糸
徊	彳圍口
鰓	魚田心
誨	言𠂉母
焗	火尸㇕口
鬍	長彡十口月
撂	扌田夂口
覷	虎丘見
嗽	口木口欠
曇	日雨二厶
悖	心十冖子
耘	耒二厶
蜃	辰虫
郢	口亻土阝
罘	网不
鍘	金貝刂
銓	金人王
鏽	金尹亞一
雒	夂口隹
勐	子皿力
鑾	言糸糸金
蔻	艹宀一兀攴
榴	木卯田
蹺	足土土土兀
伺	亻𠂆
尒	人小
饑	食幺幺戈人
諞	言戶冊
瀦	氵豕耂
胜	月生
芣	艹不
榛	木丰禾
弌	弋一
簍	竹婁
筏	竹亻戈
銬	金耂丂
奐	𠂊穴廾
癩	疒木口刀貝
淅	氵木斤
澹	氵𠂊厂八言
禱	示耂工口寸
辟	尸口辛
姥	女耂匕
欖	木臣𠂉丶皿見
嗝	口一口冂八丁
譏	言幺幺戈人
粕	米白
燊	三火木
甾	巛田
坷	土丂口
莢	艹亦人
靄	雨言日勹亡
顎	口口一丂頁
嶄	山車斤
髖	冎䏑宀艹見丶
仆	亻卜
佚	亻手丶
脯	月甫
痢	疒禾刂
煸	火戶冊
灃	氵丰丰山豆
汰	氵大丶
濯	氵习习隹
萼	艹口口一丂
楔	木丰刀大
軻	車丂口
輻	車一口田
呲	口止匕
唰	口尸巾刂
疃	田辛東土
煊	火宀二日
淶	氵𠂹
亍	一丁
圳	土川
煉	火木四
洵	氵勹日
犟	弓口虫牛
顳	三耳頁
槎	木𠂹𠂇
甌	匚三口瓦
峭	山小月
気	气乂
猥	犭田衤
惺	心日生
締	糸不冖
楣	木尸目
嘩	口艹𠂹
僚	亻一火日小
忿	八刀心
孵	卯冫爪子
紊	文糸
罄	南厂殳午凵
髯	長彡冉
贅	凵方攴貝
捺	扌大示
懋	木予丿木心
魘	厂日月犬鬼
齲	齒丿虫九
帷	巾隹
嶸	山火火冖木
雉	矢隹
舸	舟丂口
膈	月一口冂八丁
洩	氵申丿
寞	宀屮日
蹇	宀屮人足
櫓	木魚日
蚜	虫牙
畸	田大丂口
箕	竹其
匆	囪
壕	土亠口冖豕
撣	扌口口甲一
堇	廿口丰
蕞	艹冖二耳又
涎	氵廴丿止
渲	氵宀二日
寳	宀王竹八貝
闋	門癶一大
耽	耳冖儿
菅	艹宀㠯
仝	人工
猩	犭日生
詮	言人王
疵	疒止匕
瀧	氵龍
遐	辵厂二彐又
袂	衤コ又
霾	雨豸田土
虔	虎文
蹴	足亠口小尤
鉸	金大乂
舶	舟白
斕	文門木四
謐	言弋八皿
燎	火一火日小
熠	火习习白
闔	門大凵皿
殃	歹冂大
軫	車人彡
噼	口尸口辛
遏	辵日勹亡
銼	金从土
舛	癶
匕	匕
謔	言虎匚一
隘	阝水皿
殑	歹十口儿
騾	馬田糸
檜	木亼囪甘
囝	圍子
喈	口匕匕白
稈	禾日干
澍	氵南豆寸
珩	王行
欏	木网糸隹
畈	田厂又
鵠	牛口鳥
衢	行目目隹
譴	言辵廾㠯
泌	氵弋八
宕	宀石
邈	辵豸白儿
苄	艹亠卜
菀	艹宀夕卩
礬	乂乂木木又𠂇石
岷	山巳七
贍	貝𠂊厂八言
俘	亻爪子
衾	亼㇕衣
衕	行凡口
鈀	金巴
狩	犭宀寸
襬	衤网厶月匕匕
蠡	彑豕虫虫
邰	厶口阝
殆	歹厶口
鬃	長彡宀示
啶	口宀圍止
晌	日宀口
睫	目一彐止
飭	食𠂉力
鈿	金田
獾	犭艹口口隹
鯤	魚日匕匕
琍	王禾刂
捍	扌日干
芾	艹一巾
彧	弋口一彡
蝠	虫一口田
嘣	口山月月
岢	山丂口
鑣	金鹿火
鷲	亠口小尤鳥
訛	言亻匕
詡	言习习
潯	氵彐工口寸
靛	生井宀圍止
莆	艹甫
礪	石厂廾田厶九
氦	气兀彑
佯	亻羊
膀	月凡方
瀆	氵凵网貝
緗	糸木目
姻	女圍大
繽	糸宀一㐄貝
葭	艹厂二彐又
鑒	臣𠂉丶皿金
贓	貝戈爿臣
徳	彳十目心
関	門䒑大
耆	耂匕日
捫	扌門
拚	扌厶廾
籤	竹从戈非一
夙	凡夕
腑	月广亻寸
謾	言冖二目又
蟄	土半丸虫
樾	木走戈乚
咣	口火儿
噙	口亼一乂凵厶九
猝	犭衣十
訖	言气
熒	火火冖火
潼	氵辛東土
窒	穴至
翌	习习立
奼	女丿七
夔	八頁止巳夂
髂	冎䏑宀夂口
熏	東火
刈	乂刂
鉭	金日一
鍬	金禾火
舷	舟亠幺
肟	月一丂
鱔	魚羊言
誑	言犭王
氓	亡巳七
豢	米廾豕
忱	心冖儿
洧	氵𠂇月
雇	戶隹
閭	門口口
媳	女自心
蠹	一中冖石虫虫
荐	艹才子
蟮	虫羊言
踰	足亼月巛
彡	彡
鍶	金田心
対	文寸
庖	广勹巳
鶩	予丿攴鳥
埂	土内攴
琥	王虎
賁	屮貝
哏	口艮
俟	亻厶矢
懾	心三耳
汙	氵丁一
紺	糸甘
抻	扌申
缶	午凵
絛	亻丨攴糸
鏤	金婁
汴	氵亠卜
忝	一大心
璨	王歹又米
虯	虫丩
躡	足三耳
喱	口厂田土
嵇	禾尤山
鉞	金戈乚
鈊	金心
鴛	夕卩鳥
誣	言工从
諍	言爪尹
怵	心屮丶
湍	氵山而
葳	艹戊一女
藜	艹禾丿刀人水
輟	車四又
僻	亻尸口辛
鏃	金方𠂉矢
瓤	衣口口甘瓜
鶉	亠口子鳥
翦	䒑月刂习习
羯	羊日勹亡
熳	火冖二目又
澶	氵亠圍口日一
滸	氵言午
廴	廴
燾	耂工口寸火
撾	扌辵冎口
拯	扌㇕水一
芡	艹欠
枰	木干八
俸	亻丰キ
翱	白大十习习
奠	八酉大
銥	金衣
肱	月𠂇厶
瘧	疒虎匚一
屙	尸阝丂口
邕	巛口巴
埒	土爪寸
茱	艹𠂉木
槿	木廿口丰
梔	木𠂆巴
楹	木㇕丿又皿
僥	亻土土土兀
倖	亻土半
慍	心圍人皿
玟	王文
礎	石木木足
矽	石夕
蛭	虫至
哽	口内攴
髁	冎䏑田木
骰	冎䏑殳
氡	气夂冫
鏜	金八宀口土
飧	夕食
訕	言山
漚	氵匚三口
翩	戶冊习习
祟	止凵示
殉	歹勹日
塬	土厂白小
琬	王宀夕卩
剋	十口儿刂
芩	艹亼㇕
様	木羊水
硎	石干干刂
冂	冂
峁	山卯
淦	氵金
皰	皮勹巳
収	丩又
苒	艹冉
箔	竹氵白
鐨	金弓刂貝
洎	氵自
輦	夫夫車
薆	艹爪冖心夂
跤	足大乂
嗌	口水皿
顥	日亠口小頁
懟	业羊寸心
牲	牛生
氳	气圍人皿
牒	爿廿乚木
戦	⺍甲一戈
漩	氵方𠂉足
殞	歹口貝
玳	王亻弋
芪	艹氏
皙	木斤白
礫	石白幺幺木
賄	貝𠂇月
僳	亻西米
饈	食羊彐丨
胍	月瓜
鮎	魚卜口
詒	言厶口
悵	心長
涸	氵圍十口
綬	糸爪冖又
攘	扌衣口口甘
嚄	口䒑隹又
喓	口西女
歟	𦥑牙廾欠
牋	爿戈戈
鐲	金目勹虫
変	亦攴
淥	氵彑水
宀	宀
剜	宀夕卩刂
孖	子子
卍	㇕丨一丨
綣	糸米廾卩
圻	土斤
苣	艹工コ
芍	艹勹丶
菩	艹丶不口
蠔	虫亠口冖豕
哂	口西
佣	亻用
仞	亻刀丶
諏	言耳又
冽	冫歹刂
廡	广亦廿火
綃	糸小月
耦	耒田厶九
桉	木宀女
粲	歹又米
喳	口木且
啐	口衣十
儺	亻廿口夫隹
鏗	金臣又土
諛	言廾人
庋	广竹又
粑	米巴
籹	米女
瀘	氵虎田皿
鋈	氵丿大金
滘	氵网工口
戾	戶犬
亟	二亻口又
嬈	女土土土兀
堀	土尸止凵
莧	艹見
蘑	艹广屮屮石
輾	車尸工衤
跛	足皮
崾	山西女
顓	山而頁
鉍	金弋八
鎔	金穴公
鯽	魚食卩
憬	心日亠口小
愀	心禾火
湮	氵西土
洇	氵圍大
祜	示十口
闡	門口口甲一
亙	二月
囍	南豆口南豆口
撻	扌辵土羊
芏	艹土
莣	艹亡心
蒞	艹氵亻立
檫	木宀䏑又示
饕	口丂虎食
盹	目一屮
脩	亻丨攴月
畲	人示田
鎵	金宀豕
謗	言凡方
糰	米圍東厶寸
灩	氵丰丰山豆大凵皿
寤	宀爿二乂口
縉	糸至至日
娉	女由丂
垟	土羊
硌	石夂口
盎	冂大皿
睢	目隹
徠	彳𠂹
斛	𠂊用斗
泮	氵半
汊	氵又丶
灤	氵言糸糸木
繕	糸羊言
歿	歹勹又
碴	石木且
逕	辵一巛工
哮	口耂子
嘬	口冖二耳又
嶂	山辛日
乓	斤又
逯	辵彐水
閾	門戈口一
葽	艹西女
枳	木口八
杓	木勹丶
鄴	业木阝
岬	山甲
誥	言牛口
汏	氵大
売	凵冖儿
埭	土尹⺍
螯	凵方攴虫
孛	十冖子
啷	口丶艮阝
笥	竹𠂆
鵒	八公鳥
狡	犭大乂
竦	立木口
癰	疒巛口巴隹
瀹	氵亼口口口冊
潙	氵爲
硐	石凡口
蹶	足厂大下欠
蹋	足日习习
篡	竹目大厶
俚	亻田土
伈	亻心
魷	魚尤
鰻	魚冖二目又
讕	言門木四
恣	二欠心
羧	羊厶八夂
紂	糸寸
緲	糸目小丿
戩	至至日戈
児	臼儿
呿	口大凵
胄	由月
禺	田厶九
矚	目尸水目勹虫
笆	竹巴
鉈	金宀匕
竣	立厶八夂
甑	八囪甘瓦
悸	心禾子
煬	火日一勿
縐	糸𠂇艹
玓	王勹丶
萇	艹長
蓯	艹從
韭	非一
暝	日冖日亠八
凼	水凵
睨	目臼儿
仩	亻上
倌	亻宀㠯
銦	金圍大
鍇	金匕匕白
肪	月方
馗	九八頁
孺	子雨而
緝	糸口耳
殮	歹亼口口从
琮	王宀示
芫	艹一兀
菈	艹扌立
檣	木𠂹圍口
賚	𠂹貝
掱	三手
秸	禾士口
儼	亻口口厂彑攴
皎	白大乂
龕	亼口龍
諼	言爪一𠂇又
瘓	疒𠂊穴廾
癆	疒火火冖力
煅	火厂三殳
慵	心广尹用
涙	氵戶大
惢	三心
耨	耒辰寸
蜇	扌斤虫
莒	艹口口
蘅	艹行𠂊田大
苕	艹刀口
橇	木三毛
翳	匚矢殳习习
哐	口匚王
賑	貝辰
崛	山尸止凵
篁	竹白王
偌	亻艹𠂇口
釧	金川
鈮	金尸匕
諺	言立厂彡
庵	广大申
炷	火丶王
濄	氵辵冎口
洳	氵女口
隧	阝辵八豕
塒	土日之寸
茆	艹卯
橈	木土土土兀
靨	厂日月犬頁圍
蜈	虫口乚大
喹	口大土土
咲	口䒑大
冑	由冂二
乄	丿丶
偠	亻西女
澧	氵曲豆
屜	尸彳廿乚
卐	乚一丨一
纈	糸士口頁
姒	女厶人
瓔	王貝貝女
柘	木石
枋	木方
虻	虫亡
釕	金了
廕	广阝亼㇕二厶
惰	心𠂇月
懺	心从戈非一
洮	氵儿氵
蚤	又爪虫
婊	女衣毛
斡	十日十人斗
韃	革辵土羊
轅	車土口衤
栩	木习习
攴	攴
哧	口大火
睞	目𠂹
僖	亻南豆口
傣	亻丰水
倏	亻丨攴犬
銫	金𠂊巴
銃	金了儿
諤	言口口一丂
苹	艹干八
蕨	艹厂大下欠
茴	艹圍口
藐	艹豸白儿
芠	艹文
酵	酉耂子
蛔	虫圍口
崮	山圍十口
嶠	山丿大口冂口
膦	月米癶
鮭	魚土土
匈	勹乂凵
譙	言隹火
洹	氵二日
沢	氵尸丶
璁	王囪心
蒯	艹月月刂
醞	酉圍人皿
椋	木亠口小
叵	匚口
齦	齒艮
嗶	口田其
唾	口𠂹土
哖	口禾人
噔	口癶豆
笫	竹才乚
惚	心勿心
澮	氵亼囪甘
閫	門圍木
瑙	王巛囟
棹	木卜日十
蜥	虫木斤
蛀	虫丶王
螟	虫冖日亠八
唏	口乂乂巾
畹	田宀夕卩
黍	禾人水
鑊	金䒑隹又
腓	月非
詎	言工コ
庥	广亻木
濰	氵糸隹
緘	糸戊一口
攣	言糸糸手
轂	南車殳
蓴	艹東厶寸
蒔	艹日之寸
佇	亻宀丁
鈐	金亼㇕
貉	豸夂口
瀕	氵止㐄頁
闃	門目犬
翀	习习中
妊	女工一
紓	糸予
荇	艹行
蔸	艹白卯儿
艿	艹㇕丿
櫛	木竹食卩
斫	石斤
咻	口亻木
箴	竹戊一口
适	辵舌
飴	食厶口
訝	言牙
淙	氵宀示
嫦	女八宀口巾
弁	厶廾
韉	革艹豸豸
萜	艹巾卜口
薏	艹言甘心
趺	足夫
賒	貝人示
郗	乂乂巾阝
饌	食卩卩几
虢	爪寸虎
慷	心广尹⺍
濼	氵白幺幺木
実	宀丰
寥	宀习习人彡
褋	衤廿乚木
摑	扌圍戈口一
邯	甘阝
蔑	艹目戈人
楮	木耂
圧	厂土
砥	石氏一
迄	辵气
儆	亻䒑勹口攴
讎	隹言隹
銪	金𠂇月
臊	月三口木
鴕	鳥宀匕
誆	言匚王
咫	尸丶口八
鍪	予丿攴金
婺	予丿攴女
綹	糸夂卜口
搪	扌广尹口
葑	艹土土寸
噫	口言甘心
瞰	目彑攴
攵	攴
僮	亻辛東土
佗	亻宀匕
鐫	金隹冂凵
塾	亠口子丸土
旎	方𠂉尸匕
壅	亠阝隹土
懦	心雨而
発	癶二儿
繚	糸一火日小
繹	糸目土半
酆	丰丰山豆阝
藹	艹言日勹亡
箬	竹艹𠂇口
爰	爪一𠂇又
鋮	金戊㇕
鏘	金爿䏑寸
魴	魚方
詼	言𠂇火
謖	言田八夂
炔	火コ又
燼	火尹一火皿
妲	女日一
勱	廾田厶九力
蓼	艹习习人彡
鸕	虎田皿鳥
螭	虫屮乂凵厶九
峒	山凡口
県	目乚小
狽	犭貝
觥	𠂊用火儿
羔	羊火
熘	火卯田
衿	衤亼㇕
騖	予丿攴馬
盂	丁一皿
髦	長彡毛
萸	艹廾人
磧	石丰貝
蜆	虫見
踞	足尸十口
昴	日卯
僾	亻爪冖心夂
卮	𠂆卩
氷	水丶
詬	言𠂆口
癥	疒彳長亻土攴
湫	氵禾火
綵	糸爪木
娓	女尸毛
恚	土土心
莜	艹亻丨攴
蘚	艹魚羊
尢	尤
匭	匚車九
籟	竹木口刀貝
魑	鬼屮乂凵厶九
頦	兀彑頁
汜	氵巳
縝	糸匕目廾
芰	艹竹又
椏	木亞
榫	木隹十
椽	木彑豕
蟠	虫釆田
啫	口耂
蹊	足爪幺大
晞	日乂乂巾
詈	网言
肴	乂乂月
銠	金耂匕
鈑	金厂又
獠	犭一火日小
誚	言小月
諂	言𠂊臼
痿	疒禾女
焓	火亼㇕口
湃	氵手一丰
湟	氵白王
祉	示止
縵	糸冖二目又
妗	女亼㇕
擻	扌婁攴
菘	艹木公
菏	艹氵丂口
葯	艹糸勹丶
砦	止匕石
鶚	口口一丂鳥
睪	目土半
釁	廾凡口冖酉八刀
鏞	金广尹用
啻	不冖口
旖	方𠂉大丂口
饔	亠阝隹食
劭	刀口力
姘	女从二
畿	幺幺戈田
坭	土尸匕
霈	雨氵一巾
呔	口大丶
崧	山木公
箸	竹耂
稔	禾亼㇕心
籩	竹辵自穴方
乂	乂
鏵	金艹𠂹
塍	舟丨廾土
詫	言宀丿七
庹	广廿尸丶
疚	疒𠂊丶
怛	心日一
瀋	氵宀釆田
黽	黽
窿	穴阝夂一生
芐	艹下
霰	雨木月攴
歩	止小丿
噘	口厂大下欠
啾	口禾火
崙	山亼冊
俅	亻十⺍丶
鎰	金水皿
腱	月廴彐キ
鱸	魚虎田皿
処	夂几
瘁	疒衣十
浹	氵亦人
漓	氵屮乂凵厶九
寔	宀日圍止
禕	示㐄口㐄
闆	門三口
迂	辵丁一
菰	艹子瓜
碇	石宀圍止
嗬	口艹亻丂口
笄	竹干干
筧	竹見
鐮	金广禾禾彐
凇	冫木公
洌	氵歹刂
袒	衤日一
鄄	西土阝
櫚	木門口口
呋	口夫
囁	口三耳
唳	口戶犬
篙	竹亠口冂口
氛	气八刀
鋌	金廴亻土
詘	言止凵
賡	广彐人貝
禛	示匕目廾
闥	門辵土羊
嬤	女广屮屮幺
垚	三土
垃	土立
蕎	艹丿大口冂口
蚴	虫幺力
跖	足石
鄖	口貝阝
踉	足丶艮
牘	爿凵网貝
佃	亻田
腈	月生井
腊	月巛日
膺	广亻隹月
焐	火二乂口
洱	氵耳
衲	衤内
邏	辵网糸隹
蛩	工凡虫
琶	王王巴
菟	艹爲儿丶
薌	艹阝食阝
稷	禾田八夂
簣	竹廾貝
笈	竹𠂊又
鱟	廾乂乂冖魚
鄣	辛日阝
痙	疒一巛工
惲	心冖車
冨	冖一口田
韞	㐄口㐄日皿
蘼	艹广屮屮非
螅	虫自心
嚯	口雨隹
篪	竹𠂆虎
夊	夂
誹	言非
讖	言从戈非一
燻	火東火
沮	氵且
轡	車糸糸口
挹	扌口巴
逑	辵十⺍丶
鞅	革冂大
桜	木⺍女
蚧	虫亻八
骯	冎䏑亠几
笏	竹勿
鎦	金卯田
酋	八酉
鎏	氵了川金
滁	氵阝亼木
媸	女之虫
媧	女冎口
并	从二
苫	艹卜口
楸	木禾火
檳	木宀一㐄貝
賾	臣丰貝
迓	辵牙
匱	匚廾貝
蛘	虫羊
踵	足亻東土
炅	日火
罹	网心隹
笱	竹丩口
鈹	金皮
肼	月井
臏	月宀一㐄貝
鮃	魚干八
旃	方𠂉冂亠
懊	心宀米大
涫	氵宀㠯
瀰	氵弓丁八网
遽	辵虎豕
陛	阝匕匕土
紸	糸丶王
觳	南𠂊用殳
鬩	鬥臼儿
摶	扌東厶寸
揸	扌木且
苊	艹厂卩
萄	艹勹午凵
薜	艹尸口辛
囈	口艹土八土丸二厶
嚦	口厂禾禾止
崆	山穴工
佽	亻二欠
銖	金𠂉木
獺	犭木口刀貝
脘	月宀一兀
芻	𠂇艹
贇	文戈止貝
惻	心貝刂
闈	門㐄口㐄
嫵	女亦廿火
舂	丰臼
璦	王爪冖心夂
蔦	艹鳥
橢	木阝𠂇月
达	辵大
唇	辰口
豕	豕
呎	口尸丶
嵊	山禾北
睋	目手戈
幃	巾㐄口㐄
况	冫口儿
褰	宀屮人衣
冗	冖几
恵	東心
薨	艹目冖一夕匕
蓀	艹子丿糸
葒	艹糸工
鏨	車斤金
椴	木厂三殳
齶	齒口口一丂
噲	口亼囪甘
雎	且隹
鏂	金匚三口
腩	月南
鮫	魚大乂
謫	言不冂口
瘴	疒辛日
憚	心口口甲一
満	氵廿巾凵
浼	氵爲儿
閬	門丶艮
媼	女圍人皿
絀	糸止凵
芎	艹弓
酊	酉丁
笞	竹厶口
侮	亻𠂉母
胱	月火儿
肓	亡月
痧	疒氵小丿
袢	衤半
黿	一兀黽
髡	長彡兀
擢	扌习习隹
麴	𠂹夂勹米
厴	厂日月犬甲
嘁	口戊上小
罅	午凵虎爪丁
佼	亻大乂
侷	亻尸㇕口
釔	金乙
鑠	金白幺幺木
亳	亠口冖丿七
悴	心衣十
閌	門亠几
壎	土東火
菓	艹田木
梆	木丰阝
乩	卜口乚
呶	口女又
賂	貝夂口
誄	言耒
疽	疒且
淄	氵巛田
逅	辵𠂆口
逄	辵夂㐄
亜	亞
堺	土田亻八
擷	扌士口頁
菽	艹上小又
蓖	艹囟匕匕
菔	艹月卩又
苧	艹宀丁
蟆	虫屮日
齪	齒足
嘭	口南豆彡
尜	小大小
嵋	山尸目
佤	亻瓦
鼾	自田矢干
鎩	金乂屮殳
凊	冫生井
猷	八酉犬
閎	門𠂇厶
閿	門爪冖又
卩	卩
縭	糸屮乂凵厶九
螚	厶月匕匕虫
萁	艹其
葩	艹白巴
蛐	虫曲
勖	冖二目力
岜	山巴
笪	竹日一
舐	舌氏
佶	亻士口
倨	亻尸十口
餒	食爪女
鳧	鳥几
詿	言土土
溉	氵食旡
赭	大火耂
檠	䒑勹口攴木
桅	木𠂊厂卩
眥	止匕目
訾	止匕言
嘹	口一火日小
嚀	口宀心皿丁
犇	三牛
伝	亻二厶
鱘	魚彐工口寸
諟	言日圍止
庠	广羊
慳	心臣又土
慟	心亻東土力
葙	艹木目
杈	木又丶
砧	石卜口
蛉	虫亼卩
蟀	虫亠幺⺍十
咭	口士口
嚙	口齒
飫	食丿大
鈰	金亠巾
惕	心日勿
惘	心网亡
惦	心广卜口
潦	氵一火日小
窠	穴田木
裨	衤鬼十
迨	辵厶口
矸	石干
贗	厂亻鳥貝
蜓	虫廴亻土
嘵	口土土土兀
唚	口彐冖又
餼	食气米
褻	衣土八土丸
袞	衣公
懍	心亠圍口禾
褔	衤一口田
蚩	之虫
櫱	屮丿㠯辛木
殯	歹宀一㐄貝
耒	耒
芄	艹丸
榷	木冖隹
奄	大申
碚	石丶不口
喑	口言甘
鋨	金手戈
繇	䏑午凵丿糸
裾	衤尸十口
窈	穴幺力
豉	豆竹又
箌	竹至刂
讜	言八宀口囪火火
劾	兀彑力
憧	心辛東土
裑	衤身
裼	衤日勿
孿	言糸糸子
嫠	二木攴厂女
琇	王禾㇕丿
荏	艹亻工一
蘢	艹龍
杪	木小丿
榔	木丶艮阝
隹	隹
餳	食日一勿
鉺	金耳
鎌	金禾禾彐
旆	方𠂉一巾
癇	疒門月
燧	火辵八豕
遑	辵白王
橐	一中冖石木
圪	土气
嗇	𠂹圍口
駢	馬从二
藪	艹婁攴
芃	艹凡
槭	木戊上小
棰	木𠂹土
噥	口曲辰
嗥	口白大十
峴	山見
岣	山丩口
佉	亻大凵
魈	鬼小月
頎	斤頁
鏌	金屮日
颼	凡虫申又
詵	言之儿
諢	言冖車
覚	⺍冖見
瀬	氵木口頁
珥	王耳
駟	馬四
茤	艹夕夕
砭	石丿之
碓	石隹
蟑	虫辛日
蚓	虫弓丨
嗵	口辵龴用
嵴	山⺍人月
憩	舌自心
俁	亻口乚大
臚	月虎田皿
昝	夂卜日
隗	阝鬼
繾	糸辵廾㠯
紉	糸刀丶
壊	土十目衣
琚	王尸十口
葫	艹十口月
鞣	革予丿木
顴	艹口口隹頁
蕕	艹犭八酉
醴	酉曲豆
饜	厂日月犬食
齠	齒刀口
顒	田厶九頁
嘗	八宀口匕日
嵛	山亼月巛
牯	牛十口
簟	竹西日十
笮	竹𠂉匕
囪	囪
儈	亻亼囪甘
鷂	䏑午凵鳥
譲	言衣八甘
麝	鹿身寸
沌	氵一屮
勰	三力田心
婀	女阝丂口
縞	糸亠口冂口
瑁	王冖二目
綦	其糸
齷	齒尸至
喋	口廿乚木
躋	足齊
瓴	亼卩瓦
毖	匕匕弋八
悽	心一尹女
愫	心丰糸
悚	心木口
搴	宀屮人手
朶	㇕丿木
増	土八田甘
菋	艹口二木
驀	屮日馬
醪	酉习习人彡
囀	口車東厶寸
趿	足𠂊又
蹌	足亼户口
嗍	口大下月
杲	日木
暘	日日一勿
骷	冎䏑十口
爨	廾凡口冖木木廾火
羸	龍羊
誶	言衣十
廄	广食殳
瀲	氵亼口口从攴
攫	扌目目隹又
茼	艹凡口
齜	齒止匕
圜	圍目一口衤
秣	禾一木
僭	亻旡旡日
囟	囟
鑭	金門木四
鰳	魚革力
鰨	魚日习习
慊	心禾禾彐
媯	女爲
鞀	革刀口
樅	木從
団	圍寸
罌	貝貝午凵
儔	亻耂工口寸
羶	羊亠圍口日一
汨	氵日
閼	門烏烏
閽	門氏日
閡	門兀彑
譬	尸口辛言
縹	糸西示
摒	扌尸从二
齬	齒二乂口
嘧	口宀弋八山
嵬	山鬼
瞑	目冖日亠八
穡	禾𠂹圍口
氪	气十口儿
笳	竹力口
魃	鬼犬丿
佸	亻舌
艉	舟尸毛
穌	魚禾
浯	氵二乂口
溱	氵丰禾
阡	阝千
璩	王虎豕
醮	酉隹火
硤	石亦人
蠊	虫广禾禾彐
圉	圍土半
嚓	口宀䏑又示
纍	三田糸
賙	貝用口
豺	豸才
獐	犭辛日
旄	方𠂉毛
広	广厶
糝	米三厶人彡
泖	氵卯
溏	氵广尹口
裉	衤艮
戸	戶
琺	王氵大凵
芟	艹殳
棖	木長
柜	木工コ
蚨	虫夫
蟶	虫耳口亻土
俎	人人且
肫	月一屮
糍	米䒑幺幺
槊	大下月木
涑	氵木口
涪	氵丶不口
漉	氵鹿
緄	糸日匕匕
彗	丰丰彐
鞦	革禾火
莔	艹圍八冂
躉	廾田厶九足
櫪	木厂禾禾止
齔	齒匕
屾	山山
鶻	冎䏑鳥
泱	氵冂大
泫	氵亠幺
鴆	冖儿鳥
帚	彐冖巾
埕	土口亻土
珪	王土土
瑗	王爪一𠂇又
茁	艹止凵
檄	木白方攴
竽	竹丁一
稗	禾鬼十
佺	亻人王
鍆	金門
鯢	魚臼儿
戠	言甘戈
咨	二欠口
淀	氵宀圍止
謇	宀屮人言
逖	辵犭火
羋	丨羊
靼	革日一
莋	艹亻𠂉匕
唵	口大申
吩	口八刀
哞	口厶牛
羆	网厶月匕匕火
嶧	山目土半
迤	辵𠂉也
秈	禾山
簞	竹口口甲一
佞	亻二女
鉿	金亼口
艫	舟虎田皿
諉	言禾女
瘍	疒日一勿
憒	心廾貝
郯	火火阝
邋	辵巛圍乂釆
闐	門匕目廾
孃	女衣口口甘
縊	糸水皿
垌	土凡口
璀	王山隹
芘	艹匕匕
蹩	巾⺍攴足
昉	日方
鱈	魚雨彐
鮒	魚亻寸
涿	氵豕
鼐	㇕丿目爿爿
戛	頁戈
髪	長彡𠂇又
瑀	王丿虫九
驄	馬囪心
璣	王幺幺戈人
芨	艹𠂊又
蠓	虫艹冖一豕
蚪	虫斗
吒	口丿七
瞋	目匕目廾
毎	𠂉母
倥	亻穴工
猓	犭田木
頫	儿⺍頁
褥	衤辰寸
嬖	尸口辛女
孀	女雨木目
縋	糸辵丿㠯
珣	王勹日
璘	王米癶
菠	艹氵皮
卣	卜圍コ
嚶	口貝貝女
跚	足冊
嶷	山旡大牛止
牖	爿戶甫
徨	彳白王
鉄	金手丶
豸	豸
溧	氵西木
寀	宀爪木
阱	阝井
愍	巳七攴心
皴	厶八夂皮
撳	扌金欠
蘺	艹屮乂凵厶九隹
櫸	木𦥑牙廾キ
磣	石三厶人彡
蠐	虫齊
咑	口扌丁
踔	足卜日十
黜	囪火火止凵
崍	山𠂹
魎	鬼一内内
偸	亻亼月巛
兗	亠公儿
淝	氵月巴
鷸	予丿内口鳥
続	糸凵冖儿
梘	木見
虺	兀虫
磋	石𠂹𠂇
蠛	虫艹目戈人
蠖	虫䒑隹又
哃	口凡口
吽	口牛
徘	彳非
粼	米癶巛
烊	火羊
紆	糸丁一
紈	糸丸
埗	土止㐄
鄹	耳又从阝
瓁	王䒑隹又
鸛	艹口口隹鳥
蓑	艹衣冉
酢	酉𠂉匕
醌	酉日匕匕
樘	木八宀口土
楦	木宀二日
蜒	虫廴丿止
唲	口臼儿
咜	口宀匕
彫	用口彡
偲	亻田心
鐿	金言甘心
胂	月申
忤	心午
潶	氵囪火火
紜	糸二厶
艽	艹九
醭	酉业廾
蜡	虫巛日
蚝	虫毛
嚨	口龍
毬	毛十⺍丶
鍖	金甘匚八
鏍	金田糸
癜	疒尸几几殳
沭	氵屮丶
滓	氵宀辛
娌	女田土
繒	糸八囪甘
跫	工凡足
鏊	凵方攴金
葶	艹亠口冖丁
酞	酉大丶
榱	木衣冉
槨	木亠口子阝
郟	亦人阝
踴	足龴用力
兎	爲儿丶
倳	亻一中彐
煳	火十口月
嬛	女目一口衤
嫚	女冖二目又
驃	馬西示
柰	木示
桁	木行
蜱	虫鬼十
餚	食乂乂月
鯀	魚丿糸
郞	丶艮阝
恫	心凡口
憔	心隹火
剡	火火刂
姫	女臣
彀	南弓殳
珅	王申
萿	艹氵舌
雹	雨勹巳
橄	木彑攴
匚	匚
蟛	虫南豆彡
咴	口𠂇火
噈	口亠口小尤
冏	内口
髕	冎䏑宀一㐄貝
値	亻十目
俶	亻上小又
皚	白山豆
錈	金米廾卩
遒	辵八酉
畑	火田
衩	衤又丶
嬙	女𠂹圍口
媄	女羊大
圮	土巳
耔	耒子
揆	扌癶一大
苤	艹不一
苴	艹且
苻	艹亻寸
婪	木木女
櫫	豕耂木
碉	石用口
咼	冎口
倬	亻卜日十
饉	食廿口丰
彳	彳
譎	言予丿内口
奘	爿士大
痱	疒非
疙	疒气
浞	氵足
湔	氵䒑月刂
潺	氵尸三子
袷	衤亼口
爿	爿
鸝	一冂丶一冂丶鹿鳥
驤	馬衣口口甘
覲	廿口丰見
鄞	廿口丰阝
蕗	艹足夂口
梶	木尸毛
邨	一屮阝
鹺	卜圍米𠂹𠂇
鼉	口口田一黽
鴰	舌鳥
伲	亻尸匕
劬	丩口力
炤	火刀口
単	⺍甲一
閶	門日日
恿	龴用心
坍	土冂亠
垸	土宀一兀
鬟	長彡目一口衤
耪	耒凡方
芑	艹巳
逋	辵甫
蚶	虫甘
曷	日勹亡
侈	亻夕夕
刖	月刂
獯	犭東火
觶	𠂊用口口甲一
鰍	魚禾火
旒	方𠂉了川
忖	心寸
惆	心用口
閂	門一
邐	辵一冂丶一冂丶鹿
鬮	鬥龜
驁	凵方攴馬
掇	扌四又
鶘	十口月鳥
鞫	革勹言
槲	木𠂊用斗
齟	齒且
噺	口辛木斤
韙	日圍止㐄口㐄
冄	冂二
鸚	貝貝女鳥
鉦	金圍止
鋟	金彐冖又
錙	金巛田
猗	犭大丂口
堃	方方土
沔	氵丁乚㇕
灕	氵屮乂凵厶九隹
窨	穴言甘
厾	乙大凵
緦	糸田心
耄	耂匕毛
杴	木欠
蚵	虫丂口
蛄	虫十口
蠣	虫厂廾田厶九
篦	竹囟匕匕
俳	亻非
錸	金𠂹
鐐	金一火日小
獬	犭𠂊用刀牛
胝	月氏一
礱	龍石
濉	氵目隹
洺	氵夕口
邃	辵穴八豕
屐	尸彳竹又
経	糸又土
殄	歹人彡
瞽	南豆竹又目
鷙	土半丸鳥
験	馬亼口人
蠆	廾田厶九虫
芴	艹勿
楝	木木四
鶇	東鳥
耷	大耳
曛	日東火
稹	禾匕目廾
氤	气圍大
込	辵人
臆	月言甘心
髙	亠卜丨冋
埸	土日勿
拊	扌亻寸
荑	艹大弓
芤	艹子乚
榧	木匚非
砑	石牙
垡	亻戈土
倮	亻田木
徇	彳勹日
鑷	金三耳
鑌	金宀一㐄貝
腆	月冊廾
胗	月人彡
瘢	疒舟殳
遨	辵凵方攴
弢	弓屮又
緙	糸革
駑	女又馬
擤	扌自田矢
匏	大一丂勹巳
尷	尤臣𠂉丶皿
蝴	虫十口月
虼	虫气
曈	日辛東土
澩	廾乂乂冖水
餱	食𠂊厂矢
粿	米田木
渀	氵走止
宄	宀九
隳	阝𠂇月人心
堋	土月月
菹	艹氵且
酐	酉干
櫳	木龍
哚	口几木
眭	目土土
鴦	冂大鳥
峰	山夂丰
侞	亻女口
飩	食一屮
餾	食卯田
銣	金女口
胛	月甲
腴	月廾人
獰	犭宀心皿丁
詁	言十口
諑	言豕
訃	言卜
疳	疒甘
癤	疒竹食卩
惴	心山而
怺	心巛亻
窕	穴儿⺍
陟	阝止㐄
悪	亞心
鼙	南豆竹又鬼十
聵	耳廾貝
鴣	十口鳥
蕈	艹西日十
蘄	艹口口甲一斤
薺	艹齊
釅	酉口口厂彑攴
楂	木木且
楫	木口耳
碭	石日一勿
戔	戈戈
呻	口申
叺	口人
咄	口止凵
崞	山亠口子
嶗	山火火冖力
骼	冎䏑夂口
籙	竹金彐水
魍	鬼网亡
僉	亼口口从
饅	食冖二目又
餛	食日匕匕
鍐	金乂凵八夂
狎	犭甲
麾	广屮屮毛
羝	羊氏一
糲	米厂廾田厶九
憷	心木木足
煋	火日生
燚	四火
窣	穴衣十
窸	穴釆心
褡	衤艹亼口
闍	門耂
閞	門厶廾
嬗	女亠圍口日一
絵	糸人二厶
邛	工阝
玎	王丁
瑚	王十口月
琿	王冖車
玘	王巳
茈	艹止匕
藎	艹尹一火皿
椐	木尸十口
螞	虫馬
蜘	虫矢口
嗉	口丰糸
唁	口言
躚	足辵西廾卩
筮	竹工从
箜	竹穴工
瓮	公瓦
鈸	金犬丿
錮	金圍十口
鍤	金干臼
鯁	魚内攴
鰱	魚辵車
粳	米内攴
遄	辵山而
裰	衤四又
鞴	革矢用
蘩	艹𠂉母攴糸
麩	𠂹夂夫
碲	石不冖
觜	止匕𠂊用
跏	足力口
唎	口禾刂
崚	山土八夂
仵	亻午
歙	亼口习习欠
鏇	金方𠂉足
諄	言亠口子
竜	辛甲
蠲	水皿目勹虫
粞	米西
湢	氵一口田
涳	氵穴工
蟊	予丿虫虫
媲	女囟匕匕
緱	糸𠂊厂矢
繅	糸巛田木
盍	大凵皿
扦	扌千
萵	艹冎口
菪	艹宀石
棱	木土八夂
輳	車丰一大
蛞	虫舌
笤	竹刀口
傀	亻鬼
飪	食工一
胭	月圍大
謄	舟丨廾言
殳	殳
旮	九日
悻	心土半
巛	巛
埝	土亼㇕心
圯	土巳
栲	木耂丂
朮	屮丶
榊	木示申
砹	石艹乂
図	圍冫乂
跣	足之儿
邾	𠂉木阝
氚	气川
俷	亻月巴
譕	言亦廿火
瓿	丶不口瓦
潢	氵廿大日
漷	氵亠口子阝
辶	辵
禳	示衣口口甘
鬻	弓米弓一口冂八丁
綆	糸内攴
彘	彑匕矢匕
殛	歹二亻口又
堊	亞土
琵	王王匕匕
頊	王頁
拮	扌士口
枡	木斗斗
砟	石𠂉匕
骱	冎䏑亻八
笸	竹匚口
頷	亼㇕口頁
鋃	金丶艮
狻	犭厶八夂
鴇	匕十鳥
鴟	氏一鳥
邙	亡阝
悌	心弋弓
淠	氵田矢
嫫	女屮日
妣	女匕匕
餮	歹人彡食
赳	走丩
埽	土彐冖巾
圾	土𠂊又
荖	艹耂匕
薅	艹女辰寸
樗	木雨一丂
柞	木𠂉匕
欹	大丂口欠
蠼	虫目目隹又
跆	足厶口
嗐	口宀丰口
黙	田土犬火
嵯	山𠂹𠂇
牝	牛匕
怹	亻也心
鏑	金不冂口
瘛	疒丰刀心
巻	米廾巳
懌	心目土半
瀞	氵生井爪尹
漵	氵亼木攴
漈	氵䏑又示
滂	氵凡方
繻	糸雨而
糶	止凵米习习隹
嫘	女田糸
橛	木厂大下欠
骺	冎䏑𠂆口
笊	竹爪
倀	亻長
倜	亻用口
皈	白厂又
鈳	金丂口
鯛	魚用口
怙	心十口
滹	氵虎爪丁
蔠	艹糸夂冫
撃	車殳手
槁	木亠口冂口
酃	雨口口口阝
奩	大匚三口
鴯	而鳥
郾	匚日女阝
畋	田攴
髀	冎䏑鬼十
穰	禾衣口口甘
獗	犭厂大下欠
謅	言𠂇艹
癭	疒貝貝女
羰	羊山𠂇火
愴	心亼户口
窬	穴亼月巛
嬿	女廿北口火
砉	丰石
抉	扌コ又
莩	艹爪子
迣	辵廿乚
柩	木匚𠂊丶
蚰	虫由
螳	虫八宀口土
蛑	虫厶牛
咆	口勹巳
篋	竹匚亦人
価	亻西
翕	亼口习习
郄	乂乂厶阝
朐	月丩口
夤	夕矢圍
窳	穴瓜瓜
劼	士口力
踅	扌斤足
蘧	艹辵虎豕
杼	木予
磽	石土土土兀
鳪	卜鳥
蚋	虫内
跗	足亻寸
侔	亻厶牛
艚	舟東東甘
郇	勹日阝
裎	衤口亻土
冢	冖豕
陔	阝兀彑
埵	土𠂹土
瑭	王广尹口
醺	酉東火
喟	口田月
咐	口亻寸
蜚	非虫
旯	日九
嶙	山米癶
甥	生田力
篾	竹目戈人
皤	白釆田
敫	白方攴
鵜	弋弓鳥
洄	氵圍口
裟	氵小丿衣
弭	弓耳
媾	女魚魚
緡	糸巳七日
莨	艹丶艮
櫺	木雨口口口
霹	雨尸口辛
邳	不一阝
蟪	虫東厶心
歳	止戊一小
蚣	虫公
跎	足宀匕
呉	口乚廾
嶝	山癶豆
嶁	山婁
郃	亼口阝
貘	豸屮日
読	言凵冖儿
紶	糸大凵
婞	女土半
靑	丰冂丨一
苾	艹弋八
霑	雨氵卜口
蝽	虫丰日
犧	牛羊禾戈丂
恂	心勹日
夬	コ又
翮	一口冂八丁习习
両	一巾凵
邴	一内阝
玠	王亻八
蕤	艹豕生
鷯	一火日小鳥
蚱	虫𠂉匕
趵	足勹丶
帰	刂彐冖巾
罟	网十口
矍	目目隹又
峋	山勹日
嶋	山鳥
髏	冎䏑婁
嚳	廾乂乂冖牛口
皁	白十
齎	齊貝
萆	艹鬼十
槔	木白大十
磴	石癶豆
蟣	虫幺幺戈人
畛	田人彡
岈	山牙
犍	牛廴彐キ
釤	金彡
臃	月亠阝隹
譖	言旡旡日
廛	广田土八土
愎	心𠂉日夂
茚	艹臼卩
軛	車厂卩
匴	匚竹目廾
曩	日衣口口甘
暾	日亠口子攴
罱	网南
岵	山十口
畬	亼木田
粢	二欠米
庀	广匕
湎	氵頁圍
鐾	尸口辛金
総	糸公心
炱	厶口火
墻	土𠂹圍口
摜	扌母貝
苜	艹目
硨	石車
錁	金田木
窆	穴丿之
聴	耳十目心
瑠	王卯田
搧	扌戶习习
藿	艹雨隹
薱	艹业羊寸
葰	艹亻厶八夂
茭	艹大乂
菑	艹巛田
霎	雨辛女
蛺	虫亦人
蜿	虫宀夕卩
昃	日厂人
簸	竹其皮
佹	亻𠂊厂卩
儕	亻齊
剣	亼口人刂
艋	舟子皿
齏	齊非一
鶿	䒑幺幺鳥
炆	火文
惋	心宀夕卩
湓	氵八刀皿
褆	衤日圍止
蓁	艹丰禾
萣	艹宀圍止
柊	木夂冫
泅	氵圍人
紱	糸犬丿
擯	扌宀一㐄貝
搡	扌三又木
帯	廿丨冖巾
酹	酉爪寸
雩	雨一丂
靂	雨厂禾禾止
兕	圍凵儿
帙	巾手丶
簌	竹木口欠
穂	禾東心
僂	亻婁
鄱	釆田阝
獍	犭言甘儿
廩	广亠圍口禾
瀠	氵火火冖糸
韝	㐄口㐄魚魚
顙	三又木頁
綈	糸弋弓
堝	土冎口
辻	辵十
蔵	艹戊臣
晷	日夂卜口
筇	竹工阝
賃	亻工一貝
鐙	金癶豆
脒	月米
炻	火石
泔	氵甘
専	東寸
墀	土尸水牛
挈	丰刀手
玹	王亠幺
騅	馬隹
嘏	十口厂二彐又
蓽	艹田其
転	車二厶
弍	弋二
蟯	虫土土土兀
圏	圍米廾巳
豊	曲豆
衄	丿皿彐丨
儻	亻八宀口囪火火
狆	犭中
痤	疒从土
塋	火火冖土
煢	火火冖乙十
惇	心亠口子
溲	氵申又
鷚	习习人彡鳥
丌	几
掾	扌彑豕
萩	艹禾火
崤	山乂乂月
仃	亻丁
倗	亻月月
鈁	金方
艏	舟八頁
狷	犭口月
肷	月欠
鯖	魚生井
麋	鹿米
逶	辵禾女
辺	辵刀
縲	糸田糸
絎	糸行
銎	工凡金
鞔	革爲儿
櫨	木虎田皿
瓠	大一丂瓜
蚯	虫丘
圇	圍亼冊
圊	圍生井
蹕	足田其
罨	网大申
簹	竹八宀口田
簋	竹艮皿
氘	气刂
邉	辵自穴口
徦	彳厂二彐又
艄	舟小月
煺	火辵食
泚	氵止匕
湝	氵匕匕白
褳	衤辵車
璠	王釆田
夼	大川
蠕	虫雨而
蹼	足业廾
暌	日癶一大
眇	目小丿
儐	亻宀一㐄貝
鈽	金攴巾
釙	金卜
詆	言氏一
馘	八頁戈口一
襦	衤雨而
遢	辵日习习
逡	辵厶八夂
婼	女艹𠂇口
縟	糸辰寸
鬲	一口冂八丁
殫	歹口口甲一
螫	大火攴虫
騕	馬西女
藶	艹厂禾禾止
酩	酉夕口
砘	石一屮
戢	口耳戈
噦	口止戊一㐄
躂	足辵土羊
跩	足申丿
旰	日干
篳	竹田其
鍑	金𠂉日夂
鎪	金申又
脳	月囟
鴝	丩口鳥
応	广心
愬	大下月心
滎	火火冖水
濞	氵自田矢
窶	穴婁
穸	穴夕
弾	弓⺍甲一
薍	艹爪幺冂又乚
蔟	艹方𠂉矢
蕖	艹氵工コ木
硭	石艹亡
吲	口弓丨
氙	气山
璺	廾凡口冖王丶
鷦	隹火鳥
徂	彳且
錆	金生井
刎	勿刂
燔	火釆田
洸	氵火儿
瀵	氵米其廾
宬	宀戊㇕
綪	糸生井
玦	王コ又
蔞	艹婁
繋	車殳糸
榿	木山豆
硇	石囟
跬	足土土
牸	牛宀子
簑	竹衣冉
仮	亻厂又
傛	亻穴公
辵	辵
舾	舟西
颺	凡虫日一勿
膾	月亼囪甘
憮	心亦廿火
泐	氵阝力
褸	衤婁
衽	衤工一
闘	門豆寸
擘	尸口辛手
綞	糸𠂹土
縑	糸禾禾彐
鵡	戈止鳥
玢	王八刀
喥	口广廿又
笹	竹廿乚
篔	竹口貝
餞	食戈戈
錟	金火火
舯	舟中
隈	阝田衤
戞	頁戈
薤	艹歹非一
剽	西示刂
僰	木冂木冂人
枇	木匕匕
砝	石大凵
劌	止戊一㐄刂
蟈	虫圍戈口一
囹	圍亼卩
罾	网八囪甘
笓	竹匕匕
佧	亻上卜
俜	亻由丂
仡	亻气
儋	亻𠂊厂八言
舳	舟由
胙	月𠂉匕
愜	心匚亦人
沬	氵二木
潒	氵爲豕
瀼	氵衣口口甘
鄆	冖車阝
叚	厂二彐又
隠	阝爪彐心
垓	土兀彑
枸	木丩口
蝟	虫田月
秫	禾屮丶
笶	竹矢
餑	食十冖子
愆	行氵心
猊	犭臼儿
詛	言且
瘩	疒艹亼口
疥	疒亻八
迢	辵刀口
隰	阝日幺幺火
畚	厶大田
甏	南豆彡瓦
堠	土𠂊厂矢
醅	酉丶不口
椛	木艹亻匕
輅	車夂口
梃	木廴亻土
霊	雨二业
曌	日月穴工
舎	人土口
涘	氵厶矢
哿	力口丂口
珙	王廿廾
葚	艹甘匚八
蒝	艹厂白小
萑	艹隹
櫝	木凵网貝
蚺	虫冉
螄	虫丿㠯一巾
蚍	虫匕匕
嶇	山匚三口
幗	巾圍戈口一
筌	竹人王
鵂	亻木鳥
鴒	亼卩鳥
謳	言匚三口
痌	疒凡口
愾	心气米
捯	扌至刂
摭	扌广廿火
葜	艹丰刀大
榦	十日十人木
藁	艹亠口冂口木
醢	酉𠂇口皿
喞	口白匕卩
屼	山兀
烀	火爪丁
繴	尸口辛糸
紇	糸气
絯	糸兀彑
坼	土广下
柟	木冉
巰	一巛工了川
鬯	米凵匕
鐠	金立立日
鯃	魚二乂口
糅	米予丿木
嫗	女匚三口
鬨	鬥廿廾
嶅	凵方攴山
騮	馬卯田
莠	艹禾㇕丿
茳	艹氵工
暁	日屮兀
偅	亻亻東土
錡	金大丂口
鏹	金弓口虫
亀	龜
鶼	禾禾彐鳥
烜	火二日
湁	氵扌亼口
袼	衤夂口
甓	尸口辛瓦
乸	也母
紾	糸人彡
螂	虫丶艮阝
暹	辵日隹
帔	巾皮
佾	亻八月
肜	月彡
胳	月夂口
瘠	疒⺍人月
翥	耂习习
聃	耳冉
髟	長彡
栢	木一白
酡	酉宀匕
櫧	木言耂
杷	木巴
篠	竹亻丨攴木
箛	竹子瓜
鋏	金亦人
鐓	金亠口子攴
凪	凡止
颶	凡虫目廾
糀	米艹亻匕
淰	氵亼㇕心
滃	氵公习习
済	氵齊
湴	氵立立
鷥	糸糸鳥
琯	王宀㠯
卌	一刂刂
艨	舟艹冖一豕
誃	言夕夕
慄	心西木
鵓	十冖子鳥
薷	艹雨而
萢	艹氵勹巳
楛	木艹十口
櫬	木辛木見
柁	木宀匕
黠	囪火火士口
迕	辵午
観	𠂉一隹見
稲	禾爪臼
俓	亻一巛工
鵯	鬼十鳥
偓	亻尸至
鄯	羊言阝
悕	心乂乂巾
悩	心囟
澪	氵雨亼卩
滏	氵攴王八
寛	宀艹見
襝	衤亼口口从
険	阝亼口人
醵	酉虎豕
碣	石日勹亡
晡	日甫
矬	矢从土
篼	竹白卯儿
徉	彳羊
舴	舟𠂉匕
鷄	爪幺大鳥
胩	月上卜
狒	犭弓刂
訳	言尸丶
麂	鹿几
忉	心刀
蓜	艹酉巳
囔	口一中冖口口甘衤
躒	足白幺幺木
唦	口氵小丿
噉	口彑攴
畎	田犬
乗	千艹木
毽	毛廴彐キ
脿	月衣毛
忔	心气
熸	火旡旡日
湉	氵心舌
緶	糸亻内攴
孌	言糸糸女
纛	丰母目木丿糸
荘	艹爿士
豳	豕豕山
幄	巾尸至
徼	彳白方攴
猖	犭日日
鰩	魚䏑午凵
癍	疒王文王
悱	心非
湞	氵卜貝
孱	尸三子
謦	南厂殳言
柙	木甲
雫	雨下
嚧	口虎田皿
瞠	目八宀口土
覬	山豆見
侏	亻𠂉木
戧	亼户口戈
効	大乂力
焜	火日匕匕
屮	屮
坩	土甘
琤	王爪尹
菝	艹扌犬丿
茯	艹亻犬
蒍	艹爲
蓿	艹宀亻一白
戡	甘匚八戈
蜻	虫生井
圄	圍二乂口
筘	竹扌口
簦	竹癶豆
僨	亻屮貝
鍰	金爪一𠂇又
猾	犭冎䏑
冲	冫中
戕	爿戈
痊	疒人王
渫	氵廿乚木
洶	氵勹乂凵
迹	辵亦
疋	足
隍	阝白王
鬣	長彡巛圍乂釆
耩	耒魚魚
駅	馬尸丶
抜	扌𠂇又
揺	扌爪干凵
蓶	艹口隹
茽	艹亻中
蕹	艹亠阝隹
蓙	艹广从土
薬	艹白⺍木
槸	木土八土丸
醍	酉日圍止
轆	車鹿
麮	𠂹夂大凵
桷	木𠂊用
歴	厂木木止
尥	尤勹丶
噱	口虎豕
唿	口勿心
禸	厶九
黝	囪火火幺力
缽	午凵木一
傕	亻冖隹
従	彳䒑止
敓	公儿攴
鋝	金爪寸
蠃	龍虫
庢	广至
瘞	疒亦人土
痋	疒虫
燿	火习习隹
漃	氵宀上小又
縌	糸辵大下
郷	阝食阝
抔	扌不
椹	木甘匚八
柢	木氏一
呴	口丩口
蹉	足𠂹𠂇
銭	金二戈
鰥	魚目水
愔	心言甘
溻	氵日习习
漯	氵田糸
窀	穴一屮
堔	土网木
騸	馬戶习习
軹	車口八
貲	止匕貝
翾	目一口衤习习
鐃	金土土土兀
廋	广申又
鷓	广廿火鳥
痾	疒阝丂口
糢	米屮日
惔	心火火
襘	衤亼囪甘
陘	阝一巛工
紟	糸亼㇕
璵	王𦥑牙廾
萋	艹一尹女
豨	豕乂乂巾
崦	山大申
坌	八刀土
鯧	魚日日
恛	心圍口
洣	氵米
邂	辵𠂊用刀牛
繢	糸廾貝
廾	廾
蓍	艹耂匕日
榀	木三口
檁	木亠圍口禾
榍	木尸小月
磔	石癶木
嗏	口艹人木
峇	山亼口
岌	山𠂊又
笢	竹巳七
皛	三白
舨	舟厂又
亶	亠圍口日一
癯	疒目目隹
焼	火屮兀
滈	氵亠口冂口
滝	氵辛甲
褟	衤日习习
嫿	女彐キ田一
菥	艹木斤
菖	艹日日
栳	木耂匕
杌	木兀
椥	木矢口
桴	木爪子
螓	虫丰禾
跽	足巳心
筅	竹之儿
逭	辵宀㠯
廻	廴圍口
弖	弓一
紿	糸厶口
嚭	南豆口不口
赧	大火卩又
鋆	土勹二金
贄	土半丸貝
鬘	長彡冖二目又
騶	馬𠂇艹
葺	艹口耳
莛	艹廴亻土
酔	酉九十
検	木亼口人
呺	口口丂
敤	田木攴
幛	巾辛日
剴	山豆刂
籜	竹扌目土半
働	亻亻東土力
舥	舟巴
腙	月宀示
斎	齊示
汩	氵圍一
禤	示四习习
劦	三力
妺	女一木
媔	女頁圍
胬	女又䏑
儿	儿
玷	王卜口
琲	王非
萠	艹月月
蔇	艹食旡
栖	木西
柝	木广下
砵	石木一
嚅	口雨而
箝	竹扌甘
凭	亻工一几
佝	亻丩口
徥	彳日圍止
疔	疒丁
堍	土爲儿丶
埌	土丶艮
髑	冎䏑目勹虫
穏	禾爪彐心
僤	亻口口甲一
仫	亻丿厶
傯	亻囪心
颮	凡虫勹巳
韵	言甘勹二
翫	习习白一兀
彅	弓䒑月刂刀
嬬	女雨而
馹	馬日
檎	木亼一乂凵厶九
踊	足龴用
魡	魚勹丶
懨	心厂日月犬
澔	氵白牛口
渢	氵凡虫
幇	土土寸巾
髭	長彡止匕
珎	王竹八
虆	艹三田糸
槇	木匕目廾
囲	圍井
暀	日彳丶王
儚	亻艹目冖夕
傖	亻亼户口
偝	亻北月
糴	人米习习隹
鐔	金西日十
肭	月内
狍	犭勹巳
匐	勹一口田
謌	言丂口丂口
懐	心亠目衣
漖	氵耂子攴
獣	⺍田一口犬
鼡	⺍几キ
濆	氵屮貝
戻	戶大
陲	阝𠂹土
牁	爿丂口
繲	糸𠂊用刀牛
坻	土氏一
掟	扌宀圍止
嚏	口十冖田足
佻	亻儿⺍
敉	米攴
汸	氵方
陬	阝耳又
驂	馬三厶人彡
悊	扌斤心
薫	艹亻東土火
蕝	艹糸𠂊巴
厎	厂氏一
覘	卜口見
呰	止匕口
嗞	口䒑幺幺
鸀	目勹虫鳥
甡	生生
盥	廾水皿
躱	身㇕丿木
仳	亻匕匕
欷	乂乂巾欠
鍜	金厂二彐又
魼	魚大凵
斉	齊
慬	心廿口丰
営	⺍冖口口
栄	⺍冖木
汔	氵气
乀	丶
荽	艹爪女
桎	木至
蜞	虫其
蛸	虫小月
盱	目丁一
溷	氵圍豕
袈	力口衣
覡	工从見
攖	扌貝貝女
蝲	虫木口刂
蝂	虫爿厂又
囷	圍禾
趼	足干干
嘽	口口口甲一
簭	竹工从廾口
鐖	金幺幺戈人
脕	月爲儿
夐	𠂊穴目夂
弚	八丨弓
澥	氵𠂊用刀牛
扃	戶冋
拏	女又手
耜	耒㠯
茛	艹艮
叶	口十
喰	口食
眚	生目
徭	彳䏑午凵
胴	月凡口
觚	𠂊用瓜
繯	糸目一口衤
壢	土厂禾禾止
蒎	艹氵巛卜
靉	雨二厶爪冖心夂
樋	木辵龴用
鵪	大申鳥
蝰	虫大土土
氅	八宀口攴毛
晩	日爲儿
黥	囪火火亠口小
嵫	山䒑幺幺
贔	三貝
倶	亻目廾
鰣	魚日之寸
訐	言干
旂	方𠂉斤
斿	方𠂉子
邶	北阝
犖	火火冖牛
溦	氵長儿攴
窞	穴𠂊臼
紒	糸亻八
堞	土廿乚木
聒	耳舌
蹂	足予丿木
笂	竹丸
箹	竹糸勹丶
僬	亻隹火
猙	犭爪尹
鰈	魚廿乚木
袱	衤亻犬
遴	辵米癶
纊	糸广廿大日
紼	糸弓刂
壚	土虎田皿
愨	南殳心
駙	馬亻寸
蘀	艹扌目土半
蓐	艹辰寸
蔀	艹丶不口阝
軽	車又土
嘂	四口丩
巋	山丿㠯止彐冖巾
嵂	山彳彐キ
徴	彳山王攴
郤	八公阝
鏝	金冖二目又
瘕	疒厂二彐又
滒	氵丂口丂口
叕	四又
璫	王八宀口田
莃	艹乂乂巾
樻	木廾貝
嗾	口方𠂉矢
舄	臼烏
疸	疒日一
悝	心田土
殂	歹且
迋	辵王
墼	車凵殳土
楀	木丿虫九
奭	大一白一白
臸	至至
蜩	虫用口
鴞	口丂鳥
黼	业巾⺍甫
嵖	山木且
睺	目𠂊厂矢
侀	亻干干刂
鋱	金弋心
鉯	金厶人
塱	丶艮月土
頖	半頁
憍	心丿大口冂口
悾	心穴工
忸	心彐丨
滆	氵一口冂八丁
浭	氵内攴
潵	氵木月攴
洊	氵才子
浥	氵口巴
迡	辵尸匕
妁	女勹丶
毐	士母
捩	扌戶犬
奓	大夕夕
哫	口足
鯓	魚身
渼	氵羊大
紘	糸𠂇厶
豌	豆宀夕卩
駘	馬厶口
頼	木口頁
蹚	足八宀口土
躊	足耂工口寸
嚜	口囪火火土
毘	田匕匕
嶆	山東東甘
簬	竹足夂口
犵	犭气
鮱	魚耂匕
讞	言虎一口冂八丁犬
剤	齊刂
竑	立𠂇厶
瀡	氵阝辵𠂇月
顁	宀圍止頁
衯	衤八刀
襞	尸口辛衣
姉	女一巾
彖	彑豕
姙	女亻工一
帑	女又巾
髹	長彡亻木
揶	扌耳阝
呬	口四
瞌	目大凵皿
鼯	臼釆二乂口
猱	犭予丿木
縻	广屮屮糸
怦	心干八
忡	心中
渋	氵止⺍
洫	氵丿皿
濘	氵宀心皿丁
榖	南木殳
甍	艹目冖瓦
蒗	艹氵丶艮
櫞	木糸彑豕
蝮	虫𠂉日夂
嗼	口屮日
呪	口口儿
嶒	山八囪甘
顗	山豆頁
歓	𠂉一隹欠
龠	亼口口口冊
痍	疒大弓
懣	氵廿内内心
渟	氵亠口冖丁
褦	衤厶月匕匕
娸	女其
嬢	女衣八甘
邗	干阝
堙	土西土
抨	扌干八
蝌	虫禾斗
哘	口行
矓	目龍
臾	廾人
螣	舟丨廾虫
夌	土八夂
瑢	王穴公
鞞	革鬼十
蕓	艹雨二厶
剞	大丂口刂
綔	大一丂丿糸
囮	圍亻匕
眄	目丁乚㇕
嶈	山爿䏑寸
黐	禾人水屮乂凵厶九
懞	心艹冖一豕
湡	氵田厶九
淆	氵乂乂月
沆	氵亠几
袙	衤白
姤	女𠂆口
鬈	長彡米廾卩
酗	酉乂凵
篝	竹魚魚
穠	禾曲辰
伉	亻亠几
徜	彳八宀口
貊	豸一白
悃	心圍木
継	糸米乚
扞	扌干
蕻	艹長廿廾
蒶	艹糸八刀
唖	口亞
賅	貝兀彑
睽	目癶一大
箅	竹田矢
傜	亻䏑午凵
鏚	金戊上小
臌	月南豆竹又
犴	犭干
匍	勹甫
瘌	疒木口刂
曽	八田甘
濋	氵木木足
潕	氵亦廿火
戣	癶一大戈
姮	女二日
塄	土四方
桄	木火儿
吁	口丁一
佴	亻耳
仉	亻几
湲	氵爪一𠂇又
祓	示犬丿
紲	糸廿乚
垜	土㇕丿木
齧	丰刀齒
栫	木才子
枘	木内
権	木𠂉一隹
檞	木𠂊用刀牛
刳	大一丂刂
犒	牛亠口冂口
剰	千艹木刂
秕	禾匕匕
佌	亻止匕
鯪	魚土八夂
癘	疒廾田厶九
粄	米厂又
炘	火斤
悢	心丶艮
湅	氵木四
礽	示㇕丿
皯	皮干
薠	艹火頁
芓	艹子
喁	口田厶九
稞	禾田木
皞	白白大十
鯗	羊魚
悒	心口巴
忑	下心
縶	土半丸糸
瓘	王艹口口隹
聡	耳公心
鞚	革穴工
榎	木頁夂
槻	木夫見
鄲	口口甲一阝
黟	囪火火夕夕
鎹	金辵䒑大
濇	氵𠂹圍口
労	⺍冖力
汭	氵内
扆	戶衣
隩	阝宀米大
繐	糸東厶心
娩	女爲儿
搠	扌大下月
枵	木口丂
螈	虫厂白小
睥	目鬼十
臬	自木
傺	亻䏑又示
邠	八刀阝
鮞	魚而
鰷	魚亻丨攴木
鯇	魚宀一兀
沚	氵止
澠	氵黽
瑨	王至至日
耬	耒婁
挻	扌廴丿止
靺	革一木
葃	艹日𠂉匕
屺	山巳
迮	辵𠂉匕
脡	月廴亻土
朓	月儿⺍
痩	疒申又
巣	⺍田木
挲	氵小丿手
祆	示一大
芞	艹气
茌	艹亻士
栝	木舌
螃	虫凡方
昪	日厶廾
幘	巾丰貝
儇	亻目一口衤
獷	犭广廿大日
嫄	女厂白小
殧	歹亠口小尤
丼	井丶
墁	土冖二目又
捜	扌申又
鞨	革日勹亡
欐	木一冂丶一冂丶鹿
磡	石甘匚八力
覧	臣𠂉丶見
歔	虎丘欠
艶	曲豆𠂊巴
髎	冎䏑习习人彡
黌	廾乂乂冖廿大日
躰	身木一
鱧	魚曲豆
麈	鹿丶王
淏	氵日一大
禊	示丰刀大
烝	㇕水一火
纋	糸頁心夂
繰	糸三口木
趔	走歹刂
玡	王牙
掊	扌丶不口
蟋	虫釆心
迚	辵中
暐	日㐄口㐄
毳	三毛
儰	亻艹爲
錬	金東
鱖	魚厂大下欠
訇	勹言
汚	氵丂一
陴	阝鬼十
紑	糸不
犛	二木攴厂牛
埴	土十目
搐	扌亠幺田
藸	艹豕耂
蒛	艹午凵コ又
蕅	艹氵田厶九
軔	車刀丶
靦	頁圍見
蛯	虫耂匕
喨	口亠口冖几
黻	业巾⺍犬丿
鍚	金日一勿
凖	冫隹十
廨	广𠂊用刀牛
瘳	疒习习人彡
鶺	⺍人月鳥
滻	氵立厂生
窓	穴厶心
屨	尸彳婁
騭	阝止㐄馬
婠	女宀㠯
孥	女又子
埤	土鬼十
琊	王牙阝
晢	扌斤日
呣	口母
昜	日一勿
籀	竹扌卯田
媵	舟丨廾女
癶	癶
覿	凵网貝見
騒	馬又虫
揄	扌亼月巛
拶	扌巛夕
萏	艹𠂊臼
覇	西革月
厓	厂土土
躇	足艹耂
簀	竹丰貝
偭	亻頁圍
儡	亻三田
侘	亻宀丿七
勍	亠口小力
纀	糸亻业廾
圬	土一丂
垳	土行
搛	扌禾禾彐
楯	木𠂆丨目
椈	木勹米
尨	犬彡
銚	金儿⺍
痦	疒二乂口
懮	心頁心夂
氶	㇕水
塩	土𠂉口皿
蒨	艹亻生井
樨	木尸水牛
崕	山厂土土
巉	山爲匕匕爲儿丶
犠	牛羊手戈
笅	竹乂乂
弇	亼口廾
貅	豸亻木
舭	舟匕匕
廆	广鬼
怍	心𠂉匕
愮	心䏑午凵
悛	心厶八夂
滀	氵亠幺田
寘	宀匕目廾
夛	彐夕
彑	彑
亏	一丂
垎	土夂口
蒴	艹大下月
柃	木亼卩
鉒	金丶王
魨	魚一屮
鯡	魚非
邡	方阝
沋	氵尤
氿	氵九
絪	糸圍大
紝	糸工一
纘	糸之儿之儿貝
墠	土口口甲一
塲	土𠂉日一勿
駆	馬匚乂
撟	扌丿大口冂口
蔌	艹木口欠
瞢	艹目冖目
雱	雨方
砕	石九十
啁	口用口
岠	山工コ
簨	竹卩卩几
俉	亻二乂口
翛	亻丨攴习习
傝	亻日习习
垕	𠂆口土
艟	舟辛東土
誋	言巳心
冴	冫牙
怩	心尸匕
滉	氵日火儿
沴	氵人彡
浄	氵𠂊尹
澉	氵彑攴
衧	衤丁一
阼	阝𠂉匕
牂	爿羊
姞	女士口
垧	土宀口
逹	辵土半
栭	木而
砒	石匕匕
狃	犭彐丨
澌	氵其斤
綮	戶攴糸
趄	走且
絜	丰刀糸
掭	扌一大心
戁	廿口夫隹心
茺	艹了儿
螻	虫婁
崋	山一艹キ
覦	亼月巛見
庣	广儿⺍
烺	火丶艮
熻	火亼口习习
潸	氵木木月
沕	氵勿
褑	衤爪一𠂇又
繖	糸木月攴
孋	女一冂丶一冂丶鹿
妢	女八刀
檉	木耳口亻土
霪	雨氵爪工一
尪	尤王
崟	山金
呑	丿大口
玀	犭网糸隹
瘥	疒𠂹𠂇
怫	心弓刂
褙	衤北月
隣	阝米癶
郪	一尹女阝
耋	耂匕至
珧	王儿⺍
遘	辵魚魚
蕺	艹口耳戈
椀	木宀夕卩
剄	一巛工刂
慝	匚艹𠂇口心
嗛	口禾禾彐
牾	牛二乂口
侉	亻大一丂
倓	亻火火
脰	月豆
賸	舟丨廾貝
鰰	魚示申
憡	心竹木冂
烔	火凡口
燠	火宀米大
濊	氵止戊一㐄
遅	辵尸羊
闀	門廿廾巳
婗	女臼儿
紕	糸匕匕
殪	歹士冖豆
掤	扌月月
葸	艹田心
貰	廿乚貝
蓊	艹公习习
柈	木半
楗	木廴彐キ
划	戈刂
匜	匚也
躔	足广田土八土
伾	亻不一
瑆	王日生
皵	巛日皮
茇	艹犬丿
蕆	艹戊貝
棬	木米廾卩
簕	竹革力
傒	亻爪幺大
獼	犭弓丁八网
卆	九十
袤	衣予丿
悗	心爲儿
洑	氵亻犬
瀷	氵习习田廾人
祌	示中
褘	衤㐄口㐄
韡	㐄口㐄艹𠂹
縴	糸亠幺冖牛
瑝	王白王
葎	艹彳彐キ
椚	木門
礴	石艹氵甫寸
賻	貝甫寸
鯠	魚𠂹
鄜	鹿阝
忕	心大
屣	尸彳止止
翬	习习冖車
圷	土下
酤	酉十口
柷	木口儿
躅	足目勹虫
昺	日一内
罍	三田午凵
傋	亻魚魚
俙	亻乂乂巾
脙	月十⺍丶
肄	匕矢彐キ
麿	广屮屮口口
癔	疒言甘心
蛍	⺍冖虫
湳	氵南
濈	氵口耳戈
祅	示丿大
丮	乙キ
縁	糸彐豕
璿	王歹八人目
睚	目厂土土
癿	白乚
鱒	魚八酉寸
瘙	疒又爪虫
忪	心公
阯	阝止
娠	女辰
覯	魚魚見
蕢	艹廾貝
棼	木木八刀
欑	木之儿之儿貝
蜴	虫日勿
躕	足广南豆寸
甁	丿干丿干瓦
簰	竹爿鬼十
侳	亻从土
儴	亻衣口口甘
鄶	亼囪甘阝
鏐	金习习人彡
鰾	魚西示
迯	辵夕卜
亰	亠日小
裒	衣臼
庤	广之寸
癃	疒阝夂一生
浘	氵尸毛
扂	戶卜口
祫	示亼口
閺	門日文
臠	言糸糸䏑
挿	扌千日
棌	木爪木
歭	止之寸
蝙	虫戶冊
戥	日生戈
忮	心竹又
惈	心田木
襻	衤乂乂木木又𠂇手
褫	衤𠂆虎
禚	示羊火
掲	扌日勹匕
攛	扌穴臼釆
扱	扌𠂊又
鞎	革艮
唴	口羊儿
曚	日艹冖一豕
昳	日手丶
岼	山干八
礐	廾乂乂冖石
伋	亻𠂊又
鮀	魚宀匕
誸	言弓亠幺
庁	广丁
慲	心廿内内
慥	心辵牛口
祧	示儿⺍
褕	衤亼月巛
堥	予丿攴土
夃	㇕丿又
妧	女一兀
媺	女長儿攴
毿	三厶人彡毛
拫	扌艮
搦	扌弓冫弓冫
砢	石丂口
籐	竹舟丨廾水
穜	禾辛東土
倻	亻耳阝
癈	疒癶弓殳
漭	氵屮犬
襤	衤臣𠂉丶皿
憙	南豆口心
趫	走丿大口冂口
瑱	王匕目廾
耱	耒广屮屮石
攮	扌一中冖口口甘衤
釃	酉一冂丶一冂丶鹿
嶌	山鳥
偛	亻干臼
犽	犭牙
羑	羊𠂊丶
怏	心冂大
灄	氵三耳
洿	氵大一丂
渉	氵止小丿
潃	氵彳夂月
瀙	氵辛木見
戭	矢圍戈
袛	衤氏一
綍	糸十冖子
嫜	女辛日
弆	大凵廾
捭	扌鬼十
栱	木廿廾
蜮	虫戈口一
蜢	虫子皿
舁	臼廾
仏	亻厶
鞤	土土寸革
塝	土凡方
搣	扌戊一火
撹	扌⺍冖見
茪	艹火儿
棻	艹八刀木
酴	酉亼木
槧	車斤木
栴	木𠂉冂亠
翃	𠂇厶习习
歯	齒
嗕	口辰寸
嚌	口齊
秭	禾才乚
畠	白田
夎	从土夂
猻	犭子丿糸
譃	言虎丘
瘼	疒屮日
涜	氵凵冖儿
褓	衤亻口木
艸	屮屮
姏	女甘
垤	土至
哢	口王廾
簏	竹鹿
釢	金㇕丿
熲	匕火頁
癀	疒廿大日
鏖	鹿金
潲	氵禾小月
殠	歹自犬
堣	土田厶九
玕	王干
驫	三馬
荄	艹兀彑
薀	艹氵圍人皿
酲	酉口亻土
囫	圍勿
蹓	足卯田
罽	网厂火火刂
嶢	山土土土兀
崁	山土欠
崡	山矢凵
牤	牛亡
黧	禾丿刀囪火火
僸	亻木木示
劊	亼囪甘刂
钀	金虎一口冂八丁犬
銗	金𠂆口
腄	月𠂹土
脇	月三力
脧	月厶八夂
孳	䒑幺幺子
涬	氵土半
厳	⺍厂彑攴
涴	氵宀夕卩
襁	衤弓口虫
闅	門目攴
菤	艹米廾卩
莙	艹尹口
腠	月丰一大
腧	月亼月巛
鮪	魚𠂇月
瘰	疒田糸
疧	疒氏
疰	疒丶王
摽	扌西示
蕘	艹土土土兀
梺	木木下
檑	木雨田
輞	車网亡
霂	雨氵木
黷	囪火火凵网貝
眈	目冖儿
犤	牛网厶月匕匕
儞	亻丁八网
敍	亼木攴
衞	行㐄口一巾
飮	食卜欠
鐡	金才戈口䒑
脥	月亦人
亹	亠廾凡口冖且
膂	方𠂉从月
廃	广癶二儿
癉	疒口口甲一
愭	心耂匕日
褗	衤匚日女
衪	衤也
妯	女由
縼	糸方𠂉足
蓂	艹冖日亠八
篥	竹西木
簃	竹禾夕夕
儱	亻龍
螽	夂冫虫虫
爝	火爪四食寸
垰	土上下
堨	土日勹亡
趠	走卜日十
拝	扌一丰
鞮	革日圍止
酎	酉寸
暠	日亠口冂口
鼩	臼釆丩口
劓	自田矢刂
燐	火米癶
涗	氵公儿
漥	氵穴土土
袴	衤大一丂
襆	衤业廾
姺	女之儿
娭	女厶矢
趲	走之儿之儿貝
払	扌厶
楢	木八酉
貺	貝口儿
艤	舟羊手戈
膻	月亠圍口日一
胼	月从二
疻	疒口八
煇	火冖車
羼	尸三羊
埏	土廴丿止
珷	王戈止
珽	王廴亻土
驩	馬艹口口隹
騩	馬鬼
苖	艹由
蒢	艹阝亼木
栻	木弋工
齢	齒亼卩
喌	口口⺍川
嗿	口亼㇕貝
幪	巾艹冖一豕
嶉	山口隹
矧	矢弓丨
犦	牛日廿廾水
簷	竹𠂊厂八言
鼴	臼釆匚日女
魊	鬼戈口一
齁	自田矢丩口
偊	亻丿虫九
倞	亻亠口小
悆	亼木心
鍭	金𠂊厂矢
艂	舟夂丰
脟	月爪寸
虓	九虎
鰹	魚臣又土
褊	衤戶冊
妀	巳女
繧	糸雨二厶
縄	糸黽
綎	糸廴亻土
塏	土山豆
垍	土自
琀	王亼㇕口
蒹	艹禾禾彐
磻	石釆田
匸	匚
躓	足斤斤貝
笘	竹卜口
貔	豸囟匕匕
獮	犭丁八网
鮓	魚𠂉匕
痼	疒圍十口
汧	氵干干
涷	氵東
窅	穴目
垗	土儿⺍
瑅	王日圍止
藒	艹禾日勹亡
蓧	艹亻丨攴木
薸	艹氵西示
槙	木十目廾
椄	木辛女
礅	石亠口子攴
跂	足竹又
蹣	足廿内内
畤	田之寸
晫	日卜日十
黹	业巾⺍
賎	貝二戈
惣	牛勿心
皝	白王火儿
傞	亻𠂹𠂇
衎	行干
諵	言南
竝	立立
洢	氵亻尹
郿	尸目阝
姽	女𠂊厂卩
堷	土言甘
珵	王口亻土
捃	扌尹口
芼	艹毛
槤	木辵車
柸	木不一
梏	木牛口
忐	上心
嘓	口圍戈口一
晧	日牛口
麇	鹿禾
潗	氵隹木
陜	阝亦人
弐	戈二
赬	大火卜貝
埆	土𠂊用
玞	王夫
駄	馬大丶
薢	艹𠂊用刀牛
厜	厂𠂹土
厖	厂犬彡
劂	厂大下欠刂
匼	匚亼口
蚡	虫八刀
崶	山土土寸
勲	亻東土力火
蜑	廴丿止虫
傴	亻匚三口
儵	亻丨攴囪火火
劒	亼口口从刀丶
郛	爪子阝
颻	䏑午凵凡虫
鵺	亦夕鳥
奨	爿爪寸大
湀	氵癶一大
灉	氵巛口巴隹
矞	予丿内口
娯	女口乚廾
邽	土土阝
択	扌尸丶
苠	艹巳七
蝣	虫方𠂉子
嚗	口日廿廾水
偁	亻爪魚
狨	犭戈十
訏	言丁一
諴	言戊一口
瀣	氵歹又非一
綝	糸木木
堎	土土八夂
壱	士冖匕
聹	耳宀心皿丁
捔	扌𠂊用
菍	艹亼㇕心
杮	木一巾
勅	木口力
輊	車至
栃	木𠂆一力
磙	石衣公
齮	齒大丂口
罣	四土土
瞴	目亦廿火
飳	食丶王
譫	言𠂊厂八言
遹	辵予丿内口
翯	习习亠口冂口
繍	糸尹川米
堧	土而大
捊	扌爪子
掮	扌戶月
恧	而心
蜾	虫田木
咥	口至
辿	辵山
詀	言卜口
蘾	艹土衣目水
蘞	艹亼口口从攴
樫	木臣又土
睃	目厶八夂
頲	廴亻土頁
怓	心女又
禔	示日圍止
禘	示不冖
弸	弓月月
繘	糸予丿内口
莰	艹土欠
棈	木生井
棤	木巛日
楩	木亻内攴
枹	木勹巳
郫	鬼十阝
偟	亻白王
脽	月隹
獊	犭亼户口
膷	月阝食阝
粺	米鬼十
掎	扌大丂口
靷	革弓丨
菉	艹彐水
橀	木了川皿
碥	石戶冊
躑	足八酉大阝
跕	足卜口
褁	田木衤
顕	日业頁
鷡	亦廿火鳥
甃	禾火瓦
篨	竹阝亼木
倷	亻大示
偍	亻日圍止
鶲	公习习鳥
瓞	瓜手丶
獴	犭艹冖一豕
鮇	魚二木
炰	勹巳火
糬	米网耂
焮	火斤欠
泙	氵干八
挙	⺍廾手
洚	氵夂㐄
祔	示亻寸
闓	門山豆
玗	王丁一
挵	扌王廾
棓	木丶不口
篚	竹匚非
銕	金大弓
瘵	疒䏑又示
惛	心氏日
棨	戶攴木
駸	馬彐冖又
揵	扌廴彐キ
萭	艹丿虫九
藠	艹三白
蔿	艹爲
藦	艹广屮屮手
榯	木日之寸
斝	口口冖斗
暍	日日勹亡
賥	貝衣十
舲	舟亼卩
狚	犭日一
鰕	魚厂二彐又
怱	囪心
讃	言夫夫貝
癧	疒厂禾禾止
瘐	疒廾人
渃	氵艹𠂇口
浡	氵十冖子
涢	氵口貝
渕	氵䒑大刂
衶	衤中
擐	扌目一口衤
挼	扌爪女
莕	艹木口
葥	艹䒑月刂
栯	木𠂇月
桕	木臼
蚷	虫工コ
咡	口耳
篌	竹𠂊厂矢
俥	亻車
脭	月口亻土
狁	犭厶儿
鯔	魚巛田
訞	言丿大
埫	土八宀口
摛	扌屮乂凵厶九
苨	艹尸匕
厰	厂八宀口攴
尰	尤亻東土
躞	足言火火又
囃	口衣木隹
婓	非女
偢	亻禾火
鉶	金干干刂
钁	金目目隹又
舺	舟甲
狌	犭生
頩	从二頁
憱	心亠口小尤
隉	阝臼土
翋	习习立
姁	女丩口
嫋	女弓冫弓冫
喤	口白王
眳	目夕口
釭	金工
鋂	金𠂉母
洀	氵舟
湇	氵立月
祏	示石
墘	土十日十气
逜	辵二乂口
捽	扌衣十
揎	扌宀二日
轌	車雨彐
轢	車白幺幺木
吷	口コ又
倂	亻丿干丿干
飜	釆田乙冫丿刂乙乙冫
釈	釆尸丶
臑	月雨而
猹	犭木且
竷	辛日夂㐄夂
瘽	疒廿口丰
淯	氵了月
宍	宀亠八
裃	衤上下
袘	衤𠂉也
嬶	女自田矢
嬾	女木口刀貝
絘	糸二欠
蓇	艹冎䏑
茖	艹夂口
朢	臣月王
啕	口勹午凵
賍	貝广土
稃	禾爪子
籣	竹門木四
脤	月辰
鮚	魚士口
鮐	魚厶口
鳽	干干鳥
堽	土网圍止
縠	南糸殳
苳	艹夂冫
樿	木口口甲一
匰	匚口口甲一
蜊	虫禾刂
帴	巾戈戈
嵎	山田厶九
伀	亻公
盦	亼㇕酉皿
凮	凡白
颸	凡虫田心
厹	九厶
惝	心八宀口
溽	氵辰寸
涊	氵刀丶心
婥	女卜日十
珦	王宀口
輜	車巛田
碹	石宀二日
鯝	魚圍十口
綀	糸木口
縡	糸宀辛
栞	干干木
殢	歹廿儿冖巾
拠	扌夂几
搌	扌尸工衤
遰	辵廿儿冖巾
爇	艹土八土丸火
韁	革三田田
轔	車米癶
橪	木䏑犬火
煕	臣巳火
蝳	虫丰母
蜉	虫爪子
嗩	口小貝
噍	口隹火
啍	口亠口子
髃	冎䏑田厶九
盉	禾皿
猁	犭禾刂
匂	勹匕
痃	疒亠幺
懆	心三口木
惓	心米廾卩
渱	氵虫工
浛	氵亼㇕口
祊	示方
祤	示习习
閟	門弋八
娖	女口止
繦	糸弓口虫
坫	土卜口
珛	王𠂇月
珹	王戊㇕
揲	扌廿乚木
攠	扌广屮屮非
扠	扌又丶
茩	艹𠂆口
茀	艹弓刂
巘	山虎一口冂八丁犬
鋩	金艹亡
錧	金宀㠯
遯	辵月豕
脬	月爪子
鮂	魚圍人
廒	广凵方攴
怭	心弋八
皕	一白一白
垝	土𠂊厂卩
垵	土宀女
搢	扌至至日
攄	扌虎田心
拡	扌广厶
鞐	革上下
蟿	車凵殳虫
暦	厂木木日
晄	日火儿
眛	目二木
罥	网口月
罠	网巳七
嶵	山网非
啎	午二乂口
筰	竹亻𠂉匕
簩	竹火火冖力
僛	亻其欠
俍	亻丶艮
龢	亼口口口冊禾
彴	彳勹丶
舢	舟山
臓	月艹戊臣
毞	匕匕毛
豋	䏑又豆
庨	广耂子
緳	广丰刀糸
羕	羊巛亻
愯	心隹又
欻	火火欠
懠	心齊
悰	心宀示
溂	氵木口刂
滵	氵宀弋八山
禋	示西土
祾	示土八夂
冘	冖儿
冞	冖米
臦	臣臣
墬	阝彑豕土
縸	糸屮日
鬏	長彡禾火
椇	木目廾
蠑	虫火火冖木
賕	貝十⺍丶
臢	月之儿之儿貝
悈	心戈廾
忭	心亠卜
瓅	王白幺幺木
藾	艹木口刀貝
苶	艹人小
杻	木彐丨
噭	口白方攴
唼	口辛女
峠	山上下
笵	竹氵卩
偰	亻丰刀大
谻	八公乙キ
餠	食丿干丿干
巟	亡川
凘	冫其斤
麤	三鹿
纇	米糸頁
悧	心禾刂
溘	氵大凵皿
寑	宀亻彐冖又
彠	彐工口寸䒑隹又
陥	阝𠂊臼
弶	弓亠口小
荍	艹丩攴
桫	木氵小丿
昻	日工卩
鎛	金甫寸
鈏	金弓丨
鵟	犭王鳥
廑	广廿口丰
垞	土宀丿七
騑	馬非
騲	馬艹日十
莁	艹工从
醑	酉足月
彯	西示彡
霙	雨艹冂大
雰	雨八刀
跢	足夕夕
甽	田川
黢	囪火火厶八夂
斁	目土半攴
盻	目八丂
睒	目火火
秪	禾氏一
僈	亻冖二目又
虒	𠂆虎
膮	月土土土兀
胲	月兀彑
觔	𠂊用力
忞	文心
謧	言屮乂凵厶九
冱	冫二丩
怞	心由
悇	心亼木
漻	氵习习人彡
縕	糸圍人皿
妘	女二厶
婻	女南
紵	糸宀丁
矻	石气
呫	口卜口
蹁	足戶冊
曀	日士冖豆
籦	竹金亻東土
傌	亻馬
鉏	金且
脞	月从土
鯷	魚日圍止
鰉	魚白王
庳	广鬼十
恉	心匕日
冖	冖
檗	尸口辛木
瞀	予丿攴目
絿	糸十⺍丶
隷	凵示尹⺍
鵐	工从鳥
垙	土火儿
墦	土釆田
瑧	王丰禾
鞡	革扌立
莅	艹亻立
軺	車刀口
郕	戊㇕阝
齕	齒气
蟳	虫彐工口寸
嶮	山亼口口从
徧	彳戶冊
瘊	疒𠂊厂矢
慓	心西示
溍	氵至至日
沄	氵二厶
灡	氵艹門木四
渇	氵日勹匕
濧	氵业羊寸
泆	氵手丶
溞	氵又爪虫
屛	尸丿干丿干
姌	女冉
縗	糸衣冉
綅	糸彐冖又
楳	木甘木
朿	木冂
旼	日文
瞍	目申又
鍉	金日圍止
銛	金舌
鮠	魚𠂊厂卩
詷	言凡口
潟	氵臼烏
泇	氵力口
孅	女从戈非一
瑊	王戊一口
駰	馬圍大
抃	扌亠卜
葖	艹穴犬
楅	木一口田
酺	酉甫
棶	木𠂹
輠	車田木
椑	木鬼十
枠	木九十
楤	木囪心
黶	厂日月犬囪火火
虷	虫干
吪	口亻匕
屴	山力
簠	竹甫皿
皜	白亠口冂口
儗	亻旡大牛止
臒	月䒑隹又
猢	犭十口月
膬	月三毛
瘯	疒方𠂉矢
恅	心耂匕
粋	米九十
裀	衤圍大
襜	衤𠂊厂八言
閦	門三人
剟	四又刂
恝	丰刀心
蒻	艹弓冫弓冫
唪	口丰キ
踺	足廴彐キ
欥	日欠
嵁	山甘匚八
眙	目厶口
氕	气丿
譾	言䒑月刂习习
迉	辵尸
絧	糸凡口
賛	夫夫貝
頬	大䒑頁
耵	耳丁
瑒	王日一勿
藨	艹鹿火
圀	圍八方
踣	足丶不口
嘚	口彳貝寸
黰	囪火火匕目廾
崱	山貝刂
鼽	自田矢九
粍	米毛
瑬	氵了川王丶
瀍	氵广田土八土
戽	戶斗
閖	門水
弝	弓巴
揃	扌䒑月刂
櫌	木頁心夂
鱺	魚一冂丶一冂丶鹿
觖	𠂊用コ又
豇	豆工
趧	走日圍止
慹	土半丸心
珸	王二乂口
毦	耳毛
擗	扌尸口辛
蔕	艹廿儿冖巾
蔱	艹乂屮殳
棫	木戈口一
轤	車虎田皿
柎	木亻寸
硏	石干干
礌	石雨田
磉	石三又木
敺	匚三口攴
蹀	足廿乚木
躪	足艹門隹
晥	日宀一兀
罶	网卯田
犝	牛辛東土
秖	禾氏
倴	亻走止
牮	亻弋牛
僗	亻火火冖力
頠	𠂊厂卩頁
焔	火𠂊臼
熀	火日火儿
袽	衤女口
鄩	彐工口寸阝
弳	弓一巛工
嫪	女习习人彡
枒	木牙
燹	豕豕火
瘑	疒冎口
焌	火厶八夂
泂	氵冋
潚	氵尹亞一
奡	頁大刂
殈	歹丿皿
琭	王彐水
攉	扌雨隹
萉	艹月巴
楱	木丰一大
檟	木西貝
輶	車八酉
啢	口一内内
慁	圍豕心
圐	圍四方
踽	足丿虫九
跘	足半
喦	三口山
暅	日心二日
幓	巾三厶人彡
瞹	目爪冖心夂
皊	白亼卩
鐚	金亞心
鑴	金山隹内口
舡	舟工
鱲	魚巛圍乂釆
鄘	广尹用阝
洘	氵耂丂
洈	氵𠂊厂卩
襌	衤口口甲一
躄	尸口辛足
媦	女田月
婸	女日一勿
坏	土不
坶	土母
撙	扌八酉寸
艼	艹丁
蒠	艹自心
蒺	艹疒矢
栁	木夕卩
碏	石巛日
虸	虫子
躦	足之儿之儿貝
棐	非木
幬	巾耂工口寸
够	丩口夕夕
恓	心西
汒	氵亡
袗	衤人彡
圣	又土
殙	歹氏日
敔	二乂口攴
摰	土八土丸手
趯	走习习隹
擭	扌䒑隹又
撚	扌䏑犬火
鄀	艹𠂇口阝
蘘	艹衣口口甘
蒟	艹立丩口
蒄	艹冖一兀寸
覅	西女勿
猋	三犬
敊	上小攴
敹	卜冖釆攴
跐	足止匕
羉	四言糸糸
崥	山鬼十
歃	干臼欠
鍈	金艹冂大
凧	凡巾
颭	凡虫卜口
膰	月釆田
鰺	魚三厶人彡
烠	火𠂇月
燋	火隹火
鵷	宀夕卩鳥
娷	女𠂹土
繺	幺𠂊彐攴火
繶	糸言甘心
墚	土氵刀八木
琁	王𠂉足
晛	日見
帡	巾从二
筲	竹小月
餤	食火火
訬	言小丿
瘖	疒言甘
陊	阝夕夕
頇	干頁
鬺	一口冂八丁𠂉日一勿
璈	王凵方攴
璆	王习习人彡
莿	艹木冂刂
蒤	艹氵亼木
醐	酉十口月
蜍	虫亼木
啀	口厂土土
餥	非食
暎	日艹冂大
畯	田厶八夂
幏	巾宀豕
皦	白白方攴
僇	亻习习人彡
瓟	瓜勹巳
褩	舟殳衣
鯸	魚𠂊厂矢
爣	火八宀口囪火火
潩	氵田廾人
襴	衤門木四
褌	衤冖車
塈	食旡土
纆	糸囪火火土
縦	糸彳䒑止
垪	土从二
蓱	艹氵从二
遝	辵目水
眴	目勹日
筭	竹王廾
稂	禾丶艮
鮦	魚凡口
謚	言水皿
殍	歹爪子
墈	土甘匚八力
堌	土圍十口
垀	土爪丁
玊	王丶
顢	廿内内頁
韂	革𠂊厂八言
芿	艹亻㇕丿
喒	口夂卜日
噰	口亠阝隹
噂	口八酉寸
曵	申丿丶
晙	日厶八夂
巂	山隹内口
箢	竹宀夕卩
鼢	臼釆八刀
俛	亻爲儿
餖	食豆
鋀	金豆
鋐	金宀𠂇厶
憓	心東厶心
憺	心𠂊厂八言
綷	糸衣十
紞	糸冖儿
擿	扌辵不冂口
韮	艹非一
蕣	艹爪冖癶
朸	木力
蹯	足釆田
仭	亻刀丶
鏾	金木月攴
臗	月宀艹見丶
痏	疒𠂇月
誾	門言
蝥	予丿攴虫
貮	戈貝
摋	扌乂屮殳
葍	艹一口田
遖	辵南
靬	革干
蕡	艹屮貝
蒡	艹凡方
蕷	艹予頁
輇	車人王
剗	戈戈刂
掔	臣又手
蚿	虫亠幺
咮	口𠂉木
鶡	日勹亡鳥
秏	禾毛
毪	毛厶牛
傉	亻辰寸
儽	亻三田糸
皐	白⺍十
僋	亻亼㇕貝
鉐	金石
鉱	金广厶
猄	犭亠口小
鱓	魚口口甲一
鰯	魚弓冫弓冫
鷟	方𠂉矢鳥
癙	疒臼釆
怳	心口儿
燂	火西日十
洓	氵木冂
淛	氵牛巾刂
渓	氵爪夫
褖	衤彑豕
冦	冖一兀攴
巹	㇕水一巳
阨	阝厂卩
纚	糸一冂丶一冂丶鹿
碃	石生井
磲	石氵工コ木
蹖	足丰臼
唶	口巛日
呾	口日一
踟	足矢口
岍	山干干
劁	隹火刂
銤	金米
猰	犭丰刀大
訌	言工
濩	氵䒑隹又
塨	土廿廾心
靸	革𠂊又
菳	艹金
薿	艹旡大牛止
槄	木爪臼
鄠	雨一丂阝
蟥	虫廿大日
晻	日大申
睆	目宀一兀
穊	禾食旡
鞗	亻丨攴革
侅	亻兀彑
貑	豸厂二彐又
艅	舟亼木
憝	亠口子攴心
譹	言亠口冖豕
羮	羊火丰
鄫	八囪甘阝
懽	心艹口口隹
糨	米弓口虫
燏	火予丿内口
袨	衤亠幺
毣	习习毛
嫽	女一火日小
抮	扌人彡
嚆	口艹亠口冂口
眊	目毛
眕	目人彡
眵	目夕夕
瞷	目門日
箖	竹木木
釿	金斤
鱝	魚屮貝
皸	冖車皮
嫻	女門木
瓨	工瓦
騍	馬田木
揠	扌匚日女
鶾	十日十𠂉鳥
菧	艹广氏一
轕	車艹日勹亡
樛	木习习人彡
犮	犬丿
甗	虎一口冂八丁瓦
蟜	虫丿大口冂口
蟓	虫爲豕
嗢	口日皿
昣	日人彡
嫳	巾⺍攴女
嶪	山业木
箶	竹十口月
箙	竹月卩又
仱	亻亼㇕
狳	犭亼木
猟	犭⺍几キ
狖	犭穴
嚲	亠口子口口甲一
諝	言足月
廙	广田廾人
潽	氵立立日
寖	宀氵彐冖又
縩	糸䏑又示
墺	土宀米大
扐	扌力
栘	木夕夕
圁	圍言
曨	日龍
鼷	臼釆爪幺大
眢	夕卩目
諆	言其
絰	糸至
剅	豆刂
藟	艹三田
薡	艹目爿爿
輐	車宀一兀
迍	辵一屮
岞	山𠂉匕
熈	丿臣巳火
牓	爿凡方
郈	𠂆口阝
錼	金大示
脁	月儿⺍
敻	𠂊穴目攴
欬	兀彑欠
潅	氵𠂉一隹
洨	氵大乂
寃	宀爲儿丶
頞	宀女頁
窊	穴瓜
臩	臣臣大刂
焄	尹口火
茻	四屮
摂	扌耳⺍
枻	木廿乚
晅	日二日
侁	亻之儿
銍	金至
猞	犭亼十口
讌	言廿北口火
汋	氵勹丶
艴	弓刂𠂊巴
妬	女石
嚢	一中冖八甘衤
遶	辵土土土兀
斲	卯亞斤
髫	長彡刀口
蓰	艹彳止止
桲	木十冖子
椆	木用口
羍	大羊
厗	厂辛
勔	頁圍力
蝻	虫南
喍	口止匕木
嶲	山隹冂凵
敳	山豆攴
嶰	山𠂊用刀牛
瞵	目米癶
矊	目糸白巾
牥	牛方
嶨	廾乂乂冖山
擧	𦥑牙廾手
僽	亻禾火心
侂	亻广丿七
魵	魚八刀
邅	辵亠圍口日一
醤	爿爪寸酉
慠	心凵方攴
煓	火山而
熥	火辵龴用
沷	氵犬丿
沘	氵匕匕
瀯	氵火火冖口口
疎	足木口
妠	女内
妭	女犬丿
緵	糸乂凵八夂
霅	雨言
昫	日丩口
嶔	山金欠
僩	亻門月
鍠	金白王
猦	犭凡虫
縢	舟丨廾糸
膣	月穴至
諲	言西土
淜	氵月月
墝	土土土土兀
覩	耂見
璪	王三口木
莵	艹爲儿丶
蔤	艹宀弋八山
榼	木大凵皿
醾	酉广屮屮米
椌	木穴工
牻	牛犬彡
酇	之儿之儿貝阝
穭	禾魚日
侹	亻廴亻土
倧	亻宀示
粔	米工コ
炟	火日一
焠	火衣十
沇	氵厶儿
窋	穴止凵
孲	子亞
暋	巳七攴日
姱	女大一丂
綼	糸鬼十
荸	艹十冖子
萯	艹𠂊貝
桯	木口亻土
筬	竹戊㇕
泝	氵广下
塅	土厂三殳
埶	土八土丸
盩	土半攴皿
玶	王干八
駔	馬且
驌	馬尹亞一
掫	扌耳又
硜	石一巛工
螵	虫西示
蠋	虫目勹虫
圌	圍山而
塁	田⺍土
罫	四土土卜
罝	网且
骹	冎䏑大乂
簳	竹十日十人干
筦	竹宀一兀
倢	亻一彐止
偨	亻止匕木
儹	亻之儿之儿貝
俤	亻弋弓
腷	月一口田
狛	犭白
肸	月八十
顚	匕目廾頁
廌	豸豸
瘝	疒目水
澣	氵十日十人干
漎	氵從
賨	宀示貝
岊	巴山
媥	女戶冊
趑	走二欠
鞬	革廴彐キ
蝀	虫東
嚥	口廿北口火
嚫	口辛木見
贐	貝尹一火皿
傃	亻丰糸
偞	亻廿乚木
歛	亼口口从欠
鈃	金干干
鏷	金业廾
鈩	金戶
谿	爪幺大八公
讘	言三耳
頏	亠几頁
塭	土日皿
埇	土龴用
耟	耒工コ
掞	扌火火
鞁	革皮
茝	艹臣
苅	艹乂刂
輣	車月月
衊	丿皿艹目戈人
筊	竹大乂
偩	亻𠂊貝
侭	亻尸丶冫
獏	犭屮日
狴	犭匕匕土
鄮	卯貝阝
鱠	魚亼囪甘
廯	广魚羊
溚	氵艹亼口
鵼	穴工鳥
祂	示也
粛	尹川米
屓	尸貝
翭	习习𠂊厂矢
娀	女戈十
綖	糸廴丿止
玭	王匕匕
晊	日至
盳	目亡
簻	竹辵冎口
簜	竹氵日一勿
儜	亻宀心皿丁
鏻	金米癶
漶	氵中中心
垾	土日干
墽	土白方攴
塡	土匕目廾
駺	馬丶艮
摐	扌從
撖	扌彑攴
劐	䒑隹又刂
櫙	木艹匚三口
輖	車用口
孁	雨口口口女
齵	齒田厶九
蝤	虫八酉
蚆	虫巴
蹍	足尸工衤
躐	足巛圍乂釆
跼	足尸㇕口
囅	口口甲一尸工衤
唅	口亼㇕口
畳	田冖且
秬	禾工コ
秡	禾犬丿
錞	金亠口子
钃	金尸水目勹虫
獪	犭亼囪甘
腃	月米廾卩
龒	龍示
糈	米足月
惉	氵卜口心
澴	氵目一口衤
禖	示甘木
賮	尹一火貝
繊	糸才戈业
莇	艹且力
礓	石三田田
迵	辵凡口
輋	山大車
筢	竹扌巴
犄	牛大丂口
嬃	彡頁女
惏	心木木
潾	氵米癶
阢	阝兀
耥	耒八宀口
駉	馬冋
萳	艹南
鄚	屮日阝
蒈	艹匕匕白
蕫	艹辛東土
榲	木圍人皿
嚠	口卯金刂
暕	日木四
巓	山匕目廾頁
睎	目乂乂巾
眹	目䒑大
勧	𠂉一隹力
箟	竹日匕匕
鋙	金二乂口
鶵	𠂇艹鳥
遆	辵不冖
潬	氵口口甲一
鍌	氵之儿金
窉	穴一内
姡	女舌
菺	艹戶月
轘	車目一口衤
栟	木从二
咇	口弋八
蹜	足宀亻一白
爞	火三虫
陑	阝而
媱	女䏑午凵
繝	糸門月
殗	歹大申
郚	二乂口阝
朅	大凵日勹亡
鬪	鬥豆寸
駏	馬工コ
騋	馬𠂹
騂	馬辛
珝	王习习
斠	魚魚斗
酄	艹口口隹阝
蘂	艹三心木
蔃	艹弓口虫
椪	木立立
厤	厂禾禾
蟌	虫囪心
螗	虫广尹口
幰	巾宀丰目心
犓	牛𠂇艹
讐	隹隹言
倅	亻衣十
徯	彳爪幺大
頴	匕示頁
瘜	疒自心
憕	心癶豆
濔	氵丁八网
潎	氵巾⺍攴
濶	氵門舌
祣	示𠂉从
褵	衤屮乂凵厶九
鸊	尸口辛鳥
覗	𠂆見
彉	弓廿大日
芔	三屮
紩	糸手丶
妎	女亻八
偡	亻甘匚八
錍	金鬼十
鱕	魚釆田
耖	耒小丿
騛	馬乙冫丿刂乙乙冫
輂	廿廾車
輈	車舟
棪	木火火
雿	雨儿⺍
蝓	虫亼月巛
呍	口二厶
踡	足米廾卩
甞	八宀口甘
晬	日衣十
罛	网瓜
岋	山𠂊又
犋	牛目廾
鼱	臼釆生井
儃	亻亠圍口日一
偐	亻立厂彡
餀	食艹乂
鷉	𠂆虎鳥
鑞	金巛圍乂釆
麑	鹿臼儿
怮	心幺力
窾	穴凵示欠
襐	衤爲豕
裞	衤公儿
裲	衤一内内
袧	衤丩口
糺	糸乚
薖	艹辵冎口
蔊	艹火日干
襾	一冂凵
枓	木斗
砏	石八刀
蜎	虫口月
曊	日弓刂貝
倛	亻其
腜	月甘木
脎	月乂屮
雘	冂亠䒑隹又
惵	心廿乚木
愐	心頁圍
泃	氵丩口
阽	阝卜口
緺	糸冎口
絣	糸从二
坲	土弓刂
瓛	王虎一口冂八丁犬
驓	馬八囪甘
騄	馬彐水
搋	扌𠂆虎
靰	革兀
剳	艹亼口刂
蔉	艹衣公
醁	酉彐水
梣	木山亼㇕
榶	木广尹口
螘	虫山豆
蠵	虫山隹内口
吰	口𠂇厶
蹡	足爿䏑寸
噛	口齒
勗	日且力
鷃	日宀女鳥
幠	巾亦廿火
黲	囪火火三厶人彡
罜	网丶王
巌	山⺍厂彑攴
崒	山衣十
峛	山歹刂
牦	牛毛
稊	禾弋弓
伷	亻由
僔	亻八酉寸
錺	金艹方
飂	凡虫习习人彡
獥	犭白方攴
狔	犭尸匕
腍	月亼㇕心
朏	月止凵
謣	言雨一丂
謢	言隹又
謵	言习习白
庌	广牙
麀	鹿匕
灊	氵旡旡一口冂八丁
滭	氵田其
湩	氵亻東土
溓	氵禾禾彐
潏	氵予丿内口
祴	示戈廾
闉	門西土
頵	尹口頁
阬	阝亠几
丱	䒑
緌	糸禾女
綯	糸勹午凵
蓷	艹扌隹
杕	木大
佖	亻弋八
迻	辵夕夕
訧	言尤
桊	米廾木
怐	心丩口
沺	氵田
墣	土业廾
瑳	王𠂹𠂇
騵	馬厂白小
揜	扌亼口廾
薗	艹圍土口衤
蒩	艹禾且
棽	木木亼㇕
槪	木白匕旡
盬	臣丿舌皿
蝜	虫𠂊貝
圂	圍豕
牚	八宀口牙
矰	矢八囪甘
牬	牛才乚
牿	牛牛口
篸	竹三厶人彡
犨	隹隹牛
餻	食羊火
鑚	金夫夫貝
鈚	金匕匕
鑱	金爲匕匕爲儿丶
犰	犭九
猭	犭彑豕
鵩	月卩又鳥
廞	广金欠
羖	羊殳
熇	火亠口冂口
瀿	氵𠂉母攴糸
覜	儿⺍見
澦	氵予頁
湑	氵足月
祲	示彐冖又
褞	衤日皿
繑	糸丿大口冂口
婌	女上小又
坰	土冋
琄	王口月
珖	王火儿
踇	足𠂉母
咍	口厶口
笭	竹亼卩
鉧	金母
觫	𠂊用木口
鮥	魚夂口
緖	糸耂丶
塙	土亠口冂口
毊	南厂殳丿大口冂口
蔎	艹言殳
莐	艹氵冖儿
荵	艹刀丶心
醽	酉雨口口口
蚖	虫一兀
鸆	虎口乚大鳥
嘒	口丰丰彐
碞	三口石
昄	日厂又
黮	囪火火甘匚八
睾	丿目土半
郳	臼儿阝
倕	亻𠂹土
狟	犭二日
猵	犭戶冊
頄	九頁
鱚	魚南豆口
讙	言艹口口隹
瘈	疒丰刀大
庛	广止匕
鷁	水皿鳥
惙	心四又
愶	心三力月
漑	氵白匕旡
澼	氵尸口辛
盝	彐水皿
緤	糸廿乚木
邘	丁一阝
朹	木九
蚚	虫斤
饐	食士冖豆
涒	氵尹口
慭	𠂹犬心
琈	王爪子
珓	王大乂
驎	馬米癶
挍	扌大乂
鞄	革勹巳
蔝	艹目米
柂	木𠂉也
豲	豕厂白小
豗	兀豕
皻	虎且皮
嚬	口止㐄頁
暩	日䏑又示
崌	山尸十口
巇	山虎豆戈
箑	竹一彐止
筯	竹且力
傎	亻匕目廾
攽	八刀攴
鯑	魚乂乂巾
鳦	鳥乙
瘲	疒從
羱	羊厂白小
渮	氵艹丂口
漼	氵山隹
浟	氵亻丨攴
袚	衤犬丿
姈	女亼卩
枲	厶口木
坬	土瓜
珌	王弋八
顠	西示頁
梛	木冉阝
筥	竹口口
俴	亻戈戈
僿	亻宀工廾土
鯫	魚耳又
迖	辵犬
氂	二木攴厂毛
挀	扌巛卜
捖	扌宀一兀
蒚	艹一口冂八丁
藂	艹耳又从
轀	車圍人皿
梲	木公儿
枌	木八刀
霢	雨月巛卜
攲	大丂口竹又
耎	而大
黺	业巾⺍八刀
牷	牛人王
臿	干臼
秺	禾宀丿七
筳	竹廴亻土
毹	亼月巛毛
鞶	舟殳革
猧	犭冎口
毚	爲匕匕爲儿丶
旍	方𠂉亼卩
泭	氵亻寸
惌	宀夕卩心
禡	示馬
韔	㐄口㐄長
檃	阝爪工彐木
姧	女女干
媓	女白王
緂	糸火火
杅	木丁一
醱	酉癶弓殳
礞	石艹冖一豕
厞	厂非
螝	虫鬼
蜣	虫羊儿
筈	竹舌
鮨	魚匕日
諌	言東
愲	心冎䏑
怊	心刀口
紃	糸川
鬐	長彡耂匕日
髧	長彡冖儿
菶	艹丰キ
惎	其心
酨	才戈酉
杬	木一兀
醨	酉屮乂凵厶九
楪	木廿乚木
尞	一火日小
蠀	虫二欠貝
昡	日亠幺
帨	巾公儿
髄	冎䏑辵𠂇月
箊	竹烏烏
臈	月艹日勹亡
夆	夂丰
鄗	亠口冂口阝
瓬	方瓦
犘	广屮屮牛
癐	疒亼囪甘
憟	心西米
忳	心一屮
熜	火囪心
湋	氵㐄口㐄
窫	穴丰刀大
禷	示米犬頁
襶	衤才戈田廾人
襡	衤目勹虫
閊	門山
婍	女大丂口
挐	女口手
媖	女艹冂大
綛	糸刀丶心
鄕	阝白匕阝
殭	歹三田田
拑	扌甘
揝	扌夂卜日
掻	扌又虫
萺	艹冖二目
蘹	艹心衣目水
檽	木雨而
矼	石工
砫	石丶王
簙	竹十甫寸
諀	言鬼十
剫	广廿又刂
垺	土爪子
蠧	士冖石虫虫
玼	王止匕
糵	艹丿㠯辛米
醸	酉衣八甘
歅	西土欠
柅	木尸匕
觱	戊一口𠂊用
疁	田习习人彡
虩	小日小虎
幙	巾屮日
嵃	山立厂彡
嶓	山釆田
巃	山龍
犂	禾丿刀牛
魋	鬼隹
鐶	金目一口衤
鋋	金廴丿止
艒	舟冖二目
臞	月目目隹
獟	犭土土土兀
鸑	犭言犬鳥
鰮	魚圍人皿
鮗	魚夂冫
鮡	魚儿⺍
懪	心日廿廾水
烱	火内口
慆	心爪臼
浤	氵宀𠂇厶
寪	宀爲
繀	糸山隹
嫭	女虎爪丁
梠	木口口
橚	木尹亞一
犪	牛八頁止巳夂
閷	乂屮門人
鐕	金旡旡日
鐋	金氵日一勿
夘	夕卩
誷	言网亡
瑑	王彑豕
搒	扌凡方
葝	艹一巛工力
薋	艹二欠貝
酏	酉也
楉	木艹𠂇口
繄	匚矢殳糸
齛	齒廿乚
噀	口卩卩几
氀	婁毛
氍	目目隹毛
眽	目巛卜
睠	目米廾卩
箒	竹彐冖巾
忥	气心
侴	亼彐丨刂
獦	犭艹日勹亡
鯥	魚土八土
觿	𠂊用山隹内口
浢	氵豆
淔	氵十目
潐	氵隹火
禨	示幺幺戈人
閇	門下
阹	阝大凵
繵	糸亠圍口日一
抆	扌文
芅	艹弋
廼	廴西
檛	木辵冎口
篛	竹弓冫弓冫
僆	亻辵車
伬	亻尸丶
餕	食厶八夂
錏	金亞
媬	女亻口木
殣	歹廿口丰
塥	土一口冂八丁
褧	耳火衣
髣	長彡方
聱	凵方攴耳
珶	王弋弓
攦	扌一冂丶一冂丶鹿
挓	扌宀丿七
捥	扌宀夕卩
尭	屮兀
藙	艹辛豕殳
蓪	艹辵龴用
楬	木日勹亡
檓	木臼土殳
砯	石水丶
祡	止匕示
蝪	虫日一勿
甿	田亡
旿	日午
帾	巾耂
箷	竹方𠂉也
烋	亻木火
餂	食舌
钂	金八宀口囪火火
獳	犭雨而
朘	月厶八夂
鱣	魚亠圍口日一
匊	勹米
廗	广廿儿冖巾
忣	心𠂊又
韣	㐄口㐄目勹虫
癹	癶殳
姎	女冂大
絻	糸爲儿
纕	糸衣口口甘
笴	竹丂口
鋳	金丰寸
膍	月囟匕匕
糌	米夂卜日
縎	糸冎䏑
塿	土婁
耠	耒亼口
璮	王亠圍口日一
驦	馬雨木目
抾	扌大凵
搷	扌匕目廾
擫	扌厂日月犬
搨	扌日习习
摡	扌食旡
靾	革廿乚
蓳	艹廿口丰
蟼	䒑勹口攴虫
棯	木亼㇕心
敧	大丂口攴
匽	匚日女
匢	匚勿
嚚	四口臣
崝	山生井
崀	山丶艮
簉	竹辵牛口
篽	竹彳午止卩
儌	亻白方攴
儦	亻鹿火
鄬	爲阝
狣	犭儿⺍
胕	月亻寸
腯	月𠂆丨目
腟	月宀至
雊	丩口隹
廇	广卯田
熅	火圍人皿
褮	火火冖衣
漙	氵東厶寸
渻	氵小丿目
漴	氵山宀示
裄	衤行
裗	衤了川
鶤	冖車鳥
韎	㐄口㐄一木
弽	弓廿乚木
嫇	女冖日亠八
繣	糸彐キ田一
弃	了廾
蒱	艹扌甫
菼	艹火火
穄	禾䏑又示
鑛	金广廿大日
鰒	魚𠂉日夂
涽	氵氏日
犎	土土寸牛
壝	土辵廾貝
壌	土衣八甘
摴	扌雨一丂
抇	扌日
萐	艹一彐止
靻	革且
栵	木歹刂
尃	甫寸
櫑	木三田
楡	木亼月巛
霫	雨习习白
蝃	虫四又
羂	四糸口月
嵕	山乂凵八夂
岧	山刀口
蠈	貝戈十虫
賵	貝冖二目
箘	竹圍禾
籔	竹婁攴
兪	亼月巛
飣	食丁
瓥	瓜豕虫虫
舠	舟刀
颲	凡虫歹刂
猺	犭䏑午凵
鮄	魚弓刂
褭	衣馬
鸇	亠圍口日一鳥
惤	心弓亠幺
裯	衤用口
邲	弋八阝
繠	三心糸
敯	巳七日攴
剼	三厶人彡刂
极	木𠂊又
茠	艹亻木
蔍	艹鹿
杙	木弋
柤	木且
靃	雨隹隹
儤	亻日廿廾水
佁	亻厶口
鐇	金釆田
鋲	金斤廾
狺	犭言
詧	䏑又言
讋	龍言
瘃	疒豕
沶	氵示
殏	歹十⺍丶
刲	土土刂
堉	土了月
垿	土广予
棸	耳又木
莍	艹十⺍丶
蕸	艹辵厂二彐又
芧	艹予
榃	木木田
槬	木大一丂瓜
檇	木隹冂凵
麭	𠂹夂勹巳
楟	木亠口冖丁
槮	木三厶人彡
鷖	匚矢殳鳥
螬	虫東東甘
峘	山二日
矱	矢䒑隹又
玁	犭口口厂彑攴
狪	犭凡口
鯯	魚牛巾刂
羗	羊儿厶
緛	糸而大
媂	女不冖
砮	女又石
茋	艹氏一
篴	竹辵豕
鉋	金勹巳
胑	月口八
腇	月禾女
訄	九言
迆	辵也
刓	一兀刂
捗	扌止㐄
扢	扌气
擸	扌巛圍乂釆
茿	艹工凡
雚	艹口口隹
芺	艹丿大
蓹	艹彳午止卩
橁	木竹勹日
磑	石山豆
硿	石穴工
蟫	虫西日十
螠	虫水皿
跅	足广下
蹛	足廿儿冖巾
咢	口口一丂
噣	口目勹虫
罞	四予丿
崿	山口口一丂
睩	目彐水
筻	竹内攴
稙	禾十目
筩	竹龴用
魆	鬼戈乚
侫	亻亡女
伔	亻冖几
僝	亻尸三子
儠	亻巛圍乂釆
胠	月大凵
臛	月雨隹
猀	犭氵小丿
鰅	魚田厶九
讟	言凵网貝言
譓	言東厶心
裛	衣口巴
庈	广亼㇕
癓	疒彳長儿攴
煆	火厂二彐又
慴	心习习白
璗	氵日一勿王丶
屧	尸彳廿乚木
緀	糸一尹女
娵	女耳又
媟	女廿乚木
繜	糸八酉寸
珇	王且
磞	石山月月
戉	戈乚
鱆	魚辛日
迿	辵勹日
縺	糸辵車
墕	土圍止烏
璱	王王王弋八
耰	耒頁心夂
顜	魚魚頁
葹	艹方𠂉也
檮	木耂工口寸
楒	木田心
椸	木方𠂉也
櫠	木广癶弓殳
耏	而彡
逴	辵卜日十
惄	上小又心
蛜	虫亻尹
喩	口亼月巛
矙	目門彑攴
牣	牛刀丶
倰	亻土八夂
鯈	亻丨攴魚
皀	白匕
饛	食艹冖一豕
鎡	金䒑幺幺
狶	犭乂乂巾
胐	月止凵
鱨	魚八宀口匕日
麕	鹿圍禾
慒	心東東甘
墯	心𠂇月土
嫈	火火冖女
瀀	氵頁心夂
滮	氵虎彡
澨	氵竹工从
宨	宀儿⺍
歠	四又酉欠
櫆	木鬼斗
柀	木皮
蹐	足⺍人月
詗	言冋
疢	疒火
耇	耂丩口
騤	馬癶一大
捄	扌十⺍丶
莟	艹亼㇕口
杤	木一力
槱	木酉火
榤	木癶木
豭	豕厂二彐又
蠙	虫宀一㐄貝
嵜	山立丂口
睟	目衣十
髇	冎䏑亠口冂口
鵞	手戈鳥
儓	亻之口冖至
臮	自从
斶	斤目勹虫
鈒	金𠂊又
鉾	金厶牛
獫	犭亼口口从
胣	月𠂉也
朣	月辛東土
鯣	魚日勿
鵻	鳥隹
襃	衣臼口木
竸	言甘儿言甘儿
旐	方𠂉儿⺍
憯	心旡旡日
愓	心日一勿
憿	心白方攴
窐	穴土土
禫	示西日十
闠	門廾貝
劙	彑豕虫虫刂
杄	木千
碪	石甘匚八
磥	石田糸
籛	竹金戈戈
鶖	禾火鳥
偖	亻耂
鉼	金从二
詖	言皮
痓	疒至
疕	疒匕
擏	扌䒑勹口攴
拵	扌才子
葱	艹囪心
礑	石八宀口田
磏	石禾禾彐
虤	虎虎
虡	虎业八
勴	虎田心力
蟐	虫八宀口巾
嗊	口工貝
咈	口弓刂
暿	日南豆口
盷	目勹二
犅	牛网山
犏	牛戶冊
嵆	禾尤山
谺	八公牙
鑯	金从戈非一
魶	魚内
鰡	魚卯田
甮	勿用
褢	衣鬼
炣	火丂口
熛	火西示
焞	火亠口子
澒	氵工頁
潖	氵王王巴
浰	氵禾刂
瀺	氵爲匕匕爲儿丶
闤	門目一口衤
翆	习习九十
緁	糸一彐止
嫕	女匚矢心
莤	艹酉
礉	石白方攴
虰	虫丁
旴	日丁一
鐻	金虎豕
狦	犭冂刂二
蠪	龍虫
洴	氵从二
肂	歹彐キ
疌	一彐止
瑔	王白水
騊	馬勹午凵
颿	馬凡虫
冓	魚魚
荂	艹大一丂
薁	艹宀米大
酖	酉冖儿
輴	車𠂆丨目
靆	雨二厶辵尹⺍
踼	足日一勿
緜	白巾丿糸
谼	八公廿廾
鶹	卯田鳥
玈	亠幺𠂉从
爁	火臣𠂉丶皿
溹	氵十冖糸
滖	氵衣冉
漒	氵弓口虫
犚	尸示寸牛
翴	习习辵車
姶	女亼口
絫	三厶糸
斮	巛日斤
蓏	艹瓜瓜
郙	甫阝
桭	木辰
椓	木豕
柶	木四
砠	石且
蚳	虫氏一
咺	口二日
羇	四革大丂口
睄	目小月
垈	亻弋土
弅	八刀廾
旟	方𠂉𦥑牙廾
絓	糸土土
郖	豆阝
墡	土羊言
垏	土彐キ
鬒	長彡匕目廾
駣	馬儿⺍
鼒	才目爿爿
萷	艹小月刂
柾	木圍止
覊	西革馬
揅	石干干手
鹸	卜圍米亼口人
胔	止匕䏑
蚗	虫コ又
踘	足勹米
嗈	口巛口巴
黚	囪火火甘
崏	山氏日
穣	禾衣八甘
傱	亻從
膃	月圍人皿
腨	月山而
獞	犭辛東土
愊	心一口田
憭	心一火日小
滍	氵之虫
禓	示日一勿
雝	巛口巴隹
繷	糸曲辰
塤	土口貝
玔	王川
璲	王辵八豕
瑂	王尸目
搰	扌冎䏑
扡	扌也
垔	西土
虖	虎爪丁
睧	目氏日
鉥	金屮丶
怗	心卜口
恀	心夕夕
浿	氵貝
垽	氵斤土
泒	氵瓜
戤	㇕丿又皿戈
絽	糸口口
瓩	瓦千
埻	土亠口子
埪	土穴工
騨	馬⺍甲一
尠	甘匚八小丿
藰	艹卯金刂
轓	車釆田
樆	木屮乂凵厶九
硴	石艹亻匕
敁	卜口攴
蚑	虫竹又
齗	齒斤
鷶	网貝鳥
籖	竹才戈非一
篊	竹氵廿廾
鰊	魚木四
褱	衣目水
麌	鹿口乚大
籺	米气
浺	氵心中
鴳	宀女鳥
鷫	尹亞一鳥
脀	㇕水一月
絁	糸𠂉也
縿	糸三厶人彡
玒	王工
揤	扌食卩
橿	木三田田
榠	木冖日亠八
箎	竹虎
腤	月言甘
蜰	月巴虫
渽	氵才戈口
丏	丁乚㇕
嫢	夫見女
壖	土雨而
髢	長彡也
珋	王卯
摵	扌戊上小
搉	扌冖隹
鞙	革口月
橞	木東厶心
輌	車一巾凵
棆	木亼冊
郲	𠂹阝
椨	木广亻寸
霒	雨二厶亼㇕
椵	木厂二彐又
蟅	虫广廿火
踦	足大丂口
喿	三口木
帊	巾巴
黓	囪火火弋
岨	山且
峿	山二乂口
鵙	貝鳥
犆	牛十目
笯	竹女又
儳	亻爲匕匕爲儿丶
傔	亻禾禾彐
僪	亻予丿内口
嵞	亼木山山
劔	亼口口从刀丶
爼	乂乂且
饂	食日皿
狤	犭士口
魣	魚予
穈	广屮屮禾
罃	火火冖午凵
憸	心亼口口从
愼	心匕目廾
懰	心卯金刂
漧	氵十日十气
淴	氵勿心
礿	示勹丶
鼆	冖日亠八黽
瑃	王丰日
桟	木二戈
杣	木山
瞶	目廾貝
衖	行廿廾
鋗	金口月
腞	月彑豕
訒	言刀丶
泬	氵穴
坉	土一屮
挴	扌𠂉母
茢	艹歹刂
靮	革勹丶
靿	革幺力
茘	艹三刀
醲	酉曲辰
硠	石丶艮
逌	辵卜圍コ
蝋	虫⺍几キ
啅	口卜日十
踧	足上小又
囋	口之儿之儿貝
晼	日宀夕卩
笝	竹圍又
衃	丿皿不
毇	臼米殳
儑	亻日幺幺火
鶬	亼户口鳥
鎞	金囟匕匕
艎	舟白王
旓	方𠂉小月
楶	二欠口木
憀	心习习人彡
汫	氵井
泲	氵才乚
瀌	氵鹿火
韘	㐄口㐄廿乚木
鳲	尸鳥
翣	习习辛女
婐	女田木
坴	土八土
掯	扌止月
蕼	艹長彐キ
苙	艹立
榾	木冎䏑
柲	木弋八
梫	木彐冖又
咶	口舌
馝	禾日弋八
筶	竹牛口
侲	亻辰
僶	亻黽
悁	心口月
夒	頁止巳夂
堐	土厂土土
栔	丰刀木
揊	扌一口田
薣	艹南豆竹又
醧	酉匚三口
轒	車屮貝
輁	車廿廾
軦	車口儿
憖	𠂹犬心
礵	石雨木目
硊	石𠂊厂卩
磳	石八囪甘
畷	田四又
罳	网田心
黵	囪火火𠂊厂八言
簁	竹彳止止
侐	亻丿皿
豃	八公彑攴
癋	疒亞心
麃	鹿火
粻	米長
粃	米匕匕
燀	火口口甲一
悀	心龴用
汯	氵𠂇厶
悹	宀㠯心
窴	穴匕目廾
禬	示亼囪甘
袹	衤一白
衭	衤夫
襗	衤目土半
襋	衤木冂木冂
嫮	女雨一丂
綌	糸八公
琔	王宀圍止
珢	王艮
挃	扌至
拸	扌夕夕
薕	艹广禾禾彐
碡	石丰母
蝘	虫匚日女
唗	口走
鋘	金口乚大
鈶	金厶口
膕	月圍戈口一
肕	月刀丶
痁	疒卜口
痟	疒小月
憪	心門月
宧	宀臣
櫜	一中冖夂卜口木
坋	土八刀
埢	土米廾卩
鷇	南鳥殳
畺	三田田
髽	長彡从土
鬋	長彡䒑月刂
鬅	長彡月月
髴	長彡弓刂
耞	耒力口
騇	馬亼十口
揳	扌丰刀大
鞳	革艹亼口
蔾	艹禾丿刀木
蓨	艹亻丨攴月
薝	艹𠂊厂八言
芛	艹尹
蘟	艹阝爪工彐心
橾	木三口木
軑	車大
輵	車日勹亡
朳	木八
橧	木八囪甘
梡	木宀一兀
槢	木习习白
礛	石臣𠂉丶皿
豷	豕士冖豆
礒	石羊手戈
哳	口扌斤
跱	足之寸
踖	足巛日
踾	足一口田
踛	足土八土
鼈	巾⺍攴黽
罿	网辛東土
睌	目爲儿
穟	禾辵八豕
箯	竹亻内攴
躾	身羊大
魌	鬼其
伭	亻亠幺
畣	亼口田
彾	彳亼卩
膴	月亦廿火
狢	犭夂口
雑	九木隹
觭	𠂊用大丂口
鶁	亠口小鳥
帟	亦巾
凔	冫亼户口
痷	疒大申
痗	疒𠂉母
愒	心日勹亡
煟	火田月
濳	氵之儿之儿日
滫	氵亻丨攴月
戺	戶巳
穽	穴井
袵	衤亻工一
袾	衤𠂉木
袟	衤手丶
矠	予丿巛日
纒	糸厂田大火土
妦	女丰
嫴	女十口辛
媢	女冖二目
梩	木田土
呥	口冉
嵥	山癶木
釽	金爪
諕	言虎
恇	心匚王
忺	心欠
抎	扌二厶
搊	扌𠂇艹
拹	扌三力
靱	革刀丶
苉	艹匚儿
薐	艹禾土八夂
蘤	艹白爲
檝	木口耳戈
欉	木业耳又
鸉	木日一勿鳥
霨	雨尸示寸
豝	豕巴
磜	石䏑又示
螋	虫申又
齸	齒水皿
哱	口十冖子
唣	口白七
颽	山豆凡虫
簗	竹氵刀八木
齇	自田矢虎且
猨	犭爪一𠂇又
猇	犭虎
粂	𠂊丶米
齌	齊火
秶	二欠禾
廘	广鹿
懁	心目一口衤
熯	火廿口夫
盓	氵丁一皿
溔	氵羊火
慂	氵龴用心
袺	衤士口
邥	冖儿阝
衋	彐キ一白一白丿皿
閈	門干
弨	弓刀口
帤	女口巾
嫶	女隹火
繂	糸亠幺⺍十
俇	亻犭王
僎	亻卩卩几
搫	舟殳手
朒	月䏑
痄	疒𠂉匕
埳	土𠂊臼
埣	土衣十
塀	土尸从二
聑	耳耳
駹	馬犬彡
驏	馬尸三子
摲	扌車斤
摓	扌辵夂丰
莝	艹从土
薶	艹豸田土
蘱	艹米犬頁
藋	艹习习隹
輑	車尹口
軷	車犬丿
柍	木冂大
桼	木人水
磌	石匕目廾
磹	石西日十
嫛	匚矢殳女
暶	日方𠂉足
黫	囪火火西土
歜	目勹虫欠
岝	山𠂉匕
嶦	山𠂊厂八言
牼	牛一巛工
氠	气申
偫	亻彳之寸
讆	行㐄口㐄言
彸	彳公
巵	𠂆巴
獩	犭止戊一㐄
猫	犭艹田
猼	犭甫寸
鯰	魚亼㇕心
韹	言甘白王
斻	方𠂉几
鄌	广尹口阝
爌	火广廿大日
渿	氵木示
硰	氵小丿石
渰	氵亼口廾
寍	宀心皿
衱	衤𠂊又
隮	阝齊
隒	阝禾禾彐
盄	丨弓皿
琫	王丰キ
扜	扌丁一
茷	艹亻戈
柧	木瓜
暰	日從
穬	禾广廿大日
餧	食禾女
鎃	金氵巛卜
胻	月行
魛	魚刀
翿	耂工口寸习习
耹	耳亼㇕
搘	扌耂匕日
搕	扌大凵皿
苀	艹亠几
醂	酉木木
軓	車凡
軧	車氏一
楥	木爪一𠂇又
霠	雨立亼㇕
砆	石夫
毉	匚矢殳工从
蠏	虫𠂊用刀牛
啑	口一彐止
蹢	足不冂口
鴠	日一鳥
昢	日止凵
帢	巾亼口
罧	网木木
髆	冎䏑甫寸
鄦	亦廿火阝
犌	牛厂二彐又
礜	𦥑牙廾石
僄	亻西示
俋	亻口巴
鄃	亼月巛阝
徛	彳大丂口
谹	八公𠂇厶
錭	金用口
鯵	魚厶大彡
羓	羊巴
煠	火廿乚木
瀸	氵从戈非一
潠	氵卩卩几
寱	宀爿自木
窵	穴鳥
禗	示田心
闚	門夫見
劀	予丿内口刂
纎	糸才戈非一
塼	土東厶寸
莏	艹扌小丿
荓	艹从二
芀	艹刀
俔	亻見
倠	亻隹
胵	月至
誂	言儿⺍
痀	疒丩口
赩	大火𠂊巴
壿	士八酉寸
璊	王廿内内
驒	馬口口甲一
馰	馬勹丶
抶	扌手丶
蓺	艹土八土丸
藇	艹𦥑牙廾
虀	艹齊非一
翲	西示习习
龗	雨口口口龍
樒	木宀弋八山
鴎	匚乂鳥
翽	止戊一㐄习习
嚘	口頁心夂
剕	非刂
晐	日兀彑
岻	山氏一
嶍	山习习白
箾	竹小月刂
餲	食日勹亡
鑢	金虎田心
玃	犭目目隹又
鱄	魚東厶寸
觺	旡大牛止𠂊用
鯒	魚龴用
臝	龍田木
毃	亠口冂口殳
廎	广匕頁
麞	鹿辛日
慱	心東厶寸
禜	火火冖示
澁	氵三止
淈	氵尸止凵
袿	衤土土
褾	衤西示
襚	衤辵八豕
褷	衤彳止止
綟	糸戶犬
堈	土网山
蕑	艹門月
枅	木干干
霣	雨口貝
碈	石氏日
硍	石艮
蜼	虫隹
貤	貝也
猲	犭日勹亡
魬	魚厂又
謑	言爪幺大
悺	心宀㠯
洭	氵匚王
阞	阝力
壻	土足月
髷	長彡曲
駜	馬弋八
挋	扌臣
抌	扌冖儿
撏	扌彐工口寸
蔏	艹辛内口
蘪	艹鹿米
橑	木一火日小
輀	車而
雽	雨爪丁
碔	石戈止
顑	戊一口頁
齯	齒臼儿
蜋	虫丶艮
螾	虫矢圍
鄤	冖二目又阝
猒	日月犬
眐	目圍止
嶊	山扌隹
岒	山亼㇕
巕	山䒑丿㠯辛子
嵙	山禾斗
犞	牛丿大口冂口
牰	牛由
稰	禾足月
籯	竹龍貝
侻	亻公儿
谽	八公亼㇕口
猘	犭牛巾刂
腅	月火火
弮	米廾弓
爚	火亼口口口冊
窔	穴大乂
褯	衤广廿巾
袸	衤才子
闟	門亼口习习
隃	阝亼月巛
弉	爿士廾
婤	女用口
緷	糸冖車
掗	扌亞
荁	艹二日
菵	艹网亡
欂	木艹氵甫寸
磎	石爪幺大
螖	虫冎䏑
郋	自阝
鑐	金雨而
瘏	疒耂
泜	氵氏一
絇	糸丩口
聢	耳宀圍止
琖	王戈戈
瑫	王爪臼
攩	扌八宀口囪火火
挧	扌习习
兡	十口儿一白
菨	艹辛女
橖	木八宀口木
軥	車丩口
麰	𠂹夂厶牛
柮	木止凵
硲	石八公
齰	齒巛日
踆	足厶八夂
踠	足宀夕卩
肙	口月
呟	口亠幺
蟞	巾⺍攴虫
鷩	巾⺍攴鳥
瞁	目目犬
郔	廴丿止阝
皭	白爪四食寸
鑁	金米凵八夂
狉	犭不一
魠	魚丿七
坒	匕匕土
譐	言八酉寸
麛	鹿弓耳
灈	氵目目隹
溵	氵身殳
澭	氵亠阝隹
潳	氵尸耂
鶱	宀屮人鳥
扅	戶夕夕
閵	門隹
韥	㐄口㐄凵网貝
屘	尸毛子
凾	了口又凵
彃	弓田其
猪	犭耂
册	冊
葀	艹扌舌
跓	足丶王
尟	日圍止小丿
旵	日山
郥	貝阝
侜	亻舟
鼸	臼釆禾禾彐
鉊	金刀口
魦	魚小丿
綑	糸圍木
趎	走𠂉木
擩	扌雨而
拤	扌上卜
靭	革刀丶
鄸	艹目冖夕阝
莚	艹廴丿止
葅	艹人人且
蘠	艹爿𠂹圍口
轃	車丰禾
輹	車𠂉日夂
枍	木八丂
霬	雨田廾人
礂	石南豆口
翈	甲习习
畇	田勹二
峮	山尹口
甒	亦廿火瓦
犩	禾女鬼牛
鼪	臼釆生
敜	亼㇕心攴
鈎	金丩厶
獡	犭臼烏
肣	月亼㇕
讔	言阝爪工彐心
瘭	疒西示
廐	广食旡
痎	疒兀彑
忨	心一兀
齹	𠂹𠂇齒
糒	米矢用
爊	火鹿火
漹	氵圍止烏
漰	氵山月月
禴	示亼口口口冊
闒	門日习习
鄝	习习人彡阝
揕	扌甘匚八
荴	艹扌夫
薙	艹矢隹
嘄	口鳥木
獶	犭頁心夂
悋	心文口
姼	女夕夕
髲	長彡皮
镼	長尸止凵
瑲	王亼户口
馺	馬𠂊又
珒	王彐キ
螒	十日十人虫
蕀	艹木冂木冂
藅	艹网言刂
蕠	艹女口糸
榑	木甫寸
樕	木木口欠
覂	西丿之
鑋	車一巛工金
輬	車亠口小
轇	車习习人彡
棭	木亦夕
顬	雨而頁
霿	雨予丿夂目
鄏	辰寸阝
躣	足目目隹
嘐	口习习人彡
曻	日癶
骭	冎䏑干
濌	亻東土水日
稭	禾匕匕白
簥	竹丿大口冂口
傿	亻圍止烏
鼫	臼釆石
齉	自田矢一中冖口口甘衤
忁	彳日止凵大水
膞	月東厶寸
猯	犭山而
腒	月尸十口
邍	辵夂田彐水
夗	夕卩
譸	言耂工口寸
庲	广𠂹
慉	心亠幺田
灪	氵午凵木木冖米凵匕彡
窌	穴卯
祩	示𠂉木
嶞	阝𠂇月山
楖	木食卩
硾	石𠂹土
呇	水口
氆	毛立立日
飋	凡虫王王弋八
訹	言屮丶
漘	氵辰月
皷	南豆皮
髳	長彡予丿
瑖	王厂三殳
駈	馬丘
騬	馬禾北
璸	王宀一㐄貝
璚	王予丿内口
揥	扌不冖
菎	艹日匕匕
葂	艹爲儿力
槵	木中中心
欋	木目目隹
奅	大卯
碻	石亠口冂口
虴	虫丿七
踑	足其
躙	足門隹
嗃	口亠口冂口
昦	日大刂
帩	巾小月
眒	目申
瞛	目從
鼶	臼釆𠂆虎
雔	隹隹
牉	爿半
貒	豸山而
舽	舟夂㐄
狿	犭廴丿止
腶	月厂三殳
膌	月⺍人月
曶	勿日
皽	亠圍口日一皮
竫	立爪尹
癗	疒雨田
劘	广屮屮非刂
慺	心婁
爔	火羊禾戈丂
慞	心辛日
淢	氵戈口一
汃	氵八
扊	戶火火
袑	衤刀口
闛	門八宀口土
陓	阝大一丂
彄	弓匚三口
斨	爿斤
縒	糸𠂹𠂇
紽	糸宀匕
摝	扌鹿
剸	東厶寸刂
硥	石犬彡
鴀	不鳥
蟭	虫隹火
虙	虎弋八
踶	足日圍止
噅	口爲
覣	禾女見
鱴	魚艹目戈人
鱍	魚癶弓殳
詅	言亼卩
痡	疒甫
愖	心甘匚八
涍	氵耂子
澖	氵門木
鷊	一口冂八丁鳥
髾	長彡小月
摮	凵方攴手
騽	馬习习白
掝	扌戈口一
黇	廿大日卜口
疐	十冖田足
鞧	革八酉
胾	才戈䏑
蕋	艹三止
藘	艹虎田心
蔨	艹圍米廾卩
薃	艹氵亠口冂口
柣	木手丶
梒	木亼㇕口
怷	屮丶心
棳	木四又
覤	虎見
噳	口虎口乚大
唌	口廴丿止
噇	口辛東土
晱	日火火
鸅	目土半鳥
崣	山禾女
穱	禾爪四食寸
魖	鬼虎丘
匁	丿刀丶
歊	亠口冂口欠
籵	米十
瀎	氵艹目戈人
橤	三心木
韍	㐄口㐄犬丿
屭	尸三貝
翏	习习人彡
絏	糸申丿
蠁	阝食阝虫
扤	扌兀
荎	艹至
棷	木耳又
跧	足人王
肵	月斤
觼	𠂊用𠂊穴目攴
忯	心氏
漦	二木攴厂水
壷	士冖亞
駼	馬亼木
馻	馬厶儿
薚	艹歹日一勿
薉	艹止戊一㐄
樲	木弋二貝
槾	木冖二目又
鶫	木四鳥
欃	木爲匕匕爲儿丶
霐	雨氵弓厶
梮	木尸㇕口
磿	厂禾禾石
礔	石尸口辛
瑿	匚矢殳王丶
蠎	虫艹走止
跦	足𠂉木
曣	日廿北口火
睖	目土八夂
逬	辵丿干丿干
犑	牛目犬
犉	牛亠口子
籧	竹辵虎豕
牏	爿亼月巛
韽	亼㇕酉言甘
鎉	金日习习
腢	月田厶九
胏	月才乚
鱊	魚予丿内口
鯞	魚彐冖巾
鰼	魚习习白
鱳	魚白幺幺木
鸁	龍鳥
懅	心虎豕
濎	氵目爿爿
蠥	屮丿㠯辛虫
絖	糸火儿
机	木几
璥	王䒑勹口攴
捁	扌牛口
椙	木日日
桵	木爪女
笲	竹厶廾
釴	金弋
陼	阝耂
鬷	一口冂八丁乂凵八夂
斄	二木攴厂𠂹
趌	走士口
圠	土乚
聏	耳而
撗	扌廿大日
撌	扌廾貝
揟	扌足月
擽	扌白幺幺木
菆	艹耳又
鞿	革幺幺戈人
蟇	屮日虫
鴱	艹乂鳥
醰	酉西日十
樠	木廿内内
槫	木東厶寸
橝	木西日十
軱	車瓜
慙	車斤心
磝	石凵方攴
豶	豕屮貝
蟷	虫八宀口田
蛈	虫手丶
蠰	虫衣口口甘
幖	巾西示
嶕	山隹火
岉	山勿
罏	午凵虎田皿
犗	牛宀丰口
穮	禾鹿火
舑	舌冉
篹	竹目大卩
帠	臼巾
侇	亻大弓
膫	月一火日小
獝	犭予丿内口
鮖	魚石
鰐	魚口口一丂
欴	丶艮欠
羢	羊戈十
懱	心艹目戈人
熂	火气米
爓	火門𠂊臼
洍	氵臣
鶷	宀丰口鳥
禂	示用口
邆	辵癶豆
隶	尹⺍
陾	阝而大
阰	阝匕匕
鶭	糸方鳥
坽	土亼卩
蹔	車斤足
奫	大氵亞一
蠬	虫龍
犕	牛矢用
詑	言宀匕
浧	氵口亻土
沜	氵爿
歾	歹勿
墐	土廿口丰
趮	走三口木
赸	走山
鬙	長彡八囪甘
謷	凵方攴言
剚	一中彐刂
靽	革半
蚅	虫厂卩
鮆	止匕魚
蟧	虫火火冖力
畟	田八夂
鴫	田鳥
曒	日白方攴
暲	日辛日
幨	巾𠂊厂八言
瞏	目土口衤
穖	禾幺幺戈人
稌	禾亼木
馞	禾日十冖子
簒	竹目大丿厶
鸒	𦥑牙廾鳥
獌	犭冖二目又
贕	卯冫凵网貝
粊	匕匕米
鰞	魚烏
譪	言艹日勹亡
庉	广一屮
羒	羊八刀
膋	火火冖月
惸	心勹日子
濿	氵厂廾田厶九
灨	氵辛日夂工貝
竃	穴土黽
襂	衤三厶人彡
隞	阝凵方攴
敶	阝東攴
縅	糸戊一女
纑	糸虎田皿
繟	糸口口甲一
塴	土山月月
蓫	艹辵豕
餫	食冖車
膇	月辵丿㠯
湆	氵言甘
襏	衤癶弓殳
堼	土土寸土
尌	南豆寸
珫	王了儿
驞	馬宀一㐄貝
薵	艹耂工口寸
荺	艹土勹二
靫	革又丶
虈	艹四口頁
苵	艹手丶
躠	艹丿㠯辛足
楲	木戊一女
樀	木不冂口
匳	匚亼口口从
蝒	虫頁圍
劋	三口木刂
逿	辵日一勿
羃	四屮日巾
崰	山巛田
眅	目厂又
秮	禾厶口
峊	丿㠯山
鼵	臼釆穴犬
鬿	鬼斤
倹	亻亼口人
剱	亼口人刀丶
胈	月犬丿
玂	犭艹口口甲一斤
謋	言癶木
廮	广貝貝女
燡	火目土半
恔	心大乂
灂	氵爪四食寸
襮	衤日廿廾水
袶	衤夂㐄
韐	㐄口㐄亼口
頚	又土頁
緎	糸戈口一
掜	扌臼儿
碨	石田衤
蚄	虫方
暵	日廿口夫
篿	竹東厶寸
鰶	魚䏑又示
詍	言廿乚
迾	辵歹刂
奊	土土乚大
瓡	土半瓜
刵	耳刂
騞	馬丰石
騜	馬白王
璒	王癶豆
摎	扌习习人彡
蔪	艹車斤
蒧	艹戊卜口
醊	酉四又
軘	車一屮
轠	車三田
轞	車臣𠂉丶皿
桝	木癶
奲	大耂口口甲一
蜨	虫一彐止
遉	辵卜貝
喣	口丩口火
礨	三田石
矘	目八宀口囪火火
岪	山弓刂
骾	冎䏑内攴
矲	矢网厶月匕匕
穋	禾习习人彡
鳰	人鳥
歈	亼月巛欠
艑	舟戶冊
狫	犭耂匕
猈	犭鬼十
腏	月四又
爢	广屮屮非火
麖	鹿亠口小
粁	米千
慛	心山隹
燗	火門月
漋	氵阝夂一生
禠	示𠂆虎
襛	衤曲辰
裺	衤大申
剭	尸至刂
媕	女亼口廾
搤	扌水皿
膵	月艹衣十
癠	疒齊
碆	氵皮石
駥	馬戈十
驉	馬虎丘
摠	扌囪心
勩	廿乚貝力
臡	廿口夫隹䏑
酳	酉幺月
樧	木乂屮丶殳
礧	石三田
卼	兀𠂊厂卩
磍	石宀丰口
顣	戊上小頁
朁	旡旡日
蠸	虫艹口口隹
蠨	虫艹尹亞一
跿	足走
躆	足虎豕
喭	口立厂彡
酅	山隹内口阝
缹	午凵火
鯬	禾丿刀魚
鬾	鬼竹又
臲	自木𠂊厂卩
欱	亼口欠
韱	从戈非一
犿	犭亠卜
鶀	鳥其
庮	广酉
煣	火予丿木
閜	門丂口
楘	予丿攴木
翂	习习八刀
邿	之寸阝
撋	扌門王
蚇	虫尸丶
郘	口口阝
蹸	足米癶
覛	巛卜見
膢	月婁
歍	烏欠
迒	辵亠几
瘣	疒鬼
汱	氵犬
汦	氵氏
阤	阝也
趡	走隹
堩	土心二日
聝	耳戈口一
琡	王上小又
璅	王巛田木
抭	扌宀几
頍	竹又頁
蔮	艹圍戈口一
薎	艹目冖亻戈
蕍	艹氵亼月巛
芵	艹コ又
轗	車戊一口心
軞	車毛
檍	木言甘心
鵸	大丂口鳥
鬳	虎一口冂八丁
蝯	虫爪一𠂇又
蛫	虫𠂊厂卩
蜛	虫尸十口
蠾	虫尸水目勹虫
跍	足十口
蹝	足彳止止
朄	申木四
晜	日弋弓
瞫	目西日十
篭	竹辛甲
饁	食大凵皿
鑕	金斤斤貝
覶	爪幺冂又見
獿	犭頁止巳夂
腛	月尸至
鯲	魚烏烏
譺	言旡大牛止
廧	广𠂹圍口
鄁	北月阝
憢	心土土土兀
逤	辵氵小丿
襣	衤自田矢
覭	冖日亠八見
鼏	冖目爿爿
鱀	食旡魚
娙	女一巛工
鴽	女口鳥
趍	走夕夕
蕦	艹彡頁
碄	石木木
螁	虫辵食
虭	虫刀
蛁	虫刀口
罺	四巛田木
鈆	金公
縏	舟殳糸
鵔	鳥厶八夂
訿	言止匕
衵	衤日
郠	内攴阝
壴	南豆
髠	長彡几
挬	扌十冖子
兙	十口儿十
莥	艹犭彐丨
欶	木口欠
欝	乂乂木木四食寸
砐	石𠂊又
蟖	虫其斤
瓽	八宀口瓦
嵺	山习习人彡
嵾	山三厶人彡
骴	冎䏑止匕
箚	竹亼口刂
笐	竹亠几
顖	囟心頁
傰	亻山月月
錻	金戈止
胘	月亠幺
鴥	鳥穴
斖	文廾凡口冖且
齍	齊皿
癵	疒言糸糸䏑
懥	心十冖田足
爟	火艹口口隹
炾	火口儿
悷	心戶犬
瀄	氵竹食卩
澓	氵彳𠂉日夂
襢	衤亠圍口日一
堾	土丰日
扨	扌刀丶
蛓	才戈虫
栂	木母
蛣	虫士口
蠉	虫目一口衤
鋄	金一火又
譝	言黽
翍	习习皮
鶝	一口田鳥
瑓	王木四
髺	長彡舌
駬	馬耳
瑵	王又爪虫
擖	扌艹日勹亡
攭	扌彑豕虫虫
剒	巛日刂
葴	艹戊一口
芚	艹一屮
蓚	艹亻丨攴彡
醓	酉冖儿皿
櫹	木艹尹亞一
輘	車土八夂
杁	木人
桹	木丶艮
鷞	大四乂鳥
贙	虎虎貝
蹞	足匕頁
咉	口冂大
巏	山艹口口隹
嵲	山自木
崷	山八酉
矉	目宀一㐄貝
犐	牛禾斗
篎	竹目小丿
鵅	夂口鳥
鰜	魚禾禾彐
螤	文虫日人
漮	氵广尹⺍
漅	氵巛田木
縰	糸彳止止
盭	幺土半攴皿
藄	艹其糸
朼	木匕
磈	石鬼
跈	足人彡
巑	山之儿之儿貝
誻	言水日
鴐	力口鳥
陫	阝非
耾	耳𠂇厶
抪	扌攴巾
藲	艹木匚三口
臷	才戈至
藈	艹目癶一大
蘬	艹丿㠯止彐冖巾
鵏	甫鳥
楕	木𠂇月
椣	木冊廾
梴	木廴丿止
麷	𠂹夂丰丰山豆
蠠	頁圍虫虫
鵄	至鳥
蟟	虫一火日小
蠦	虫虎田皿
齖	齒牙
瞡	目夫見
稑	禾土八土
傂	亻𠂆虎
偯	亻衣口
蠫	豸刂虫虫
舼	舟廿廾
艐	舟乂凵八夂
鱵	魚竹戊一口
欿	𠂊臼欠
諔	言上小又
譈	言亠口子攴
廦	广尸口辛
鶊	广彐人鳥
渜	氵而大
溠	氵𠂹𠂇
寁	宀一彐止
刔	コ又刂
鵖	艮鳥
翪	习习乂凵八夂
縓	糸厂白小
絋	糸广厶
葟	艹白王
釱	金大
凩	凡木
諓	言戈戈
豏	豆禾禾彐
瓀	王雨而
蓻	艹土半丸
雗	十日十𠂉隹
苲	艹𠂉匕
蓎	艹广尹口
醶	酉亼口口从
輲	車山而
梻	木亻弓刂
砄	石コ又
貣	弋貝
齝	齒厶口
蹅	足木且
嵅	山戊一口
甀	𠂹土瓦
篞	竹氵日土
伜	亻九十
顩	亼口口从頁
鎺	金示且
舩	舟公
膙	月弓口虫
鵤	𠂊用鳥
袌	衣勹巳
怢	心手丶
怋	心巳七
懘	氵廿儿冖巾心
湨	氵目犬
阸	阝戶乙
婘	女米廾卩
諅	其言
梜	木亦人
砅	石水
硉	石彐キ
嵽	山廿儿冖巾
穨	禾几廾貝
泧	氵戈乚
溾	氵鬼
邧	一兀阝
镻	長手丶
鬄	長彡日勿
駪	馬之儿
騉	馬日匕匕
薞	艹歹食
蘡	艹貝貝女
釂	酉爪四食寸
檕	車凵殳木
橅	木亦廿火
豥	豕兀彑
尳	尤冎䏑
齾	虎一口冂八丁犬齒
躟	足衣口口甘
踤	足衣十
鷕	口隹鳥
嚪	口門𠂊臼
啒	口尸止凵
峞	山𠂊厂卩
秠	禾不一
轝	𦥑牙廾車
鵀	亻工一鳥
酓	亼㇕酉
忀	彳衣口口甘
狾	犭扌斤
魳	魚一巾
鰋	魚匚日女
蝱	亡虫虫
謪	言辛内口
廅	广大凵皿
羛	羊弓刂
粭	米亼口
熰	火匚三口
焍	火弋弓
襒	衤巾⺍攴
隺	冖隹
緅	糸耳又
螿	爿䏑寸虫
牄	爿亼户口
緪	糸心二月
坥	土且
馵	馬廾
搳	扌宀丰口
蘴	艹丰丰山豆
蔜	艹凵方攴
芇	艹巾
萴	艹貝刂
枺	木一木
杝	木也
蛅	虫卜口
蝝	虫彑豕
暡	日公习习
狊	目犬
罼	四田其
籗	竹雨隹
饎	食南豆口
鈌	金コ又
臄	月虎豕
謰	言辵車
詙	言犬丿
謱	言婁
愅	心革
怴	心戈乚
渨	氵田衤
淭	氵戶木
顤	土土土兀頁
剺	二木攴厂刀
趬	走土土土兀
豰	南豕殳
驔	馬西日十
騱	馬爪幺大
珕	王三力
兝	十口儿八刀
鞈	革亼口
飌	艹口口隹凡虫
蒭	艹𠂇艹
豵	豕從
蟦	虫屮貝
蚞	虫木
蛦	虫大弓
蜪	虫勹午凵
蟉	虫习习人彡
蹎	足匕目廾
噮	口目一口衤
嗺	口山隹
曮	日口口厂彑攴
罭	网戈口一
岏	山一兀
崵	山日一勿
睮	目亼月巛
籈	竹西土瓦
鄅	丿虫九阝
笰	竹弓刂
籊	竹习习隹
佒	亻冂大
貆	豸二日
媻	舟殳女
鄐	亠幺田阝
鶶	广尹口鳥
廥	广亼囪甘
糂	米甘匚八
愃	心宀二日
慅	心又爪虫
澽	氵虎豕
淟	氵冊廾
濵	氵宀尸貝
鶣	戶冊鳥
禒	示彑豕
裶	衤非
袀	衤勹二
扻	扌欠
槥	木丰丰彐
檥	木羊手戈
蝍	虫食卩
哤	口犬彡
睊	目口月
矌	目广廿大日
筀	竹土土
鏙	金山隹
錎	金𠂊臼
腲	月田衤
膲	月隹火
肒	月丸
鄾	頁心夂阝
坱	土冂大
塯	土卯田
髶	長彡耳
黈	廿大日丶王
鞺	革八宀口土
蕇	艹口口甲一
菙	艹𠂹土
菕	艹亼冊
梂	木十⺍丶
梐	木匕匕土
雺	雨予丿
蝿	虫黽
蚥	虫攴
昒	日勿
鄨	巾⺍攴口巴
眃	目二厶
幧	巾三口木
罻	网尸示寸
鷽	廾乂乂冖鳥
鄇	𠂊厂矢阝
衠	行匕目廾
瓻	乂乂巾瓦
猳	犭厂二彐又
斒	文戶冊
麚	鹿厂二彐又
羬	羊戊一口
燵	火辵土羊
恌	心儿⺍
淊	氵𠂊臼
袉	衤宀匕
褄	衤一尹女
隲	阝小丿馬
睯	巳七攴目
嫥	女東厶寸
妐	女公
撽	扌白方攴
杶	木一屮
椳	木田衤
樏	木田糸
枆	木毛
鷐	日辰鳥
昈	日戶
眓	目戈乚
罬	网四又
胹	月而
鸃	鳥羊手戈
鱦	魚黽
痑	疒夕夕
鄳	黽阝
塕	土公习习
塉	土⺍人月
嗀	南口殳
憃	丰臼心
駴	馬戈廾
捵	扌冊廾
摿	扌人言甘
蘁	艹王四口
鞜	革水日
葧	艹十冖子力
虌	艹巾⺍攴黽
藡	艹辵不冂口
鸏	艹宀一豕鳥
輤	車生井
軮	車冂大
楰	木廾人
鶆	𠂹鳥
奝	大用口
鵊	亦人鳥
礭	石雨隹
蟨	厂大下欠虫
蟢	虫南豆口
蟃	虫冖二目又
齘	齒亻八
蝷	虫广大下
蠽	小隹戈虫虫
幎	巾冖日亠八
峚	山大土
峗	山𠂊厂卩
雟	屮隹内口
箆	竹冂人匕匕
筤	竹丶艮
簶	竹示彐水
獂	犭厂白小
糎	米厂田土
籾	米刀丶
謍	火火冖言
寠	宀婁
穾	穴丿大
祋	示殳
褼	衤西廾卩
裮	衤日日
袡	衤冉
鄍	冖日亠八阝
舝	㐄巛冖厶㐄
勠	习习人彡力
蛃	虫一内
踳	足丰日
昤	日亼卩
麁	𠂊鹿
絭	米廾糸
懧	心宀心皿丁
邔	巳阝
攕	扌从戈非一
拲	廿廾手
蘦	艹雨口口口
蘻	艹車凵殳糸
蘙	艹匚矢殳习习
蒏	艹冖酉
酘	酉殳
罊	車凵殳午凵
轐	車业廾
輆	車兀彑
樴	木言甘戈
霩	雨亠口子阝
厬	厂日夂卜口
豜	豕干干
跲	足亼口
踒	足禾女
畖	田瓜
冔	冖二口丁一
矂	目三口木
鴸	𠂉木鳥
穐	禾龜
籏	竹方𠂉其
鶂	臼儿鳥
甈	自木瓦
觟	𠂊用土土
凓	冫西木
湠	氵山𠂇火
潝	氵亼口习习
韛	㐄口㐄矢用
鶸	弓冫弓冫鳥
綧	糸亠口子
圢	土丁
茙	艹戈十
碫	石厂三殳
唒	口酉
徲	彳尸水牛
鑮	金艹氵甫寸
釸	金夕
獑	犭車斤
悐	犭火心
鄡	鳥木阝
觬	𠂊用臼儿
怚	心且
垒	三厶土
鳱	干鳥
趭	走隹火
擶	扌竹䒑月刂
韅	革日幺幺火
蔈	艹西示
蕛	艹禾弋弓
毄	車口殳
柹	木才乚
梌	木亼木
麬	𠂹夂皮
砿	石广厶
蠮	虫匚矢殳习习
剻	山月月刂
骫	冎䏑丸
睕	目宀夕卩
篕	竹大凵皿
鵹	禾丿刀鳥
敿	丿大口冂口攴
毨	毛之儿
簓	竹用口彡
伻	亻干八
儢	亻虎田心
豻	豸干
褹	衤土八土丸
膉	月水皿
詄	言手丶
袲	衣夕夕
庪	广扌竹又
廏	广白匕殳
麆	鹿且
烰	火爪子
懫	心斤斤貝
懻	心北田廾人
瀫	氵南糸殳
滱	氵宀一兀攴
寙	宀瓜瓜
襩	衤凵网貝
皹	皮冖車
螱	尸示寸虫
鶋	尸十口鳥
隓	阝𠂇𠂇
頨	习习頁
鶨	彑豕鳥
醙	酉申又
蠳	虫貝貝女
螰	虫鹿
眲	目耳
簝	竹一火日小
餟	食四又
鯺	魚耂
湱	氵丰石
赨	大火虫
埓	土爪寸
壛	土門𠂊臼
郰	耳又阝
刌	寸刂
撜	扌癶豆
蓲	艹匚三口
醳	酉目土半
醷	酉言甘心
檡	木目土半
楺	木予丿木
碅	石圍禾
韰	歹又非一
蝺	虫丿虫九
螑	虫自犬
黤	囪火火大申
峬	山甫
剬	山而刂
瞲	目予丿内口
垼	彳殳土
鋺	金宀夕卩
峱	犭彐丨山
獽	犭衣口口甘
魧	魚亠几
譠	言亠圍口日一
韏	米廾㐄口㐄
煃	火大土土
煁	火甘匚八
濣	氵十日十人斗
溰	氵山豆
宎	宀丿大
祑	示手丶
裖	衤辰
襭	衤士口頁
堲	食卩土
嬽	女四丨一四乚大
琟	王隹
撊	扌門月
硱	石圍木
幩	巾屮貝
觕	牛𠂊用
鯦	魚夂卜口
譀	言彑攴
恲	心从二
阺	阝氏一
螜	南殳虫
墱	土癶豆
髬	長彡不一
鬎	長彡木口刂
鬖	長彡三厶人彡
摦	扌大一丂瓜
蘵	艹耳言甘戈
樝	木虎且
轙	車羊手戈
甝	虎甘
蝚	虫予丿木
嚾	口艹口口隹
躩	足目目隹又
躈	足白方攴
嚃	口辵目水
哅	口勹乂凵
獘	巾⺍攴犬
瞚	目矢圍
劗	之儿之儿貝刂
篧	竹冖隹
狜	犭十口
顈	匕糸頁
蠯	广鬼十虫虫
熿	火廿大日
忰	心九十
漊	氵婁
汳	氵厂又
灛	氵門口口甲一
甂	戶冊瓦
窢	穴戈口一
飁	习习白凡虫
羾	习习工
鄛	巛田木阝
縪	糸田其
纗	糸山隹内口
妵	女丶王
嬥	女习习隹
瓵	厶口瓦
硩	扌斤石
硈	石士口
磼	石隹木
咠	口耳
噆	口旡旡日
鳻	八刀鳥
臅	月目勹虫
鞷	一口冂八丁革
赮	大火厂二彐又
鬫	鬥彑攴
鬕	長彡屮日
攡	扌屮乂凵厶九隹
鷏	匕目廾鳥
鞆	革一内
茣	艹口乚大
蘥	艹亼口口口冊
蕧	艹彳𠂉日夂
藭	艹穴身弓
櫡	木竹耂
棜	木烏烏
檖	木辵八豕
蚹	虫亻寸
趷	足气
甹	由丂
鸓	三田鳥
毟	小丿毛
歂	山而欠
犈	牛米廾卩
傽	亻辛日
徿	彳龍
鷭	釆田鳥
狋	犭示
肐	月气
鯏	魚禾刂
鰝	魚亠口冂口
甋	不冂口瓦
庴	广巛日
麎	鹿辰
憉	心南豆彡
潀	氵目从
溌	氵癶二儿
裋	衤豆
隇	阝戊一女
隑	阝山豆
緆	糸日勿
嫷	女阝𠂇月
縃	糸足月
玿	王刀口
捼	扌禾女
挩	扌公儿
砎	石亻八
齫	齒圍木
穧	禾齊
鸔	鳥日廿廾水
鮹	魚小月
渹	氵勹言
鳺	夫鳥
鼜	南豆竹又又爪虫
趜	走勹米
駤	馬至
駽	馬口月
薽	艹西土瓦
荾	艹厶八夂
榙	木艹亼口
軵	車亻寸
椶	木乂凵八夂
鶠	匚日女鳥
黳	匚矢殳囪火火
蜌	虫匕匕土
曋	日西日十
矐	目雨隹
幝	巾口口甲一
帗	巾犬丿
嶀	山雨一丂
馧	禾日日皿
齀	自田矢瓦
鰴	彳長魚攴
饡	食之儿之儿貝
艓	舟廿乚木
羭	羊亼月巛
覮	火火冖見
澅	氵彐キ田一
窱	穴亻丨攴木
禭	示辵八豕
闑	門自木
褽	尸示寸衣
鵽	四又鳥
鄪	弓刂貝阝
嬐	女亼口口从
櫋	木自穴方
蛌	虫瓜
蟂	虫鳥木
螏	虫疒矢
徾	彳山言攴
豍	豆鬼十
鴶	士口鳥
駓	馬不一
鞹	革亠口子阝
蒪	艹甫寸
薧	艹亠口冖一夕匕
蕄	艹門心
枎	木夫
醼	酉廿北口火
輚	車戈戈
轑	車一火日小
霋	雨一尹女
礣	石艹目戈人
豤	豕艮
嚔	口十冖田厶止
跰	足从二
啽	口亼口廾
晪	日冊廾
黖	囪火火旡
篶	竹圍止烏
鄋	申又阝
鸄	白方攴鳥
鵆	行鳥
艕	舟凡方
鱏	魚西日十
庬	广犬彡
癪	疒禾丰貝
翷	米癶习习
煝	火尸目
澞	氵虎口乚大
襫	衤大一白一白
顐	冖車頁
敪	四又攴
翑	习习丩口
緰	糸亼月巛
坁	土氏
嚍	口尹一火皿
杗	亡木
懭	心广廿大日
鄑	至至日阝
璬	王白方攴
馲	馬丿七
駖	馬亼卩
憼	䒑勹口攴心
檪	木白⺍木
椔	木巛田
磃	石𠂆虎
碯	石巛囟
畭	田亼木
譻	貝貝言
髐	冎䏑土土土兀
髊	冎䏑𠂹𠂇
稘	禾其
秎	禾八刀
鷑	竹立鳥
錣	金四又
狑	犭亼卩
甔	𠂊厂言瓦
斪	丩口斤
諈	言𠂹土
憛	心西日十
顲	火火亠圍口頁
憰	心予丿内口
滜	氵白大十
祳	示辰
襹	衤一冂丶一冂丶鹿
鸐	习习隹鳥
軬	厶大車
蜤	木斤虫
蝐	虫冖二目
鴅	冂亠鳥
鱐	魚尹亞一
翜	习习亦人
殟	歹日皿
鼘	南豆竹又亞一
鼀	土八黽
瞉	南目殳
鬠	長彡亼囪甘
髼	長彡夂丰
蛪	丰刀虫
撠	扌十日十戈
蓩	艹予丿夂力
葌	艹三女
磩	石戊上小
鬵	旡旡一口冂八丁
隿	弋隹
齞	齒口八
蠩	虫言耂
螛	虫宀丰口
跙	足且
嚵	口爲匕匕爲儿丶
晇	日大一丂
睅	目日干
奰	三目大
穛	禾隹火
稯	禾乂凵八夂
餝	食艹方
鏏	金丰丰彐
鵃	舟鳥
劖	爲匕匕爲儿丶刂
鸗	龍鳥
羠	羊大弓
糷	米艹門木四
燖	火彐工口寸
焆	火口月
烑	火儿⺍
惼	心戶冊
糪	尸口辛米
陭	阝大丂口
繉	糸目儿⺍
媆	女而大
挏	扌凡口
鵛	一巛工鳥
胉	月白
鮅	魚弋八
墆	土廿儿冖巾
趏	走舌
鞻	革婁
荅	艹亼口
橭	木十口辛
桋	木大弓
軶	車戶乙
蜳	虫亠口子
跮	足至
遻	辵口口大下
畽	田亻東土
黕	囪火火冖儿
峌	山至
崺	山方也
眝	目宀丁
篏	竹甘欠
秅	禾丿七
簔	竹衣二艹
篣	竹凡方
鼮	臼釆廴亻土
皫	白鹿火
鄎	自心阝
餢	食丶不口
鎭	金匕目廾
鶢	爪一𠂇又鳥
艛	舟婁
衁	亡丿皿
帣	米廾巾
羜	羊宀丁
瀴	氵貝貝女
翐	习习手丶
刜	弓刂刂
圲	土千
耴	耳乚
揘	扌白王
掽	扌立立
磛	車斤石
楎	木冖車
蚼	虫丩口
号	口丂
簂	竹圍戈口一
馣	禾日大申
仜	亻工
鮿	魚耳乚
邟	亠几阝
矕	言糸糸目
颪	下凡虫
殦	歹鳥
鼛	南豆竹又夂卜口
墋	土三厶人彡
蛬	廿廾虫
酀	廿北口火阝
蔧	艹丰丰彐
靪	革丁
莌	艹公儿
蒮	艹冖隹
榬	木土口衤
橲	木南豆口
櫼	木从戈非一
栚	木䒑大
蝡	虫而大
豦	虎豕
齱	齒耳又
螪	虫辛内口
欭	圍大欠
躖	足幺幺二幺幺丨
噞	口亼口口从
毼	日勹亡毛
籉	竹之口冖至
簼	竹扌魚魚
鑓	金辵廾㠯
豽	豸内
飉	凡虫一火日小
獀	犭申又
觰	𠂊用耂
觩	𠂊用十⺍丶
譑	言丿大口冂口
艵	从二𠂊巴
慔	心屮日
熕	火工貝
熚	火田其
鴬	⺍冖鳥
寉	宀隹
裧	衤火火
弣	弓亻寸
扑	扌卜
霮	雨氵甘匚八
蚻	木乚虫
蛖	虫犬彡
蛢	虫从二
膹	月屮貝
鰿	魚丰貝
魾	魚不一
誫	言辰
聈	耳幺力
鬊	長彡丰日
鬤	長彡衣口口甘
抏	扌一兀
攍	扌龍女
藀	艹火火冖火
櫰	木衣目水
厒	厂午凵
蛚	虫歹刂
辴	口口甲一辰
稒	禾圍十口
鼳	臼釆目犬
齃	自田矢日勹亡
貛	豸艹口口隹
謥	言囪心
痸	疒牛巾刂
郱	从二阝
羵	羊屮貝
麊	米鹿
窙	穴耂子
陎	阝𠂉木
嬎	女爲儿生
摍	扌宀亻一白
鏬	金虎爪丁
涾	氵水日
騺	土半丸馬
鼁	大凵黽
鬌	長彡𠂇月
驖	馬才戈口亻土
捘	扌厶八夂
荳	艹豆
兣	十口儿厂田土
蘉	艹目冖亻彐冖又
藫	艹氵西日十
藬	艹阝廾貝
梬	木由丂
礥	石臣又貝
螐	虫烏
蜧	虫戶犬
踸	足甘匚八
跜	足尸匕
唈	口口巴
喢	口干臼
斀	目勹虫攴
嶚	山一火日小
躽	身匚日女
軈	身广亻隹心
偋	亻尸从二
舮	舟戶
浲	氵夂丰
竁	穴三毛
氄	予丿内口毛
彋	弓目一口衤
媰	女𠂇艹
纐	糸大乂頁
葞	艹弓耳
鷒	東厶寸鳥
朻	木丩
覝	干火見
坅	土亼㇕
擉	扌目勹虫
郣	十冖子阝
蘣	艹廿大日丶王
櫅	木齊
樔	木巛田木
蠝	虫三田
蚢	虫亠几
毾	日习习毛
崨	山一彐止
舕	舌火火
僓	亻廾貝
譥	白方攴言
敆	亼口攴
銲	金日干
鋊	金八公
臕	月鹿火
訰	言一屮
怲	心一内
烻	火廴丿止
袕	衤穴
蟴	其斤虫
篻	竹西示
鮛	魚上小
觻	𠂊用白幺幺木
濜	氵尹一火皿
紖	糸弓丨
麉	干干鹿
虣	戈止虎
鬁	長彡禾刂
駾	馬公儿
騢	馬厂二彐又
蘜	艹革勹米
蔖	艹虎且
藑	艹𠂊穴目攴
蔒	艹尹口火
蒘	艹女口手
磤	石身殳
蛂	虫犬丿
螇	虫爪幺大
嚊	口自田矢
巆	山火火冖口口
巀	山小隹戈
嵣	山广尹口
嶭	山丿㠯辛
眣	目手丶
儥	亻凵网貝
狘	犭戈乚
獧	犭目一口衤
竘	立丩口
黂	广屮屮屮貝
羺	羊雨而
烓	火土土
灟	氵尸水目勹虫
阠	阝乙十
虋	艹廾凡口冖酉八刀
杢	木工
蚫	虫勹巳
嵱	山穴公
刱	井刀八
槷	土八土丸木
搹	扌一口冂八丁
攇	扌宀丰目心
麶	𠂹夂屮乂凵厶九
磪	石山隹
蜠	虫圍禾
蜁	虫𠂉足
馦	禾日禾禾彐
筡	竹亼木
觡	𠂊用夂口
駂	匕十馬
濴	氵火火冖水
鳵	乙十鳥
螴	阝東虫
葋	王艹王丩口
柖	木刀口
趹	足コ又
嶜	山旡旡日
矏	目自穴方
顉	金頁
鮴	魚亻木
謯	言虎且
熉	火口貝
蟗	一中冖止凵虫
趪	走廿大日
髱	長彡勹巳
揨	扌亠口冖丁
鼖	屮南豆竹又
蕵	艹夕食
萒	艹亠公儿
醗	酉癶二儿
蜲	虫禾女
蟤	虫卩卩几
嘾	口西日十
踃	足小月
稫	禾一口田
觷	廾乂乂冖𠂊用
鼥	臼釆犬丿
鼤	臼釆文
跾	亻丨攴足
鳹	亼㇕鳥
瓫	八刀瓦
逓	辵𠂆二巾
胅	月手丶
庰	广从二
炌	火亻八
灗	氵虫亠圍口日一
鶌	尸止凵鳥
橉	木米癶
飺	止匕食
鱁	魚辵豕
鰫	魚穴公
圫	土丿七
鵱	土八土鳥
鬗	長彡廿内内
觢	丰刀𠂊用
兞	十口儿毛
鞊	革士口
榰	木耂匕日
栜	木木冂
螹	虫車斤
齥	齒申丿
囆	口廾田厶九虫
躨	足八頁止巳夂
嗋	口三力月
嶱	山艹日勹亡
睔	目亼冊
聟	矢口耳
鷮	丿大口冂口鳥
鼣	臼釆犬
傮	亻東東甘
皏	白从二
鵗	乂乂巾鳥
瞂	𠂆丨目犬丿
瓝	瓜勹丶
猏	犭戶月
臇	月隹冂凵
鷷	八酉寸鳥
恞	心大弓
涆	氵日干
褅	衤不冖
顄	矢凵頁
鳭	刀鳥
翨	习习日圍止
跇	足廿乚
甖	貝貝瓦
嶬	山羊手戈
鼲	臼釆冖車
飶	食弋八
鱞	魚目一口衤
痯	疒宀㠯
趓	走几木
驨	馬山隹内口
摏	扌丰臼
韇	革凵网貝
茦	艹木冂
鷋	艹亼木鳥
萲	艹爪一𠂇又
醥	酉西示
軯	車干八
輷	車勹言
蜬	虫矢凵
踥	足辛女
鄵	三口木阝
睼	目日圍止
嶟	山八酉寸
眑	目幺力
揫	禾火手
筄	竹儿⺍
僁	亻釆心
貜	豸目目隹又
猣	犭乂凵八夂
鱢	魚三口木
頯	䏑廾頁
謞	言亠口冂口
竏	立千
麜	鹿西木
麔	鹿夂卜口
顅	戶月頁
裷	衤米廾卩
鵋	巳心鳥
婟	女圍十口
茥	艹土土
矹	石兀
汆	人水
膆	月丰糸
憴	心黽
欯	士口欠
塓	土冖日亠八
聇	耳圍止
馽	馬中
醹	酉雨而
蚲	虫干八
蜐	虫大凵力
蟘	虫亻弋貝
蜦	虫亼冊
矔	目艹口口隹
幭	巾艹目戈人
嵷	山從
峉	山夂口
嶡	山厂大下欠
毰	毛丶不口
傚	亻大乂攴
屔	丘尸匕
朡	月乂凵八夂
鷛	广尹用鳥
瀔	氵南禾殳
渳	氵弓耳
覕	弋八見
嬓	女白方攴
垘	土亻犬
蝁	亞虫
梇	木王廾
鄟	東厶寸阝
痝	疒犬彡
殱	歹才戈非一
鶈	一尹女鳥
邞	夫阝
趥	走八酉
镺	長丿大
駍	馬干八
驠	馬廿北口火
搚	扌三力月
歕	屮貝欠
蒬	艹冖爲儿丶
鷘	木口攴鳥
楾	木白水
槉	木疒矢
齴	齒立厂彡
蝬	虫乂凵八夂
蝑	虫足月
嘕	口圍止烏
謈	日廿廾言
鷜	婁鳥
嵑	山日勹亡
岤	山穴
峐	山兀彑
鴔	丿之鳥
鎒	金辰寸
觤	𠂊用𠂊厂卩
觙	𠂊用𠂊又
誙	言一巛工
鶙	不冖鳥
塺	广屮屮土
庱	广土八夂
懤	心耂工口寸
糔	米又爪虫
煔	火火卜口
瀖	氵雨隹
祒	示刀口
蠿	幺幺二幺幺丨虫虫
隤	阝廾貝
糱	屮丿㠯辛米
玤	王丰
枦	木戶
蜙	虫木公
釼	金刀丶
颬	凡虫牙
戃	心八宀口囪火火
寋	宀屮人卩
轖	車𠂹圍口
檹	木方𠂉大丂口
鴮	大一丂鳥
矺	石丿七
匷	匚目目隹
刞	且刂
眱	目大弓
龤	亼口口口冊匕匕白
艪	舟魚日
臐	月東火
膱	月言甘戈
惾	心乂凵八夂
灖	氵广屮屮非
鼊	尸口辛黽
弴	弓亠口子
彏	弓目目隹又
蜄	虫辰
鴩	手丶鳥
蛗	丿㠯虫
兛	十口儿千
韄	革䒑隹又
蒫	艹𠂹𠂇
轈	車巛田木
裻	上小又衣
螔	虫𠂆虎
噊	口予丿内口
雂	亼㇕隹
躗	行㐄口㐄足
鐀	金廾貝
鵌	鳥亼木
殶	丶王殳
麡	鹿齊
醟	火火冖酉
濭	氵艹大凵皿
濦	氵爪工彐心
襷	衤𦥑牙廾手
朾	木丁
餪	食而大
怬	心四
蒆	艹工凡女
鞃	革弓厶
菣	艹臣又
蔩	艹矢圍
葈	艹厶口木
蛷	虫十⺍丶
蚙	虫亼㇕
嘝	口𠂊用斗
岯	山不一
缿	午凵𠂆口
斔	文虫廾人
剆	丶艮刂
旞	方𠂉辵八豕
熐	火冖日亠八
郼	㐄口㐄阝
憵	尸口辛心
顟	习习人彡頁
縜	糸口貝
鴢	幺力鳥
攗	扌鹿米
柫	木弓刂
踕	足一彐止
嘳	口廾貝
趀	走才乚
珱	王⺍女
藣	艹网厶月匕匕
欘	木尸水目勹虫
袃	七刀衣
螶	工コ虫虫
顪	止戊一㐄頁
齺	齒𠂇艹
翢	用口习习
峷	山辛
岮	山宀匕
爂	廾凡口冖火
豼	豸匕匕
鰖	魚𠂇月
毈	卯冫厂三殳
觓	𠂊用丩
鷾	言甘心鳥
罋	亠阝隹午凵
觠	米廾𠂊用
襳	衤从戈非一
赶	走干
蜸	臣又虫
饙	食屮貝
鎎	金气米
獛	犭业廾
謕	言𠂆虎
鞂	革禾
藗	艹辵木口欠
鷣	西日十鳥
鷢	厂大下欠鳥
蝛	虫戊一女
蝹	虫日皿
鷤	口口甲一鳥
揱	小月刂手
昲	日弓刂
遾	辵竹工从
筺	竹匚王丶
鼺	臼釆三田
斞	廾人斗
谾	八公穴工
膟	月亠幺⺍十
烶	火廴亻土
韟	㐄口㐄白大十
瞇	目辵米
槃	舟殳木
蓾	艹卜圍米
藃	艹亠口冂口欠
鷅	西木鳥
霵	雨口耳戈
蟔	虫囪火火
蠷	虫目目隹
齻	齒匕目廾
贆	貝三犬
髍	冎䏑广屮屮
顝	冎䏑頁
刉	气刂
衈	丿皿耳
譇	言大耂
黀	广屮屮耳又
麠	鹿三田田
瀢	氵辵廾貝
漇	氵彳止止
鶟	穴犬鳥
屖	尸辛
苬	艹圍人
駷	馬木口
裚	扌斤衣
轛	車业羊寸
蠜	乂乂木木又𠂇虫
礝	石雨而
豟	豕戶乙
砨	石戶乙
欳	卜冊欠
顋	田心頁
峅	山厶廾
鼭	臼釆之寸
倇	亻宀夕卩
鵵	爲儿丶鳥
螷	广鬼十虫
襓	衤土土土兀
幦	尸口辛巾
鶅	巛田鳥
鴘	厶廾鳥
蝫	虫耂
曭	日小冖囪火火
簢	竹門文
艀	舟爪子
瀩	氵禾几頁
祐	示𠂇口
馯	馬干
騥	馬予丿木
揯	扌心二月
薂	艹白方攴
遳	辵艹从土
轚	車凵殳車
欈	木山隹内口
橳	木舟丨廾力
虪	虎亻丨攴囪火火
蝭	虫日圍止
蝖	虫宀二日
躤	足艹耒巛日
氁	毛屮日
貏	豸鬼十
魻	魚甲
浶	氵宀牛
祪	示𠂊厂卩
鉹	金夕夕
譋	言門月
雈	䒑隹
燅	土八土火火
騹	馬廿口丰
攌	扌圍目一口衤
菞	艹禾丿刀
橨	木屮貝
榽	木爪幺大
骿	冎䏑从二
齂	自田矢尹⺍
鶞	𠂆丨目鳥
貗	豸婁
讄	言三田
旝	方𠂉亼囪甘
瀱	氵网厂火火刂
鄈	癶一大阝
蝞	虫尸目
饇	食匚三口
戄	心目目隹又
孷	二木攴厂子
焣	耳又火
驈	馬予丿内口
蘳	艹廿大日土土
蕱	艹禾小月
楈	木足月
跠	足大弓
暆	日方𠂉也
黭	囪火火亼口廾
螸	八公欠虫
貄	豸彐キ
貀	豸止凵
鱹	魚艹口口隹
觲	𠂊用羊牛
頝	大乂頁
廜	广尸耂
窑	穴午凵
弤	弓氏一
鉠	金冂大
鮵	魚公儿
騴	馬日宀女
擨	扌𠂆虎欠
攐	扌宀屮人衣
橶	木十日十戈
鵫	卜日十鳥
岟	山冂大
犣	牛巛圍乂釆
穙	禾业廾
鵴	勹米鳥
謒	言亼户口
麙	鹿戊一口
毲	四又毛
蚸	虫广下
殥	歹矢圍
皾	凵网貝皮
镽	長一火日小
驆	馬田其
萰	艹木四
蓌	艹从土夂
榹	木𠂆虎
蹥	足辵車
簎	竹扌巛日
謘	言尸辛
袬	衣厶口
糫	米目一口衤
籸	米乙十
韕	㐄口㐄亠口子
縚	糸爪臼
鳿	王鳥
歋	𠂆虎欠
諚	言宀圍止
紎	糸犬
絼	糸豸
螼	虫廿口丰
歶	止匕田厶九
蠌	虫目土半
嚽	口凵方攴貝
踓	足隹
簅	竹立厂生
鼨	臼釆夂冫
衒	行亠幺
鱶	魚羊食
譣	言亼口口从
韲	齊非一
鵧	从二鳥
甐	米癶瓦
裍	衤圍木
緧	糸八酉
蜵	虫亞一
鸍	丁八网鳥
瓋	王辵不冂口
豱	豕日皿
顊	丿㠯十頁
鷎	白大十鳥
鸙	亼口口口冊鳥
餯	食彑豕
鮬	魚大一丂
譨	言曲辰
濻	氵阝廾貝
鴾	厶牛鳥
听	口斤
柠	木宀丁
賟	貝冊廾
猬	犭田月
猎	犭巛日
疴	疒丂口
凄	冫一尹女
疱	疒勹巳
遡	辵大下月
糇	米𠂊厂矢
攳	竹又彐工口寸
蘌	艹彳午止卩示
虃	艹氵从戈非一
椁	木亠口子
蟙	虫言甘戈
郹	目犬阝
毤	公儿毛
貁	豸穴
猑	犭日匕匕
鶛	匕匕白鳥
竀	穴圍止見
蛝	虫艮
貕	豸爪幺大
魱	魚二丩
鮤	歹刂魚
鬞	長彡曲辰
蕮	艹臼烏
蹗	足鹿
貾	貝氏一
痚	疒耂子
溛	氵穴瓜
疀	巛田一彐止
榩	木虎文
笻	竹工卩
靗	生井火儿
攓	扌宀屮人足
靲	革亼㇕
麧	𠂹夂气
瞝	目屮乂凵厶九
犥	牛鹿火
瓾	禾女瓦
觾	𠂊用廿北口火
羳	羊釆田
韗	㐄口㐄冖車
鷵	尸耂鳥
鞪	予丿攴革
桏	木工阝
胊	月丩口
藆	艹宀屮人手
豯	豕爪幺大
箈	竹氵厶口
郺	夕夕巛口巴
涄	氵由丂
鵳	戶月鳥
鶔	予丿木鳥
蔰	艹戶口巴
迺	辵西
鶐	辵屮丶鳥
蝆	虫丨羊
蜭	虫𠂊臼
賌	兀彑貝
瘱	疒亦人心
蠤	八酉虫虫
軝	車氏
蹪	足廾貝
郻	目乚巛阝
欨	丩口欠
覢	火火見
窲	穴米斗
翇	习习犬丿
孈	女山隹内口
鼰	臼釆貝
蘮	艹网厂火火刂
毻	𠂇月毛
蝔	虫匕匕白
蠗	虫习习隹
銔	金不十
旚	方𠂉西示
虇	艹弓艹口口隹
鶜	艹予丿鳥
蟡	虫爲
襺	衤艹冂糸丨虫
鰬	魚虎文
蘛	艹甘匚八了月
桙	木厶牛
雓	亼木隹
讂	言𠂊穴目攴
轏	車尸三子
蛵	虫一巛工
齤	米廾齒
酟	酉卜口
嶩	山曲辰
鱋	魚虎丘
痻	疒氏日
瓲	瓦一屮
霤	雨卯田
祼	示田木
踍	足耂子
蹳	足癶弓殳
矎	目𠂊穴目攴
餰	食行氵
痺	疒鬼十
蛶	虫爪寸
踙	足耳又
羷	羊亼口口从
窏	穴氵丁一
縯	糸矢圍
証	言圍止
晋	亞日
騣	馬乂凵八夂
惷	丰日心
藱	艹疒鬼
踂	足耳乚
酁	爲匕匕爲儿丶阝
冮	冫工
羦	羊宀一兀
壾	南豆工コ
殔	歹尹⺍
臙	月廿北口火
篲	竹丰丰彐
鴈	厂亻鳥
藚	艹凵网貝
鷻	鳥亠口子攴
眦	目止匕
亘	二日
甪	丿用
蔆	艹氵土八夂
姪	女至
壼	士冖亞
踫	足立立
痴	疒矢口
砲	石勹巳
珮	王凡巾
駮	馬大乂
鄻	夫夫車阝
舗	人土口甫
﨑	山立丂口
叙	亼木又
离	屮乂凵厶九
痲	疒十儿十儿
綉	糸禾㇕丿
虱	乙丿虫
籥	竹亼口口口冊
繙	糸釆田
揹	扌北月
滚	氵衣公
玅	亠幺小丿
玆	亠幺亠幺
攷	丂攴
査	木且
昵	日尸匕
屉	尸廿乚
倣	亻方攴
觝	𠂊用氏一
蜺	虫臼儿
釬	金干
嬭	女丁八网
无	兀一
与	牙牙
样	木羊
国	圍王丶
吨	口一屮
户	戶
巩	工凡
却	大凵卩
担	扌日一
撑	扌八宀口手
携	扌隹㇕丿
抬	扌厶口
栀	扌𠂆卩
构	木丩厶
贋	厂亻隹貝
医	匚矢
蝎	虫日勹亡
虮	虫几
咏	口巛亻
踪	足宀示
叹	口又
网	网
冈	网
岭	山亼卩
复	𠂉日夂
笋	竹尹
偬	亻囪心
众	三人
脚	月大凵卩
胆	月日一
庄	广土
凉	冫亠口小
决	冫コ又
恒	心二日
潜	氵夫夫日
汹	氵乂凵
袜	衤一木
宫	宀口口
幂	冖日大巾
卺	㇕水一卩
异	巳廾
壜	土日雨二厶
韆	革辵西廾卩
苁	艹从
栅	木冊
虬	虫乚
吕	口口
咤	口宀丿七
罎	午凵日雨二厶
秆	禾干
鼹	臼釆日宀女
隽	隹㇕丿
腭	月口口一丂
删	冊刂
胶	月大乂
鰌	魚八酉
籼	米山
泞	氵宀丁
姗	女冊
耤	耒巛日
耑	山而
苺	艹母
崳	山亼月巛
譆	言南豆口
扰	扌尤
芜	艹兀一
芦	艹戶
碱	石戊一口
奋	大田
厩	厂食旡
邮	由阝
毁	臼工殳
体	亻木一
优	亻尤
犹	犭尤
肮	月亠几
凑	冫丰一大
痒	疒羊
烛	火虫
怜	心亼卩
惊	心亠口小
羡	羊二欠
洁	氵士口
垦	艮土
竪	臣又立
篱	竹屮乂凵厶九
胇	月弓刂
灯	火丁
粧	米广土
鑵	金艹口口隹
媮	女亼月巛
舋	廾凡口冖且
橱	木厂豆寸
减	冫戊一口
耻	耳止
忾	心气
厨	厂豆寸
蹰	足厂豆寸
凛	冫亠圍口示
奬	爿䏑寸大
搥	扌辵丿㠯
薴	艹宀心皿丁
叡	歹八人目又
耡	耒且力
饟	食衣口口甘
欸	厶矢欠
厦	厂頁夂
厮	厂其斤
亲	辛木
届	尸由
瑯	王丶艮阝
鶏	爪夫鳥
瘉	疒亼月巛
鱫	魚爪冖心夂
袪	衤大凵
餬	食十口月
煖	火爪一𠂇又
埼	土大丂口
楄	木戶冊
殽	乂乂月殳
珐	王大凵
徬	彳凡方
鉆	金卜口
琎	王辵井
蹠	足广廿火
腘	月圍王丶
釆	釆
摀	扌烏
碶	石丰刀大
厢	厂木目
厠	厂貝刂
籴	人米
忧	心尤
伕	亻夫
禀	亠圍口示
幵	干干
眞	匕目廾
繈	糸弓厶虫
埜	木木土
疍	足日一
説	言公儿
詻	言夂口
鼇	凵方攴黽
嵒	三口山
餽	食鬼
粏	米大丶
叠	三又冖且
湣	氵巳七日
俵	亻衣毛
开	一廾
录	彐水
献	南犬
园	圍一兀
杀	乂屮
卬	匕卩
寻	彐寸
邓	又阝
茍	䒑勹口
吓	口下
彔	彑水
瓖	王衣口口甘
挶	扌尸㇕口
菫	艹一口丰
偪	亻一口田
僣	亻夫夫日
沨	氵凡乂
栒	木勹日
鐎	金隹火
萹	艹戶冊
嘡	口八宀口土
譔	言卩卩几
殰	歹凵网貝
撦	扌大耂
箄	竹鬼十
鎯	金丶艮阝
餈	二欠食
溇	氵婁
缐	糸白水
触	𠂊用虫
梽	木之心
媭	彡頁女
敩	⺍冖子攴
峃	⺍冖山
栐	木巛亻
訢	言斤
勣	丰貝力
拃	扌𠂉匕
櫂	木习习隹
閲	門公儿
偽	亻爲
鎷	金馬
搾	扌穴𠂉匕
槜	木隹㇕丿
蹾	足亠口子攴
鐏	金八酉寸
顔	立厂彡頁
权	木又
杂	九木
丽	一冂丶冂丶
垯	土辵大
币	丿巾
仅	亻又
澛	氵魚日
沟	氵丩厶
灵	彐火
叇	二厶辵尹⺍
萚	艹扌又キ
翙	山夕习习
箓	竹彐水
偺	亻夂卜日
鏆	金母貝
浕	氵尸丶冫
媿	女鬼
茧	艹虫
杧	木亡
鰙	魚艹𠂇口
鯎	魚戊㇕
怀	心不
濬	氵歹八目
汈	氵㇕一
塆	土亦弓
摃	扌工貝
蒅	艹氵九木
蟺	虫亠圍口日一
洟	氵大弓
睍	目見
佪	亻圍口
澂	氵長亻土攴
彊	弓三田田
﨟	艹月日勹亡
蓢	艹丶艮月
酛	酉一兀
䶮	龍一大
圙	圍八頁圍
蹽	足一火日小
峧	山大乂
箠	竹𠂹土
儸	亻网糸隹
剉	从土刂
鳤	魚竹宀㠯
魞	魚人
褎	衣臼禾
濹	氵田大火土
婫	女日匕匕
絺	糸乂乂巾
袰	母衣
扺	扌氏
茓	艹穴
㭎	木网
柽	木又土
硔	石廿廾
蹻	足丿大口冂口
啗	口𠂊臼
昙	日二厶
崠	山東
积	禾口八
敌	舌攴
侚	亻勹日
鈇	金夫
銶	金十⺍丶
魹	魚毛
浬	氵田土
絶	糸𠂊巴
鬶	夫見一口冂八丁
壈	土亠圍口禾
块	土コ又
毮	扌小丿毛
挘	扌小丿力
薳	艹辵土口衤
薭	艹禾鬼十
桛	木上下
橦	木辛東土
鶍	日勿鳥
峂	山夂冫
籡	竹扌亼口口从
䅟	禾厶大彡
劄	竹亼口刂
卽	白匕卩
㑇	亻𠂊彐
鱪	魚日耂
鱛	魚八囪甘
匋	勹午凵
鱜	魚阝食阝
庼	广匕頁
滧	氵大乂攴
襅	衤田其
屝	尸非
嗧	力口亼冊
紬	糸由
嚮	阝食阝宀口
殻	南几殳
搆	扌魚魚
搯	扌爪臼
挌	扌夂口
棊	其木
棡	木网山
噚	口彐工口寸
瞜	目婁
筴	竹亦人
餔	食甫
餗	食木口
舘	亼十口宀㠯
鑪	金虎田皿
备	夂田
謡	言爪午凵
詶	言⺍川
訑	言也
痳	疒木木
关	䒑大
忏	心千
汍	氵丸
溈	氵爲
队	阝人
緑	糸彐水
墫	土八酉寸
鶄	生井鳥
騧	馬冎口
駃	馬コ又
撢	扌西日十
撝	扌爲
㧐	扌又又
鷰	廿口北鳥
懃	廿口丰力心
䓬	艹卜日十
䓖	艹穴力
蘗	艹尸口辛木
鶒	木口力鳥
軏	車兀
輗	車臼儿
軨	車亼卩
㰀	木禾丿刀人水
楙	木予丿木
碕	石大丂口
囓	口丰刀止齒
啣	口午止卩
㘎	口門彑攴
僊	亻西廾卩
㿠	白火儿
儁	亻隹冂凵
鎗	金亼户口
貙	豸匚三口
貍	豸田土
録	金彐水
鐍	金予丿内口
䏝	月キ龴
鱰	魚网耂
鮸	魚爲儿
鮟	魚宀女
譊	言土土土兀
諰	言田心
譅	言刀丶刀丶止止
旛	方𠂉釆田
凅	冫圍十口
㤘	心𠂊彐
鸂	氵爪幺大鳥
宪	宀之儿
㮣	食旡木
勦	巛田木力
纁	糸東火
婬	女爪工一
毌	母
现	王見
个	竹
说	言公儿
为	爲
没	氵殳
这	辵文
对	又寸
发	丿犬又
两	一内内
项	工頁
专	キ龴
来	𠂹
动	二厶力
长	長
联	耳䒑大
帮	丰阝巾
热	扌丸火
拨	扌丿犬又
带	艹丨冖巾
节	艹卩
标	木示
横	木廿大日
龙	龍
页	頁
顾	厂卩頁
车	車
区	匚乂
暂	車斤日
轨	車九
软	車欠
点	卜口火
旧	臼
齿	齒
别	冎刂
员	口貝
吗	口馬
时	日寸
业	业
当	小彐
电	申
贱	貝一戈
败	貝攴
内	内
贩	貝厂又
见	見
赔	貝丶不口
县	且厶
税	禾公儿
气	气
传	亻キ龴
顺	川頁
们	亻門
伪	亻爲
会	人二厶
领	亼卩頁
从	从
镇	金十目廾
须	彡頁
钱	金一戈
钻	金卜口
钢	金网
铁	金手丶
铬	金夂口
胀	月長
腻	月弋二貝
独	犭虫
肿	月中
风	凡乂
脱	月公儿
鱼	魚
条	夂木
乐	𠂆木
争	𠂊尹
鸟	鳥
讲	言井
让	言上
调	言用口
齐	齊
诉	言广下
设	言殳
该	言兀彑
变	亦又
装	爿士衣
闻	門耳
闭	門才
问	門口
间	門日
门	門
将	爿夕寸
应	广⺍一
疗	疒了
废	广丿犬又
类	米大
炼	火七㇕八
总	公心
单	八甲一
粮	米丶艮
数	婁攴
洒	氵西
滤	氵虎心
测	氵貝刂
学	⺍冖子
汉	氵又
泼	氵丿犬又
宽	宀艹見
军	冖車
补	衤卜
审	宀申
实	宀冫大
马	馬
层	尸二厶
颇	皮頁
观	又見
难	又隹
验	馬亼⺍一
买	㇕冫大
骗	馬戶冊
张	弓長
阳	阝日
费	弓刂貝
办	力八
阴	阝月
习	习
弹	弓八甲一
随	阝辵𠂇月
红	糸工
续	糸十㇕冫大
纯	糸一屮
细	糸田
组	糸且
统	糸了儿
断	米乚斤
编	糸戶冊
经	糸㇕丶工
顸	干頁
蚕	一大虫
顶	丁頁
鹉	戈止鳥
垩	亞土
严	一业丿
亚	亞
恶	亞心
画	一田凵
残	歹一戈
殒	歹口貝
歼	歹千
殓	歹亼⺍一
殁	歹殳
殡	歹宀斤廾
灭	一火
虿	一力虫
迈	辵一力
坛	土二厶
墙	土土八圍口
盐	土卜皿
韦	㐄
颉	士口頁
埘	土日寸
坝	土貝
趱	走之儿之儿貝
进	辵井
辇	夫夫車
规	夫見
赵	走乂
顽	一兀頁
远	辵一兀
趋	走𠂊彐
坟	土文
圹	土广
颊	大䒑頁
夹	大䒑
郏	大䒑阝
壶	士冖业
壳	南几
声	南厂
韫	㐄日皿
场	土㇕勿
韬	㐄爪臼
运	辵二厶
玮	王㐄
寿	丰寸
焘	丰寸火
耢	耒艹冖力
环	王不
珑	王龍
顼	王頁
琏	王辵車
职	耳口八
璎	王貝貝女
责	丰貝
瑶	王爪午凵
玑	王几
靓	生井見
静	生井𠂊尹
麸	丰夂夫
𬍛	王𠂆木
艳	丰𠂊巴
聪	耳公心
耧	耒婁
聍	耳宀丁
鬓	長彡宀斤廾
玛	王馬
聂	耳又又
抚	扌兀一
挟	扌大䒑
摄	扌耳又又
挝	扌辵寸
捞	扌艹冖力
抴	扌廿乚
拢	扌龍
挞	扌辵大
拣	扌七㇕八
抠	扌匚乂
摅	扌虎心
损	扌口貝
挡	扌小彐
摆	扌网釆
拥	扌用
攒	扌之儿之儿貝
捡	扌亼⺍一
抡	扌人匕
抢	扌人卩
摇	扌爪午凵
垫	扌丸土
蛰	扌丸虫
挚	扌丸手
执	扌丸
抛	扌九力
絷	扌丸糸
撸	扌魚日
换	扌𠂊宀廾
搀	扌爲儿冫
挣	扌𠂊尹
挤	扌齊
过	辵寸
扩	扌广
扪	扌門
搁	扌門夂口
掷	扌䒑大阝
搂	扌婁
㧟	扌氵匚
搅	扌⺍冖見
拧	扌宀丁
挥	扌冖車
撺	扌穴中中
护	扌戶
摈	扌宀斤廾
扫	扌彐
摊	扌又隹
扬	扌㇕勿
报	扌卩又
掺	扌厶大彡
拟	扌厶人
荚	艹大䒑
苇	艹㐄
苌	艹長
协	十力八
鞯	革艹才子
蔷	艹土八圍口
茏	艹龍
荙	艹辵大
载	才戈車
莲	艹辵車
莴	艹冎
颧	艹口口隹頁
𦭜	艹口八
莳	艹日寸
蓝	艹刂𠂉丶皿
黄	廿大日
蓦	屮日馬
蔂	艹田糸
苘	艹冋
贳	廿乚貝
颠	十目廾頁
苋	艹見
荞	艹丿大刂
蔹	艹亼⺍一攴
获	艹犭犬
茑	艹鳥
藷	艹言耂
蔼	艹言日勹亡
𬜬	艹門口
蔺	艹門隹
蒋	艹爿夕寸
丧	土八衤
啬	土八圍口
蕲	艹八甲一斤
荡	艹氵㇕勿
苎	艹宀一
茔	艹冖土
莹	艹冖王丶
荣	艹冖木
荤	艹冖車
萤	艹冖虫
营	艹冖口口
荥	艹冖水
蓥	艹冖金
荧	艹冖火
劳	艹冖力
萦	艹冖糸
茎	艹㇕丶工
萧	艹尹川八
卖	十㇕冫大
艺	艹乙
荪	艹子小
苏	艹力八
荫	艹阝月
萨	艹阝立厂
蕴	艹糸日皿
药	艹糸勹丶
飘	西示凡乂
杇	木一丂
枨	木長
樯	木土八圍口
栉	木艹卩
梦	木木夕
颥	雨而頁
桮	木不口
栊	木龍
雳	雨厂力
栋	木東
栈	木一戈
枢	木匚乂
梿	木辵車
梱	木圍木
档	木小彐
贾	西貝
枧	木見
枣	木冂冫
桥	木丿大刂
酰	酉之儿
霉	雨𠂉母
检	木亼⺍一
枪	木人卩
枫	木凡乂
橹	木魚日
赖	木口𠂊貝
榇	木辛木
霁	雨齊
术	屮丶
酿	酉丶艮
桩	木广土
榈	木門口口
楼	木婁
槟	木宀斤廾
树	木又寸
棂	木彐火
椭	木阝𠂇月
杨	木㇕勿
厅	厂丁
厉	厂一力
压	厂土丶
硖	石大䒑
砖	石キ龴
夺	大寸
硕	石頁
厌	厂犬
砗	石車
奁	大匚乂
𬒔	石止月
还	辵不
碍	石貝寸
厕	厂貝刂
砚	石見
垄	龍土
砻	龍石
詟	龍言
赝	厂亻隹貝
矶	石几
砜	石凡乂
飙	三犬凡乂
袭	龍衣
态	大丶心
矿	石广
牵	大冖牛
码	石馬
历	厂力
础	石止凵
轩	車干
辆	車一内内
辕	車土口衤
贰	弋二貝
转	車キ龴
辄	車耳乚
连	辵車
轰	車又又
轧	車乚
辅	車甫
颐	臣頁
尧	七丿兀
翘	七丿兀习习
轾	車至
卧	臣卜
轳	車卜尸
辑	車口耳
匮	匚廾貝
轵	車口八
轴	車由
东	東
辊	車日匕匕
辋	車网亡
盏	一戈皿
轿	車丿大刂
轷	車爪丁
输	車亼月刂
辁	車人王
殴	匚乂殳
轮	車人匕
堑	車斤土
錾	車斤金
鸦	牙鳥
较	車大乂
辙	車了月攴
辘	車鹿
辚	車米癶
辖	車宀丰口
轻	車㇕丶工
辗	車尸工衤
轺	車刀口
轫	車刀丶
顿	一屮頁
辎	車巛田
蛱	虫大䒑
龉	齒二乂口
螨	虫艹一内内
螮	虫廿儿冖巾
蛲	虫七丿兀
龇	齒止匕
战	卜口戈
蝇	虫黽
蜗	虫冎
卤	卜圍乂
蛳	虫刂一巾
频	止㐄頁
虚	虎业
蛊	虫皿
贞	卜貝
蚬	虫見
龄	齒亼卩
赀	止匕貝
蜕	虫公儿
蝉	虫八甲一
虑	虎心
蛏	虫又土
颅	卜尸頁
龌	齒尸至
卢	卜尸
蚂	虫馬
虏	虎力
吴	口一大
哑	口亞
贵	廾貝
围	圍㐄
踌	足丰寸
啧	口丰貝
唛	口丰夂
蹑	足耳又又
𠳐	口丰阝
团	圍才
蹒	足艹一内内
喷	口屮貝
躏	足艹門隹
呓	口艹乙
嗹	口辵車
咙	口龍
哒	口辵大
𠮟	口七
跷	足七丿兀
践	足一戈
呕	口匚乂
嘘	口虎业
啮	口齒
虽	口虫
颚	口口一丂頁
圆	圍口貝
骂	口口馬
黾	黽
呗	口貝
啰	口网夕
郧	口貝阝
跃	足丿大
躜	足之儿之儿貝
响	口宀口
哗	口亻匕十
囵	圍人匕
呛	口人卩
嗳	口爪冖𠂇又
叽	口几
鹃	口月鳥
噜	口魚日
唤	口𠂊宀廾
图	圍夂冫
鸣	口鳥
跻	足齊
踯	足䒑大阝
喽	口婁
咛	口宀丁
蹿	足穴中中
吣	口心
嘱	口尸丿虫九
啸	口尹川八
哟	口糸勹丶
题	日圍止頁
师	刂一巾
韪	日圍止㐄
𬀩	日㐄
畴	田丰寸
颗	田木頁
晒	日西
昽	日龍
辉	火儿冖車
辈	非車
晓	日七丿兀
鸭	甲鳥
显	日业
帅	刂巾
𬀪	日見
临	刂𠂉丶口丨
监	刂𠂉丶皿
览	刂𠂉丶見
鉴	刂𠂉丶金
晔	日亻匕十
尘	小土
暧	日爪冖𠂇又
鶗	日圍止鳥
旷	日广
邺	业阝
凿	业凵
尝	小冖二厶
晕	日冖車
赏	八宀口貝
归	刂彐
贤	刂又貝
肾	刂又月
竖	刂又立
紧	刂又糸
畅	申㇕勿
赋	貝戈止
赇	貝十⺍丶
屿	山牙牙
峡	山大䒑
罢	网釆
帱	巾丰寸
帐	巾長
账	貝長
帻	巾丰貝
财	貝才
瞒	目艹一内内
巅	山十目廾頁
嵘	山艹冖木
赎	貝十㇕冫大
赙	貝甫寸
颛	山而頁
眬	目龍
贿	貝𠂇月
鸯	冂大鳥
贼	貝戈十
岽	山東
岖	山匚乂
崭	山車斤
贴	貝卜口
帧	巾卜貝
帜	巾口八
贶	貝口儿
刚	网刂
赐	貝日勿
幞	巾业廾
岿	山刂彐
𪾢	目見
婴	貝貝女
峤	山丿大刂
贝	貝
赌	貝耂
则	貝刂
赂	貝夂口
岚	山凡乂
岁	山夕
睁	目𠂊尹
购	貝丩厶
罚	网言刂
赃	貝广土
赠	貝八囪甘
赕	貝火火
赚	貝禾禾彐
髅	冎䏑婁
贮	貝宀一
髋	冎䏑宀艹見
髌	冎䏑宀斤廾
峄	山又キ
瞩	目尸丿虫九
赆	貝尸丶冫
剀	山巳刂
觊	山巳見
凯	山巳几
岂	山巳
悬	且厶心
丢	丿大凵
筹	竹丰寸
箨	竹扌又キ
穑	禾土八圍口
迁	辵千
犊	牛十㇕冫大
笼	竹龍
乔	丿大刂
箧	竹匚大䒑
笺	竹一戈
毡	毛卜口
乱	舌乚
鹄	牛口鳥
篮	竹刂𠂉丶皿
笕	竹見
笔	竹毛
签	竹亼⺍一
秃	禾几
頽	禾几頁
颓	禾几頁
称	禾竹八
赞	之儿之儿貝
选	辵之儿
稳	禾𠂊彐心
鹅	手戈鳥
辞	舌辛
简	竹門日
篓	竹婁
氢	气㇕丶工
箫	竹尹川八
笃	竹馬
笾	竹辵力
俩	亻一内内
粤	宀米一丂
侠	亻大䒑
伟	亻㐄
伥	亻長
债	亻丰貝
偾	亻屮貝
牍	爿十㇕冫大
鸺	亻木鳥
侥	亻七丿兀
贷	亻弋貝
舆	廾車廾
躯	身匚乂
侦	亻卜貝
俣	亻口一大
侣	亻口口
侧	亻貝刂
伣	亻見
皑	白山巳
侨	亻丿大刂
赁	亻工一貝
伤	亻𠂉力
俭	亻亼⺍一
伦	亻人匕
华	亻匕十
倾	亻匕頁
货	亻匕貝
储	亻言耂
侪	亻齊
奥	宀米大
鹪	隹火鳥
偻	亻婁
伫	亻宀一
傧	亻宀斤廾
侬	亻冖衤
傩	亻又隹
亿	亻乙
龛	亼口龍
剑	亼⺍一刂
敛	亼⺍一攴
刽	人二厶刂
饵	食耳
仓	人卩
馕	食一中冖口口甘衤
馍	食屮日
馓	食木月攴
饽	食十冖子
弑	乂屮弋工
刹	乂屮刂
饶	食七丿兀
饯	食一戈
彻	彳七刀
饨	食一屮
衔	行金
馈	食廾貝
馄	食日匕匕
饪	食工一
饫	食丿大
饿	食手戈
饰	食𠂉巾
饬	食𠂉力
饷	食宀口
馊	食申又
丛	从一
耸	从耳
怂	从心
爷	攴卩
饭	食厂又
馁	食爪女
饥	食几
馋	食爲儿冫
馅	食𠂊臼
饮	食欠
仑	人匕
馏	食卯田
饱	食勹巳
颔	亼㇕口頁
贪	亼㇕貝
伞	人八十
饼	食从二
馐	食羊彐丨
邻	亼卩阝
馆	食宀㠯
蚀	食虫
饲	食𠂆
颁	八刀頁
戗	人卩戈
创	人卩刂
贫	八刀貝
饧	食㇕勿
颂	公頁
饴	食厶口
钘	金干干
钉	金丁
铐	金耂丂
𫓯	金土土
铼	金𠂹
锗	金耂
铑	金耂匕
铗	金大䒑
钍	金土
铸	金丰寸
铒	金耳
𬬮	金長
锖	金生井
钰	金王丶
镊	金耳又又
钳	金甘
𫓹	金其
针	金十
锘	金艹𠂇口
钴	金十口
错	金巛日
质	斤貝
镬	金䒑隹又
𫟹	金廿廾
钵	金木一
铺	金甫
𬭊	金木土
镭	金雨田
𬬸	金屮丶
锛	金走止
钚	金不
铕	金𠂇月
钛	金大丶
镣	金一火日小
𫟼	金辵大
钹	金犬丿
铚	金至
铙	金七丿兀
钷	金匚口
𬬩	金弋
铖	金戊㇕
铽	金弋心
链	金辵車
钜	金工コ
铘	金牙阝
钺	金戈乚
钋	金卜
舻	舟卜尸
锃	金口亻土
铟	金圍大
锢	金圍十口
钟	金中
铝	金口口
锅	金冎
𫓶	金口月
钽	金日一
锂	金田土
钊	金刂
锞	金田木
钿	金田
锁	金小貝
钞	金小丿
销	金小月
锡	金日勿
镤	金业廾
镗	金八宀口土
铛	金小彐
铜	金凡口
盘	舟皿
钠	金内
钡	金貝
舰	舟見
钼	金目
锄	金且力
钎	金千
锇	金手戈
锆	金牛口
锺	金亻東土
锸	金干臼
铣	金之儿
锹	金禾火
锈	金禾㇕丿
锻	金厂三殳
锽	金白王
钏	金川
镍	金自木
锥	金隹
铂	金白
锦	金白巾
镌	金隹㇕丿
铨	金人王
𬬱	金斤
铩	金乂屮
锉	金从土
钤	金亼㇕
铃	金亼卩
舱	舟人卩
锾	金爪一𠂇又
钐	金彡
锨	金斤欠
钣	金厂又
钒	金凡
铅	金公
钥	金月
锋	金夂丰
铭	金夕口
镥	金魚日
铆	金卯
钦	金欠
钓	金勹丶
钧	金勹冫
铮	金𠂊尹
钩	金丩厶
锌	金辛
锫	金丶不口
镜	金言甘儿
铈	金亠巾
铲	金立厂
铱	金衣
镑	金凡方
锒	金丶艮
钫	金方
锎	金門一廾
钭	金斗
镀	金广廿又
镧	金門木四
锏	金門日
钔	金門
锵	金爿夕寸
镰	金广禾禾彐
镁	金羊大
鋭	金公儿
锐	金公儿
镨	金立立日
钬	金火
锬	金火火
锑	金弋弓
镂	金婁
铫	金儿⺍
铴	金氵㇕勿
锭	金宀圍止
爱	爪冖𠂇又
镩	金穴中中
铋	金弋八
镔	金宀斤廾
释	釆又キ
锯	金尸十口
铍	金皮
镅	金尸目
银	金艮
铌	金尸匕
钗	金又丶
𬬿	金刀口
锰	金子皿
镄	金弓刂貝
钌	金了
键	金廴彐キ
铷	金女口
锱	金巛田
钕	金女
钆	金乚
𬭁	金母
橥	犭耂木
䏡	月示
肤	月夫
狭	犭大䒑
𦙶	月十口
胧	月龍
胨	月東
胪	月卜尸
脶	月冎
腽	月日皿
狈	犭貝
猡	犭网夕
犸	犭馬
脸	月亼⺍一
飓	凡乂目廾
飕	凡乂申又
飑	凡乂勹巳
鹏	月月鳥
狰	犭𠂊尹
鸠	九鳥
狱	犭言犬
脐	月齊
脑	月囟
脏	月广土
犷	犭广
䲢	舟丨廾魚
鰧	舟丨廾魚
腾	舟丨廾馬
狞	犭宀丁
膑	月宀斤廾
脓	月冖衤
胫	月㇕丶工
胁	月力八
猕	犭弓竹八
鲠	魚内攴
鲡	魚一冂丶冂丶
鲆	魚干八
鲑	魚土土
鲒	魚士口
鲮	魚土八夂
鳍	魚耂匕日
䲠	魚丰日
鰆	魚丰日
鲭	魚生井
鲰	魚耳又
鲯	魚其
鲼	魚屮貝
鲽	魚廿乚木
鹱	鳥䒑隹又
鸨	匕十鳥
鳓	魚革力
鯆	魚甫
鳕	魚雨彐
鲕	魚而
顷	匕頁
鲔	魚𠂇月
鱿	魚尤
鳜	魚厂大下欠
鲅	魚犬丿
鲢	魚辵車
处	夂卜
鯱	魚虎
鲇	魚卜口
鲈	魚卜尸
鲴	魚圍十口
鲤	魚田土
鲱	魚非
鳂	魚田衤
鲳	魚日日
鳗	魚冖二目又
尔	竹八
鲲	魚日匕匕
鲁	魚日
迩	辵竹八
鳃	魚田心
鲣	魚刂又土
鳎	魚日习习
龟	龜
鲷	魚用口
鲖	魚凡口
奂	𠂊宀廾
鳏	魚目水
岛	鳥山
负	𠂊貝
觯	𠂊用八甲一
稣	魚禾
颖	匕禾頁
鳅	魚禾火
鲧	魚丿糸
鱮	魚𦥑牙廾
鳇	魚白王
鲋	魚亻寸
鲌	魚白
鲵	魚臼儿
燄	𠂊臼火火
鷈	鳥𠂆虎
鳐	魚爪午凵
凫	鳥几
毕	匕匕十
鲦	魚夂木
𬶋	魚丩口
鲍	魚勹巳
贸	卯貝
鲚	魚齊
鲂	魚方
鲜	魚羊
鳟	魚八酉寸
鳞	魚米癶
鳝	魚羊言
鲩	魚宀一兀
鳊	魚戶冊
鸵	鳥宀匕
刍	𠂊彐
鲟	魚彐寸
鴃	鳥コ又
鲏	魚皮
鲪	魚尹口
雏	𠂊彐隹
皱	𠂊彐皮
邹	𠂊彐阝
鲫	魚食卩
鱽	魚刀
务	夂力
鸳	夕卩鳥
匀	勹冫
鱾	魚巳
乌	烏
枭	鳥木
鲐	魚厶口
𬣙	言丁一
订	言丁
诃	言丂口
评	言干八
诖	言土土
诗	言之寸
讧	言工
诘	言士口
诸	言耂
诬	言工从
諸	言耂丶
语	言二乂口
讳	言㐄
诔	言耒
请	言生井
诹	言耳又
亵	衣扌丸
讨	言寸
计	言十
谋	言甘木
谍	言廿乚木
诺	言艹𠂇口
诂	言十口
谳	言南犬
谎	言艹亡川
读	言十㇕冫大
谌	言甘匚八
𬤇	言西土
谭	言西日十
谏	言木四
斋	文而
诼	言豕
诙	言𠂇火
试	言弋工
诓	言匚王
诫	言戈廾
讶	言牙
𬣡	言一戈
讴	言匚乂
谮	言旡旡日
诚	言戊㇕
讵	言工コ
讣	言卜
谑	言虎匚一
謼	言虎爪丁
误	言口一大
颤	亠圍口日一頁
识	言口八
赢	龍貝
诽	言非
刘	文刂
栾	亦木
课	言田木
亩	亠田
蛮	亦虫
谩	言冖二目又
谡	言田八夂
銮	亦金
诮	言小月
谓	言田月
弯	亦弓
诅	言且
诇	言冋
𫍣	言凡口
讪	言山
讷	言内
挛	亦手
许	言午
话	言舌
诰	言牛口
诛	言𠂉木
颜	立厂彡頁
诱	言禾㇕丿
诲	言𠂉母
训	言川
谁	言隹
剂	齊刂
谯	言隹火
謏	言申又
谕	言亼月刂
诠	言人王
认	言人
谶	言从戈非一
诊	言人彡
论	言人匕
义	丶乂
诟	言𠂆口
䜣	言斤
谣	言爪午凵
诳	言犭王
讥	言几
颃	亠几頁
讽	言凡乂
诡	言𠂊厂卩
谗	言爲儿冫
询	言勹日
诣	言匕日
谄	言𠂊臼
谐	言匕匕白
诋	言氏一
诌	言𠂊彐
鴗	立鳥
鸾	亦鳥
谅	言亠口小
谙	言言甘
谚	言立厂彡
议	言丶乂
辩	辛言辛
谛	言不冖
谤	言凡方
访	言方
斓	文門木四
详	言羊
产	立厂
谥	言水皿
谫	言䒑月刂刀
谈	言火火
谜	言辵米
谦	言禾禾彐
𬣞	言宀一
諠	言宀二日
诨	言冖車
谴	言辵廾㠯
谊	言宀且
诧	言宀丿七
译	言又キ
诀	言コ又
诐	言皮
诵	言龴用
𬣳	言艮
词	言𠂆
讯	言乙十
诏	言刀口
诞	言廴丿止
讱	言刀丶
记	言巳
诒	言厶口
娈	亦女
颏	兀彑頁
辫	辛糸辛
庑	广兀一
疠	疒一力
闺	門土土
瘗	疒大䒑土
闫	門三
冯	冫馬
痨	疒艹冖力
癞	疒木口𠂊貝
阑	門木四
鹇	門木鳥
头	冫大
庆	广大
库	广車
阉	門大申
庞	广龍
状	爿犬
邝	广阝
阈	門戈口一
冻	冫東
壮	爿士
阃	門圍木
闸	門甲
阊	門日日
闩	門一
闰	門王
痈	疒用
闲	門木
闽	門虫
訚	門言
闯	門馬
阀	門亻戈
鹰	疒亻隹鳥
瘪	疒自人匕
阋	門臼儿
闪	門人
疮	疒人卩
阌	門爪冖又
疯	疒凡乂
桨	爿夕木
奖	爿夕大
浆	爿夕水
资	二欠貝
阎	門𠂊臼
癣	疒魚羊
净	冫爪尹
闹	門亠巾
闶	門亠几
阂	門兀彑
痫	疒門木
阅	門公儿
阐	門八甲一
瘘	疒婁
阔	門氵舌
闼	門辵大
庐	广戶
闷	門心
阕	門癶一大
阚	門彑攴
瘫	疒又隹
疡	疒㇕勿
瘾	疒阝𠂊彐心
疖	疒卩
妆	爿女
兰	䒑二
鲞	米廾魚
誊	丨廾言
怅	心長
鲝	羊魚
慑	心耳又又
愤	心屮貝
懒	心木口𠂊貝
娄	婁
恹	心厂犬
烦	火頁
郑	䒑大阝
烧	火七丿兀
怄	心匚乂
惭	心車斤
兑	公儿
兽	八田一口
悭	心刂又土
灿	火山
惧	心目廾
恺	心山巳
养	羊刂
烨	火亻匕十
烃	火㇕丶工
烁	火𠂆木
焕	火𠂊宀廾
恼	心囟
悯	心門文
焖	火門心
悦	心公儿
惮	心八甲一
恽	心冖車
烬	火尸丶冫
忆	心乙
炀	火㇕勿
鹈	弋弓鳥
递	辵弋弓
惨	心厶大彡
惯	心母貝
兹	䒑幺幺
举	⺍廾キ
兴	⺍廾
誉	⺍廾言
𬇕	氵一力
洼	氵土土
鸿	氵工鳥
浃	氵大䒑
𣲗	氵㐄
涛	氵丰寸
沣	氵丰
渍	氵丰貝
滟	氵丰𠂊巴
滠	氵耳又又
满	氵艹一内内
滞	氵艹丨冖巾
潇	氵艹尹川八
泷	氵龍
沥	氵厂力
浇	氵七丿兀
浅	氵一戈
沤	氵匚乂
渐	氵車斤
㳚	氵戈人
汇	氵匚
涟	氵辵車
浈	氵卜貝
浊	氵虫
泸	氵卜尸
涠	氵圍㐄
渑	氵黽
涡	氵冎
湿	氵日业
温	氵日皿
溅	氵貝一戈
𬇙	氵貝
滗	氵竹毛
渊	氵川米
潋	氵亼⺍一攴
沦	氵人匕
潴	氵犭耂
鼗	儿⺍南豆竹又
涤	氵夂木
涣	氵𠂊宀廾
渔	氵魚
滦	氵亦木
浐	氵立厂
润	氵門王
澜	氵門木四
瀇	氵广廿大日
涧	氵門日
沩	氵爲
黉	⺍冖廿大日
浑	氵冖車
觉	⺍冖見
沪	氵戶
滨	氵宀斤廾
浓	氵冖衤
泽	氵又キ
浔	氵彐寸
滩	氵又隹
涨	氵弓長
汤	氵㇕勿
涩	氵刀丶止
烫	氵㇕勿火
渗	氵厶大彡
潍	氵糸隹
逦	辵一冂丶冂丶
写	冖牙牙
窍	穴工丂
窥	穴夫見
违	辵㐄
祷	示丰寸
宝	宀王丶
赛	宀屮人貝
骞	宀屮人馬
宠	宀龍
窃	穴七刀
祯	示卜貝
遗	辵廾貝
祸	示冎
褴	衤刂𠂉丶皿
裆	衤小彐
视	示見
袄	衤丿大
鹤	冖隹鳥
裣	衤亼⺍一
穷	穴力
遥	辵爪午凵
宾	宀斤廾
额	宀夂口頁
农	冖衤
祃	示馬
礼	示乚
裤	衤广車
禅	示八甲一
迳	辵㇕丶工
迟	辵尸丶
逊	辵子小
边	辵力
辽	辵了
骊	馬一冂丶冂丶
颈	㇕丶工頁
巯	㇕丶工了川
劲	㇕丶工力
𬴃	馬丰石
骤	馬耳又从
怼	又寸心
骐	馬其
剧	尸十口刂
骑	馬大丂口
驮	馬大
戏	又戈
驱	馬匚乂
骃	馬圍大
驶	馬中又
𬴂	馬非
骒	馬田木
剥	彐水刂
骡	馬田糸
驵	馬且
𬳶	馬冋
驷	馬四
骄	馬丿大刂
属	尸丿虫九
驯	馬川
骓	馬隹
肃	尹川八
骅	馬亻匕十
骢	馬囪心
驳	馬乂乂
屦	尸彳婁
驹	馬丩口
骆	馬夂口
欢	又欠
骝	馬卯田
鸡	又鳥
驻	馬丶王
骍	馬辛
骧	馬衣口口甘
昼	尸丶日一
𫘜	馬文
尽	尸丶冫
骇	馬兀彑
骥	馬北田廾人
骈	馬从二
屡	尸婁
驴	馬戶
驼	馬宀匕
骟	馬戶习习
恳	艮心
驿	馬又キ
预	予頁
艰	又艮
驭	馬又
骉	三馬
骣	馬尸三子
驰	馬也
劝	又力
骖	馬厶大彡
骀	馬厶口
骏	馬厶八夂
卫	卩一
际	阝示
陕	阝大䒑
陆	阝キ凵
陇	阝龍
陏	阝𠂇月
阵	阝車
陈	阝東
贺	力口貝
驾	力口馬
陧	阝日土
孙	子小
隄	阝日圍止
坠	阝人土
阶	阝亻八
弥	弓竹八
隐	阝𠂊彐心
飞	乙冫
导	巳寸
𠙶	了凵
纡	糸丁一
妩	女兀一
娅	女亞
结	糸士口
绪	糸耂
绫	糸土八夂
纬	糸㐄
纭	糸二厶
绩	糸丰貝
𬘬	糸生井
绑	糸丰阝
纣	糸寸
绀	糸甘
缂	糸革
绁	糸廿乚
缚	糸甫寸
𬘭	糸木木
缃	糸木目
绔	糸大一丂
叁	厶大三
缛	糸辰寸
缅	糸頁圍
参	厶大彡
缄	糸戊一口
绖	糸至
绕	糸七丿兀
线	糸一戈
妪	女匚乂
练	糸七㇕八
绰	糸卜日十
娱	女口一大
缉	糸口耳
𬘡	糸圍大
绳	糸黽
娲	女冎
织	糸口八
绢	糸口月
绯	糸非
缦	糸冖二目又
纱	糸小丿
绡	糸小月
缇	糸日圍止
缧	糸田糸
绸	糸用口
䌹	糸冋
絅	糸冋
纲	糸网
缨	糸貝貝女
纳	糸内
纴	糸工一
纤	糸千
缵	糸之儿之儿貝
妫	女爲
妈	女馬
绣	糸禾㇕丿
缎	糸厂三殳
𬘓	糸川
维	糸隹
绵	糸白巾
缴	糸白方攴
给	糸亼口
绘	糸人二厶
绗	糸行
纵	糸从
纶	糸人匕
纷	糸八刀
缓	糸爪一𠂇又
绥	糸爪女
绷	糸月月
纨	糸丸
绦	糸夂木
纸	糸氏
绺	糸夂卜口
络	糸夂口
绚	糸勹日
约	糸勹丶
终	糸夂冫
绉	糸𠂊彐
绝	糸𠂊巴
纹	糸文
纺	糸方
娴	女門木
纩	糸广
缠	糸广田土
绊	糸半
婵	女八甲一
缯	糸八囪甘
缮	糸羊言
继	糸米乚
纻	糸宀一
综	糸宀示
绽	糸宀圍止
婶	女宀申
缩	糸宀亻一白
缝	糸辵夂丰
绾	糸宀㠯
妇	女彐
纽	糸彐丨
绿	糸彐水
纾	糸予
纼	糸弓丨
绍	糸刀口
贯	母貝
级	糸𠂊又
绋	糸弓刂
纫	糸刀丶
纪	糸巳
丝	糸糸
缘	糸彑豕
纠	糸丩
绐	糸厶口
缫	糸巛田木
乡	阝
飨	阝食
芈	丨羊
鹝	一口冂八丁鳥
戬	亞日戈
鹂	一冂丶冂丶鳥
郦	一冂丶冂丶阝
䴓	一巾鳥
殚	歹八甲一
䴕	歹刂鳥
鴷	歹刂鳥
殀	歹丿大
殇	歹𠂉㇕勿
趸	一力足
劢	一力力
欤	牙牙欠
𤭯	瓦白水
垭	土亞
叆	二厶爪冖𠂇又
福	示一口田
神	示申
赉	𠂹貝
鼋	一兀黽
祥	示羊
𫭼	土艹冖力
㙘	土西女
埯	土大申
坜	土厂力
𫭟	土匚乂
贡	工貝
觋	工从見
鹀	工从鳥
垆	土卜尸
韨	㐄犬丿
韧	㐄刀丶
击	キ凵
埙	土口貝
埚	土冎
鼕	南豆竹又夂冫
垱	土小彐
垲	土山巳
都	耂丶阝
赪	大火卜貝
𫭢	土人匕
坵	土丘
坞	土烏
垴	土囟
𡐓	土广尹⺍
𫮃	土八甲一
𪣻	土婁
壸	士冖亞
毂	南車殳
𡎚	土戶冊
悫	南几心
㙍	土四又
𪤗	土习习人彡
玙	王牙牙
玨	王王
聩	耳廾貝
𤩽	王南犬
𫞩	王艹一内内
颞	耳又又頁
㻬	王雨一丂
麺	丰夂頁圍
𪟝	丰貝力
赘	凵方攴貝
鳌	凵方攴魚
骜	凵方攴馬
䴖	生井鳥
麦	丰夂
麹	丰夂勹米
䂮	丰刀石
㛃	丰刀女
琐	王小貝
珰	王小彐
瓒	王之儿之儿貝
瑽	王從
玱	王人卩
瑷	王爪冖𠂇又
琼	王亠口小
𤧛	王不冖
駻	馬日干
騠	馬日圍止
騝	馬廴彐キ
駎	馬由
騪	馬申又
駩	馬人王
騚	馬䒑月刂
𤫉	王言火火又
駶	馬尸㇕口
騃	馬厶矢
珲	王冖車
𬍤	王彐寸
玚	王㇕勿
擣	扌耂工口寸
撷	扌士口頁
撵	扌夫夫車
抟	扌キ龴
搟	扌車干
挠	扌七丿兀
掳	扌虎力
掴	扌圍王丶
揽	扌刂𠂉丶見
撄	扌貝貝女
揿	扌金欠
贽	扌丸貝
鸷	扌丸鳥
势	扌丸力
捣	扌鳥山
拦	扌䒑二
掸	扌八甲一
㧑	扌爲
擞	扌婁攴
择	扌又キ
挦	扌彐寸
掼	扌母貝
觐	廿口丰見
荆	艹干干刂
鹊	巛日鳥
𬟁	艹一口冂八丁鳥
勚	廿乚貝力
颟	艹一内内頁
𬜯	艹一内内
䢼	廿廾阝
觏	魚魚見
莱	艹𠂹
韩	十日十㐄
贲	屮貝
觌	十㇕冫大見
鸪	十口鳥
鹕	十口月鳥
赍	十人人冖貝
𫠆	竹又頁
鳷	竹又鳥
𨙸	竹又阝
鹁	十冖子鳥
鞒	革丿大刂
鞑	革辵大
鞲	革魚魚
䓫	艹大丂口
苈	艹厂力
荛	艹七丿兀
蒇	艹戊貝
𬞟	艹止㐄頁
蒉	艹廾貝
鹳	艹口口隹鳥
鹋	艹田鳥
萝	艹网夕
蘖	艹丿㠯辛木
莶	艹亼⺍一
荟	艹人二厶
苍	艹人卩
莸	艹犭尤
蓟	艹魚刂
荜	艹匕匕十
藓	艹魚羊
蓠	艹屮乂凵厶九
荠	艹齊
𫇭	艹爲
蒌	艹婁
薮	艹婁攴
蕰	艹氵日皿
䓨	艹冖午凵
鹲	艹冖一豕鳥
荦	艹冖牛
莺	艹冖鳥
茕	艹冖乙十
荨	艹彐寸
蓣	艹予頁
荩	艹尸丶冫
荬	艹㇕冫大
䓛	艹尸止凵
𦰡	艹冉阝
荭	艹糸工
荮	艹糸寸
莼	艹糸一屮
芗	艹阝
桠	木亞
梾	木𠂹
𬷕	甫鳥
𬂩	木大䒑
㭕	木大凵
梼	木丰寸
酝	酉二厶
醆	酉戈戈
酽	酉一业丿
酾	酉一冂丶冂丶
𬪩	酉冖衤
酦	酉丿犬又
椟	木十㇕冫大
槚	木西貝
枥	木厂力
桡	木七丿兀
桢	木卜貝
栌	木卜尸
𣗋	木八宀口儿
榅	木日皿
輮	車予丿木
榄	木刂𠂉丶見
槛	木刂𠂉丶皿
軿	車从二
樱	木貝貝女
椤	木网夕
桤	木山巳
欅	木𦥑牙廾手
桦	木亻匕十
桧	木人二厶
麨	𠂹夂小丿
枞	木从
𬃊	木斤貝
栎	木𠂆木
槠	木言耂
檩	木亠圍口示
栏	木䒑二
棁	木公儿
霭	雨言日勹亡
鹴	雨木目鳥
榉	木⺍廾キ
雾	雨夂力
杩	木馬
橼	木糸彑豕
碛	石丰貝
鹩	一火日小鳥
鹌	大申鳥
𥕢	石東東甘
砺	石厂一力
黡	厂犬囪火火
厍	厂車
靥	厂犬頁圍
䃎	石大夕夕
厣	厂犬甲
魇	厂犬鬼
餍	厂犬食
励	厂一力力
硗	石七丿兀
𥔲	石口口一丂
𥖨	石三口木
𬒗	石刂𠂉丶見
鸸	而鳥
硙	石山巳
聋	龍耳
龚	龍廿廾
硚	石丿大刂
矾	石凡
豮	豕屮貝
砾	石𠂆木
尴	尤刂𠂉丶皿
䃅	石八甲一
硁	石㇕丶工
砀	石㇕勿
碜	石厶大彡
赜	臣丰貝
鸫	東鳥
辏	車丰一大
轲	車丂口
轱	車十口
轪	車大
𫐄	車兀
𫟦	車辵八豕
轭	車厂卩
轼	車弋工
辌	車亠口小
辐	車一口田
𨐈	車火儿
辒	車日皿
𫐓	車予丿木
轶	車手丶
𫐐	車臼儿
轸	車人彡
斩	車斤
椠	車斤木
辀	車舟
𬨂	車氏
辂	車夂口
轹	車𠂆木
𬨎	車八酉
辍	車四又
匦	匚車九
𬌗	牙亼口
𬸘	匚日女鳥
戋	一戈
刬	一戈刂
欧	匚乂欠
鸥	匚乂鳥
瓯	匚乂瓦
鸢	弋鳥
虾	虫下
觇	卜口見
鹾	卜圍乂𠂹𠂇
鸬	卜尸鳥
蟏	虫艹尹川八
蝾	虫艹冖木
䗖	虫艹丨冖巾
蛎	虫厂一力
戯	虎丘戈
觑	虎业見
𬟽	虫東
颦	止㐄頁鬼十
𫚖	止匕魚
蝈	虫圍王丶
䗴	虫竹廴亻土
䗛	虫亻丨攴月
𬺈	齒大丂口
龋	齒丿虫九
龊	齒足
龃	齒且
龁	齒气
𫠜	齒臼儿
𬹼	齒亻八
龂	齒斤
龀	齒匕
龅	齒勹巳
𬺓	齒木木足
龈	齒艮
龆	齒刀口
蛴	虫齊
蚁	虫丶乂
蝼	虫婁
呒	口兀一
𫫇	口亞心
鸮	口丂鳥
唝	口工貝
嗫	口耳又又
圞	圍言糸糸木
囌	口艹魚禾
唠	口艹冖力
呖	口厂力
哓	口七丿兀
啭	口車キ龴
踬	足斤貝
跶	足辵大
鹭	足夂口鳥
蹧	足東東甘
跹	足辵千
跄	足人卩
跸	足匕匕十
跞	足𠂆木
𧿹	足母
嚣	四口頁
鼍	口口田一黽
鹗	口口一丂鳥
唢	口小貝
𫑡	黽阝
嘤	口貝貝女
呐	口内
呙	冎
剐	冎刂
哕	口山夕
勋	口貝力
哙	口人二厶
㕮	口攴
哔	口匕匕十
呜	口烏
啴	口八甲一
咷	口儿⺍
哝	口冖衤
咝	口糸
坚	刂又土
𬱖	由頁
櫐	三田木
颙	田厶九頁
䣘	八宀口土阝
㬊	日爪一𠂇又
鹍	日匕匕鳥
鹖	日勹亡鳥
颢	日亠口小頁
㬚	日了月攴
㫰	日丶艮
鳖	巾⺍攴魚
晖	日冖車
旸	日㇕勿
㬎	日幺幺火
睐	目𠂹
䎃	冉习习
䴗	目犬鳥
鶪	目犬鳥
眍	目匚乂
帏	巾㐄
帼	巾圍王丶
羁	网革馬
黪	囪火火厶大彡
罦	网爪子
鹮	目一口衤鳥
罗	网夕
逻	辵网夕
黩	囪火火十㇕冫大
罴	网釆火
㠓	山艹冖一豕
㟃	山𠂆
崃	山𠂹
崄	山亼⺍一
𪨶	山大車
𪩘	山南犬
𫵷	山厂力
峣	山七丿兀
㠇	山亠口小尤
𪨰	山曲
岗	山网
岘	山見
𨟠	目目隹阝
嵚	山金欠
刿	山夕刂
峥	山𠂊尹
嵝	山婁
𫶇	山艹丨冖巾
崂	山艹冖力
𫖮	山巳頁
赒	貝用口
睑	目亼⺍一
罂	貝貝午凵
赈	貝辰
赗	貝冖二目
赑	三貝
贬	貝丿之
赊	貝人示
赡	貝𠂊厂八言
贻	貝厶口
赅	貝兀彑
鹦	貝貝女鳥
觃	見子
䁖	目婁
鹘	冎䏑鳥
矫	矢丿大刂
鳘	𠂉母攴魚
缾	午凵从二
牺	牛西
𬕂	竹工貝
酂	之儿之儿貝阝
颋	廴亻土頁
箦	竹丰貝
稆	禾口口
秽	禾山夕
籁	竹木口𠂊貝
鹙	禾火鳥
秾	禾冖衤
𥝱	禾予
岙	丿大山
氇	毛魚日
鸹	舌鳥
篑	竹廾貝
筼	竹口貝
筛	竹刂一巾
筜	竹小彐
箩	竹网夕
衅	丿皿半
篯	竹金一戈
筚	竹匕匕十
筝	竹𠂊尹
箪	竹八甲一
簖	竹米乚斤
氩	气亞
氲	气日皿
俨	亻一业丿
俪	亻一冂丶冂丶
俫	亻𠂹
俦	亻丰寸
伛	亻匚乂
雠	隹言隹
鹎	鬼十鳥
魉	鬼一内内
囱	囪
偿	亻小冖二厶
傥	亻八宀口儿
侩	亻人二厶
伧	亻人卩
㑊	亻亦
仪	亻丶乂
𫢸	亻八甲一
佥	亼⺍一
㙦	亼木斗土
颌	亼口頁
鸽	亼口鳥
觎	亼月刂見
鸰	亼卩鳥
鸧	人卩鳥
郐	人二厶阝
徕	彳𠂹
惩	彳圍止心
衚	行十口月
鸻	行鳥
径	彳㇕丶工
鹆	八公鳥
饸	食亼口
馔	食卩卩几
𫗧	食木口
馑	食廿口丰
饘	食亠圍口日一
馇	食木且
𫗴	食亠圍口日一
馃	食田木
馉	食冎䏑
馒	食冖二目又
饩	食气
餭	食白王
饺	食大乂
饹	食夂口
饻	食衣
馌	食大凵皿
饳	食止凵
鹟	公习习鳥
铏	金干干刂
钲	金圍止
钙	金下乚
镉	金一口冂八丁
𫓧	金夫
𬭳	金南豆口
铻	金二乂口
𬭬	金丰丰彐
锲	金丰刀大
颀	斤頁
䴘	𠂆虎鳥
慇	身殳心
𨱇	金十⺍丶
鎝	金艹亼口
𨱏	金艹亼口
䦃	金艹耂
镆	金屮日
锚	金艹田
𨱑	金廿大日
锳	金艹冂大
铹	金艹冖力
镖	金西示
镈	金甫寸
镡	金西日十
𬸪	釆田鳥
锜	金大丂口
镢	金厂大下欠
钝	金一屮
𬬻	金卜尸
锷	金口口一丂
铞	金口巾
锝	金貝寸
铀	金由
钾	金甲
𬬹	金申
镋	金八宀口儿
镘	金冖二目又
𬭯	金巾⺍攴
锟	金日匕匕
锶	金田心
铿	金刂又土
𬭶	金囪火火
镮	金目一口衤
铡	金貝刂
镚	金山月月
镯	金目勹虫
锣	金网夕
铠	金山巳
铤	金廴亻土
铥	金丿大凵
銩	金一大凵
锤	金𠂹土
铢	金𠂉木
釳	金气
𬭤	金𠂊厂矢
铧	金亻匕十
锼	金申又
铪	金亼口
镎	金亼口手
鏦	金從
鍮	金亼月巛
𬬭	金人匕
𬭩	金公习习
锊	金爪寸
锧	金斤貝
𫔍	金釆田
䝙	豸匚乂
铄	金𠂆木
锪	金勿心
锴	金匕匕白
镵	金爲匕匕爲儿丶
铯	金𠂊巴
镏	金卯田
钨	金烏
镶	金衣口口甘
镐	金亠口冂口
锿	金衣口
𬭚	金亠口子
镱	金言甘心
镞	金方𠂉矢
铰	金大乂
钪	金亠几
镝	金不冂口
镦	金亠口子攴
锍	金了川
铳	金了儿
铉	金亠幺
镳	金鹿火
镛	金广尹用
𨱔	金八酉寸
镒	金水皿
𬭸	金米癶
锩	金米廾卩
镃	金䒑幺幺
觅	爪見
𬭛	金氵皮
鹞	䏑午凵鳥
镓	金宀豕
𬭎	金宀𠂇厶
镕	金穴公
镲	金宀䏑又示
铊	金宀匕
𬭼	金辵八豕
铵	金宀女
铎	金又キ
钮	金彐丨
镫	金癶豆
𫔎	金予丿内口
锓	金彐冖又
锔	金尸㇕口
锕	金阝丂口
钇	金乙
钯	金巴
镪	金弓口虫
钖	金㇕勿
镠	金习习人彡
鸼	舟鳥
舣	舟丶乂
镴	金巛圍乂釆
䥽	金丿犬又
飐	凡乂卜口
飔	凡乂田心
凤	凡又
飗	凡乂卯田
飏	凡乂㇕勿
腼	月頁圍
颾	凡虫又爪虫
䐃	月圍禾
狮	犭刂一巾
猪	犭耂丶
猃	犭亼⺍一
狯	犭人二厶
𫛭	犭王鳥
獱	犭宀一㐄貝
㺄	犭亼月巛
狝	犭竹八
獭	犭木口𠂊貝
臜	月之儿之儿貝
𬸚	犭言犬鳥
狲	犭子小
脍	月人二厶
䏲	月弋弓
𦝼	月婁
肠	月㇕勿
鲾	魚一口田
𬶮	魚南豆口
𩸽	魚艹亻匕
鳠	魚䒑隹又
𩺊	魚艹亡川
鳔	魚西示
𬶟	魚木口刂
𬶠	魚木四
𬱟	𠂊厂卩頁
鳡	魚戊一口心
鹠	卯田鳥
鸱	氏一鳥
鲀	魚一屮
鳄	魚口口一丂
鳀	魚日圍止
𫚕	魚刂一巾
鲿	魚小冖二厶
玺	竹八王丶
鲥	魚日寸
鲉	魚由
鳢	魚曲豆
鳁	魚日皿
鲗	魚貝刂
觞	𠂊用𠂉㇕勿
鰤	魚丿㠯一巾
鲊	魚𠂉匕
鳈	魚白水
鹐	𠂊臼鳥
鲙	魚人二厶
鲘	魚𠂆口
䲟	魚臼卩
𬶭	魚䏑又示
𬶏	魚𠂊厂卩
𩾃	魚爲儿
颍	匕水頁
毙	匕匕一夕匕
颎	匕火頁
鲸	魚亠口小
鳣	魚亠圍口日一
惫	夂田心
鲛	魚大乂
鳑	魚凡方
鳉	魚爿䏑寸
鱇	魚广尹⺍
𩾌	魚广尹⺍
鳙	魚广尹用
鳒	魚禾禾彐
𬶐	魚儿⺍
𬶍	魚宀匕
𩽾	魚宀女
鳚	魚尸示寸
鲬	魚龴用
鲃	魚巴
鸲	丩口鳥
鲺	魚乙丿虫
鳛	魚习习白
邬	烏阝
鲹	魚厶大彡
鲻	魚巛田
𫚭	魚巛圍乂釆
袅	鳥衣
讦	言干
证	言圍止
谨	言廿口丰
谟	言屮日
𬤝	言東厶心
𫍯	言戊一口
鹯	亠圍口日一鳥
谔	言口口一丂
鹫	亠口小尤鳥
亸	亠口子八甲一
鹑	亠口子鳥
𬤊	言日圍止
谠	言八宀口儿
峦	亦山
脔	亦䏑
谒	言日勹亡
恋	亦心
𠅤	亠田心
孪	亦子
𫍽	言目一口衤
诈	言𠂉匕
诜	言之儿
讫	言气
诿	言禾女
谢	言身寸
谀	言廾人
讹	言亻匕
𫍲	言申又
赟	文戈止貝
𨭉	文戈止金
齑	齊非一
䴔	大乂鳥
鵁	大乂鳥
鳼	文鳥
谂	言亼㇕心
讻	言乂凵
兖	亠公儿
衮	衣公
讼	言公
谖	言爪一𠂇又
谵	言𠂊厂八言
诤	言𠂊尹
谆	言亠口子
谇	言衣十
谪	言不冂口
谰	言門木四
赣	辛日夂工貝
竞	言儿
谱	言立立日
戆	辛日夂工貝心
産	立厂生
彦	立厂彡
飒	立凡乂
𦒍	辛東土习习
谝	言戶冊
谧	言弋八皿
谞	言足月
谲	言予丿内口
㮾	丶艮月木
𬸦	方𠂉矢鳥
谬	言习习人彡
诩	言习习
诎	言止凵
盗	二欠皿
癫	疒十目廾頁
廪	广亠圍口示
庙	广由
麽	广屮屮丿厶
庂	广人
赓	广彐人貝
鹒	广彐人鳥
𫷷	广金欠
䗪	广廿火虫
鹧	广廿火鳥
疬	疒厂力
廱	广巛口巴隹
疟	疒匚一
酱	爿夕酉
瘻	疒婁
阇	門耂
闱	門㐄
𬮱	門西土
阒	門目犬
闳	門𠂇厶
闾	門口口
阄	門龜
阗	門十目廾
闿	門山巳
瘿	疒貝貝女
𫔶	門自木
阏	門烏烏
阁	門夂口
阍	門氏日
闵	門文
阆	門丶艮
阘	門日习习
阖	門大凵皿
阙	門大下欠
疭	疒从
痪	疒𠂊宀廾
瘅	疒八甲一
痉	疒㇕丶工
瘆	疒厶大彡
怃	心兀一
鹢	水皿鳥
鹣	禾禾彐鳥
鹚	䒑幺幺鳥
㥄	心土八夂
恸	心二厶力
盖	羊皿
羟	羊㇕丶工
冁	八甲一尸工衤
郸	八甲一阝
䎖	八囪甘习习
粝	米厂一力
粪	米廿廾
糁	米厶大彡
𥻗	米木且
惬	心匚大䒑
愦	心廾貝
愠	心日皿
恻	心貝刂
炜	火㐄
烩	火人二厶
㸌	火雨隹
𬉼	火匚乂
炖	火一屮
㸆	火牛口非
炽	火口八
煴	火日皿
㶲	火用
炝	火人卩
烂	火䒑二
𬊤	火八甲一
炉	火戶
𬊈	火彐寸
怆	心人卩
忷	心乂凵
恟	心勹乂凵
懔	心亠圍口示
怿	心又キ
𣲘	氵兀一
涞	氵𠂹
沍	氵二丩
喾	⺍冖牛口
𬒈	⺍冖石
鲎	⺍冖魚
𣸣	氵屮貝
懑	氵艹一内内心
渎	氵十㇕冫大
滢	氵艹冖王丶
溁	氵艹冖木
涝	氵艹冖力
潆	氵艹冖糸
漤	氵木木女
濑	氵木口𠂊貝
㵐	氵厂大下欠
濒	氵止㐄頁
溃	氵廾貝
𬇹	氵圍王丶
浉	氵刂一巾
灏	氵日亠口小頁
滥	氵刂𠂉丶皿
鲨	氵小丿魚
浍	氵人二厶
㽏	氵亼口甘
溆	氵亼木又
㳇	氵攴
鹡	⺍人月鳥
沧	氵人卩
𫖯	儿⺍頁
泺	氵𠂆木
㴔	氵𠂊彐心
浏	氵文刂
浒	氵言午
济	氵齊
湾	氵亦弓
㳘	氵了儿
瀁	氵羊食
泻	氵冖牙牙
泾	氵㇕丶工
滪	氵予頁
渌	氵彐水
𬍡	氵㇕勿王丶
塚	土冖豕
鸋	宀心皿丁鳥
𬸣	宀屮人鳥
寝	宀爿彐冖又
窜	穴中中
窝	穴冎
窎	穴鳥
窦	穴十㇕冫大
窭	穴婁
祎	示㐄
祢	示竹八
禄	示彐水
袆	衤㐄
𫌀	衤丰貝
衬	衤寸
襕	衤門木四
裢	衤辵車
裥	衤門日
褛	衤婁
裈	衤冖車
袯	衤丿犬又
皲	冖車皮
郓	冖車阝
鸩	冖儿鳥
𬩽	彐寸阝
彟	彐寸䒑隹又
鹔	尹川八鳥
彞	彐米糸廾
鷴	門木鳥
閍	門方
骠	馬西示
骦	馬雨木目
𬳵	馬不一
𫘪	馬厂白小
骁	馬七丿兀
𫘨	馬日圍止
骋	馬由丂
驲	馬日
𫖳	尹口頁
屩	尸彳丿大口冂口
屃	尸貝
鹛	尸目鳥
𬳽	馬之儿
鸤	尸鳥
䴙	尸口辛鳥
鷿	尸口辛鳥
驸	馬亻寸
𬳿	馬亼木
𬶨	食旡魚
𫘬	馬爪幺大
𫘦	馬勹午凵
驺	馬𠂊彐
刭	㇕丶工刂
颡	三又木頁
鹬	予丿内口鳥
鹜	予丿攴鳥
骛	予丿攴馬
双	又又
𫠊	馬亠幺
𬴊	馬米癶
骙	馬癶一大
𫘝	馬コ又
𫘧	馬彐水
骕	馬尹川八
骚	馬又爪虫
骎	馬彐冖又
书	㇕㇕丨丶
堕	阝𠂇月土
骘	阝止㐄馬
𬯎	阝廾貝
陨	阝口貝
𬮿	阝山巳
𨺙	阝臼儿
险	阝亼⺍一
𬯀	阝齊
鹨	习习人彡鳥
翚	习习冖車
陉	阝㇕丶工
𫸩	弓匚乂
缙	糸亞日
绠	糸内攴
缬	糸士口頁
缰	糸三田田
缜	糸十目廾
缥	糸西示
縳	糸東厶寸
𦈡	糸雨而
绮	糸大丂口
缭	糸一火日小
绂	糸犬丿
纮	糸𠂇厶
绒	糸戈十
辔	車糸糸口
粜	止凵米
䢺	止凵阝
缲	糸三口木
缱	糸辵廾㠯
绅	糸申
绱	糸八宀口
缊	糸日皿
缆	糸刂𠂉丶見
绲	糸日匕匕
缌	糸田心
缳	糸目一口衤
缈	糸目小丿
𬙊	糸囪火火土
𫄸	糸東火
娇	女丿大刂
嫒	女爪冖𠂇又
娆	女七丿兀
𫄧	糸廴丿止
嫱	女土八圍口
媪	女日皿
㛹	女亻内攴
婳	女一田凵
姹	女宀丿七
嬷	女广屮屮丿厶
㚷	女人小
嫔	女宀斤廾
嬝	女鳥衣
𫰛	女㇕丶工
㛚	女龴用
驽	女又馬
纥	糸气
缒	糸辵丿㠯
缑	糸𠂊厂矢
𫄨	糸乂乂巾
绤	糸八公
绶	糸爪冖又
绹	糸勹午凵
绛	糸夂㐄
纰	糸匕匕
𬙋	糸衣口口甘
𨚕	厶廾阝
𫟅	糸亠口小
缟	糸亠口冂口
𬘯	糸亠口子
缞	糸衣冉
𫄷	糸言甘心
缡	糸屮乂凵厶九
绞	糸大乂
毵	厶大彡毛
缔	糸不冖
繸	糸辵八豕
缢	糸水皿
缣	糸禾禾彐
绻	糸米廾卩
绨	糸弋弓
缕	糸婁
𬘫	糸宀一兀
𬙂	糸矢圍
缤	糸宀斤廾
𬘘	糸冖儿
绎	糸又キ
缀	糸四又
缗	糸巳七日
𬘩	糸廴亻土
缪	糸习习人彡
鸶	糸糸鳥
缁	糸巛田
绌	糸止凵
𩹬	魚木十口
𥈴	目虎匚一
𣴛	氵戈十
𡄍	口竹馬
鉳	金北
𪷉	氵糸田
𢠩	心广屮屮
𢸛	扌言用口
𢃱	巾甘木
揇	扌南
𪞺	止凵爪子乚
𩲵	鬼生
𦁹	糸亦夕
𧓇	虫尸几几殳
𠴐	口心彐丨
𱽐	艹几二
㨳	扌宀大丂口
𥴢	竹禾隹
𠿁	口其欠
𡔔	土艹門木四
𦄇	糸氵日土
𡐙	土彳貝寸
𢲔	扌王刂王
𧚟	衤尸毛
𫕰	雨月丰キ
𢯡	扌了月
𪧸	之寸亻士
𨆝	足亼囪甘
䱛	魚戈口一
𬹓	廿大日亞心
𪆦	彡頁鳥
𧍴	虫木四
𪟀	刀方
𬦪	足刀口
𠍤	亻艹十冖子
扙	扌十又
𤅜	氵西示凡虫
𠞺	歹刂文口
㔧	虎田皿力
𪄨	口小月鳥
𥓵	石广氏一
𤞨	犭甫
𪮫	扌巛日攴
𬩭	辵牛口𠂹𠂇
𪥘	立丂口大
𤙭	牛甫
𬄦	木刂𠂉丶見
𤊣	𠂉木厂火
𢭲	扌貝
𪢡	牛口丿大口冂口
𫼔	手刀
𧑂	虫食旡
𤞫	犭戈廾
𥛗	示爪臼
𠿂	口扌干臼
𤢾	犭亼口口从刂
𠺷	口示口儿
𥿗	糸口八
𬦼	耂乚足
𡑓	土三木
𦀗	糸大火
𪦎	女文厂彡
䕼	艹廿口夫隹
榪	木馬
𠁂	耂丁
𡢻	女亻丰貝
𰡚	犭斤欠
𤄱	氵金匕目廾
嘫	口䏑犬火
𨰺	金言糸糸攴
𥇺	目爿犬
𬟛	宀婁艹臼
𥎁	予丿木卜口
𨪞	金广龴用
𢸟	扌亻亼口口从
𢫚	扌工丂
𠞸	鳥刂
炥	火弓刂
𬴕	亠口冂口山乙
𬍎	犭耂曲辰
挰	扌口亻土
𢬥	扌氵工
㨕	扌㇕丿又皿
𠧌	斗斗丁八网
𢲠	扌耳冖儿
𨗠	辵雨二厶
侼	亻十冖子
𬅓	木口三石
𬎽	用竹
𫾄	扌日一田土
㳯	氵辛
𢸚	扌艹辵夂丰
𦁺	糸門
㩧	扌日廿廾水
𢐎	弓禾禾彐
𡀪	刀口扌非
𢺺	竹又八刀
𤈝	火艹乂
𢟕	心糸内
呠	口木一
𫉅	艹女口心
䱸	魚申又
靀	雨艹冖一豕
䋎	糸日一
鞸	革田其
𧁷	艹十口广車
脺	月衣十
櫊	木門夂口
𨧢	金冎刂
𧄲	艹言屮日
𧝨	衤言刀口
𫵀	小心止凵
𡫫	文口矢圍
卲	刀口卩
𠴏	口艹亡
𢭝	扌刀丶心
𤸒	疒田厶九
𪉽	卜圍米冖二目又
𥢃	禾宀㇕皿丁
𠼲	口土隹
𣊌	日土隹
𧅫	艹廾乂乂冖見
𬖗	米女又
憦	心火火冖力
𠰀	口丨弓
𡌣	土四七
𬜽	屮石
𥊛	目亡月亻土
𥘪	示午
𧽈	走巳申丿
𣛣	木門一廾
𦣘	月一中冖口口甘衤
𦸰	艹立厂生
𧜖	衤匕目廾
𥷧	竹氵习习隹
𡎝	土癶一大
𢹈	扌竹辛甲
𪾤	目戊
𬂙	辛甲亡月亻土
𣷯	氵辵斤
𫽯	虎文手
𣋁	日冖二耳又
𨒟	辵夂冫
㘖	口立厂彡頁
𡓞	土竹馬
𥯊	竹亦夕
𬥯	八刀貝從
𣜵	木口丂虎
𫌒	衤糸了儿
𫡍	矢隹中中
𬁑	日犭耂
𡁹	口言禾㇕丿
𪹟	火巛貝
𨐮	辛艹兀彑
𦵠	艹亻丿糸
𨁪	足酉
𣷲	氵戶斤
𥌹	目金白巾
𡠣	女食旡
𧹪	大火亼冊
㗢	口亻東土力
𫱤	禾彐亡女
𡽾	山臣𠂉丶皿
𦩰	舟亻東土
𱐲	爪尹力
𤢥	犭廾田厶九
㳪	氵不口
𫈘	艹亻亡女
𬴫	長彡木木
挷	扌丰阝
𠊟	亻黽
𫡸	二車一巛工
𬁜	日艹目冖夕
𤹙	疒示口儿
𫴸	小日
𤶑	疒圍大
𫖽	几二彳皮
𦾠	艹日十人示
𬔗	下立
𤭷	瓦亼月巛
𬡰	衤日刀口火
𡗅	夕夕辵米
䇄	立气
𠊛	貝寸人
𢲧	扌艹兀彑
𥺑	米彐冖又
𬺚	辛甲生井
𦫘	𠂊巴丿犬又
䇪	竹至
溋	氵㇕丿又皿
掆	扌网山
𣇠	日女竹又
𢵰	扌糸亼口
𬏱	疒氵殳
𬠶	虫宀匕丰母
𤎒	火土半丸
𫼚	扌亠八
𠸦	口手目
𱫻	火尸工衤
𥆟	目公儿
𫗻	八頁广十日十月
𪂯	鳥女十口
𪢰	圍口貝丸
蕽	艹曲辰
𡂓	口辵不冂口
𢯙	扌矢口
𧋅	虫尸丶冫
𣇡	日巳心
燰	火爪冖心夂
𪜕	耂乚
𫼎	戶心午
𢋬	广木山隹
𧃽	艹广亻隹心
𩇆	雨田亠圍口禾
𧱺	豕亻大丂口
芌	艹一丂
𫬕	口木犭耂
𣘂	土厶矢木
𡳰	尸婁十口
𤇩	火弋八
𬋌	火羊豕
𡥌	子日
𩿠	鳥戈乚
䨙	雨氵工一
𨄼	足禾夕夕
𠸾	口月丿之
𧸝	凵网貝半
𫵥	尸从二刀口
𧶄	貝爪尹
㩔	扌尸几几殳
𥹙	米刀口
𬪽	亻東土竹
𧈣	虫㇕丿
𥸄	竹言旡旡日
𦢵	月广亠圍口禾
𣎢	月十日十月
𬮫	門一廾午
𠺩	口氵了川
𫺫	心䒑大阝
𡮔	羊大小
𡆂	口丰日虫虫
𨇒	足三石
𠠙	宀一火日小刂
𡗂	𠂹𠂇夕夕
𥳃	竹戶口攴
𬗱	糸田一木
𬁫	彐キ日且
𥱨	竹丰糸
𥳄	竹矢圍
𡝕	女巴三
𠝖	巛日刀
穉	禾尸水牛
𡳝	尸毛衣十
𥺊	米牛口
𤎞	火巛冂人几キ
𣙭	木竹刀口
𪉴	卜圍米甘木
𨀍	足用
𢵨	土半卩又手
𬃻	田木一中又
𪯯	厂止亼木斗
𤜠	犭㇕丿
𡘯	文口大
𡃼	口木隹火
稡	禾衣十
𧝩	衤彳𠂆丨目
𧛉	衣木攴
𩷉	魚亦
𫧭	十日十三口木
蛒	虫夂口
𡅯	口禾爪工彐心
𣎦	月日甘衤
𥦝	穴木木
𥏿	矢門口
𣅙	日一丂
𫎤	八刀貝刂又貝
𠻓	口冖隹
𡉿	土木
𪬽	𠂊彐心亻丶不口
㧅	扌刀
𤠳	犭走巳
𫘲	冎䏑九日
𢣸	心言二乂口
𡳶	艹臼尸婁
𢭹	扌文口
𤖹	爿立
𬘅	糸田羊大
𪫼	文寸心
絸	糸見
𨤰	竹八王田土
𦁅	糸衤刀
𩟼	食爪女羊食
𫎼	走巳宀女
𩷆	魚人二厶
𪇎	木木示鳥
𬔋	穴犬下
𪱆	日日甘衤
𨄺	足土隹
𤽶	白尸毛
𠲮	口一巛工
𩯁	長彡婁
𫙛	魚耒
𤇪	火人彡
𨖩	辵米廾目
𩹮	魚甘木
汓	氵子
𪟕	竹其刂
𡅉	口竹門日
𤈜	火至
𧸻	貝長彡丿犬又
𫯆	凡口⺍廾南厂
𨁫	足田土
鱩	魚雨田
𫯏	大弓夕卜
𥠮	禾南
𨅺	足彑攴
𠒥	火儿广木
𡃗	口木屮日
𦃮	糸艹兀彑
𨫋	金工貝
𬺙	辛甲亻氏一
𣕘	木厶口木
𬧗	足糸爪女
𩬆	長彡下乚
𬌽	犭辰寸
𠹳	口癶木
𢬦	扌示乚
𤷰	疒丰キ
𥖺	石皮羊大
𫅜	亼卩羊言
趶	足丁一
𠃯	禾㇕丿乙
𤁔	氵鬼斗
䱕	魚𠂉母
𣹕	氵彳彐キ
𦙀	月厂又
𦟵	月艹爪子
𤄍	氵酉卯田
𧹦	大火見
𫺦	八刀心甘
𪮚	网山刂手
𦷬	艹禾弋八
𧊊	虫用
𤠲	犭山豆
𥳐	竹門一廾
𬇚	氵幺㇕
𦹯	十口艹日十
𫆚	月由
𣃲	方𠂉几二
𧑁	虫三厶人彡
𥜡	示竹八王田土
𬎶	生彐火
鬦	鬥斗
𫊚	艹白⺍木木口
𱏯	田夂口之儿
㤕	心止凵
𡁿	口艹𠂇艹
𧉻	虫半
𬗔	糸文寸
𬰠	一木頁圍
𠹖	口尸工衤
啛	口一尹女
槏	木禾禾彐
𤵺	疒申丿
𥇼	目石廾
𬁮	八囪甘丿大心
𤷶	疒衣毛
𪦭	女十口烏
𬧲	丂口車
𫎑	貝竹
𪝪	亻厂二彐又竹
𪢷	土亡
𩞝	食囟又八夂
𥉪	目氵𠂉母
𤏢	火阝八豕
𠑬	亻食土土土兀
𣰙	毛木木示
𣺻	氵冂大皿
𠶝	口一中彐
𬙞	网釆七
𩭵	長彡宀㠯
𬮶	門一廾乂乂巾
𦟎	𠂹𠂇䏑
𫁷	竹又又
𠹯	口阝匕匕土
𪄅	乂屮殳鳥
𤬸	瓦生
𬤻	豕㇕丿
𫃹	糸辵儿⺍
㖗	口山亼㇕
𫏚	足亻丶不口
𬇧	氵工中
𣔠	木艹斤
𩻛	魚旡旡日
𡊠	土甲
𪇋	鳥山鬼
𬆎	止戊一㐄女又
喠	口亻東土
𠲝	口文寸
𫦽	廿口丰力生
𠱆	口㇕丿子
抳	扌尸匕
搮	扌西木
𩯹	長厶彡三石
𬝉	艹四又
𡚡	艹魚禾大
𠽚	丂口亻東土
𪇍	鳥辵冎口
𧕭	虫艹臣𠂉丶皿
𬉚	氵尸匕日生
𠜬	亻日一刀
𫸕	廴彐キ𠂹𠂇
𤕔	口丿七攴
𢯞	扌戈止
𤒲	火广田大火土
𱜝	工コ心木口刀貝
𪱊	日生亻丂口
𪿒	石卜了
𫭅	圍扌厶
𠶅	口扌刀口
𧍇	虫亻一中又
𢵔	扌尸三子
𡮊	小大凵刀丶
𫨮	大凵亼十口
𫪿	口氵亻牛
𦖇	耳冎刂
𤜯	犭𠂊又
𡮤	門才小
𢷱	扌广婁
𪰏	日丂口
𫱗	女亼口手
𫽝	扌刂又皿
𫻋	心白一中彐
𤎔	火羊巛亻
𪴁	木足儿⺍
𣌵	曲𠂊又
𦄌	糸土八土丸
𧃌	艹足水日
𠺮	口日之寸
𦝹	月門乂屮
𫁜	穴犬石𠂊𠂊
𣴜	氵扌丿七
𨆣	足廾田厶九
𣨕	歹口口
𢴗	扌氵火火
𥆀	目氵工
𫭿	从土匕匕
𬟻	虫亠八
㵢	氵雨田
儾	亻一中冖口口甘衤
蹆	足辵食
𧰗	豆宀心皿丁
𠝺	甘木刂
𤵪	疒刀口
𪡵	口氵口月
𧹻	大火土耂
𪵌	殳亻夕夕
㺞	犭𦥑牙廾
𩶟	魚丿之
𠺾	口王𠂉木
𬟎	艹王廾日一勿
𫫗	口不見
𨷑	羊大門一廾
𦓜	耂匕而大
𩟵	食竹馬
㺝	犭臣𠂉丶皿
䈧	竹爲
𩺡	魚王刂王
𦗞	耳宀大丂口
𥿥	糸亻士
襊	衤冖二耳又
𥣑	禾艹亻東土
𣱽	氵㇕丿
𧛈	衤亼冊
𠶐	口辵匕卩
媎	女耂
𩟻	食日衣口口甘
𩑰	日一頁
𥊡	目車欠
𢝘	心臼土
纙	糸网糸隹
𦝄	月土八夂
鑧	金宀艹見丶
𡎭	土糸了儿
𫶸	巴亻歹刂
𧊐	虫彐キ
𩗂	凡虫一木
繓	糸冖二耳又
𦣰	南臣卜
𫦢	石衣十宀丰口刂
𩷈	魚小丿力
𤊦	火方攴
𪨛	尸从二至
𥪝	辛甲中
𤀘	氵艹凡虫
𩃳	雨丰キ
𥯏	竹亻廿廾
𨮇	金艹凡虫
𣖧	木止匕木
𪬧	巳心亠口小
𩺤	魚西木
𪔠	王廾南豆竹又
𢤛	心网厶月匕匕
㷙	火䒑月刂
𢢬	心亼一乂凵厶九
𨅿	足走戈乚
𪽳	疒西女
𧓯	虫亻爲
𫄄	糸尸婁
𪩁	山阝且
𡻔	山氵丶艮
𡓃	土三石
𫗒	食宀女
𫛈	鳥子瓜
𬨻	辵木口竹
𪲍	木䒑巾
𩠵	八頁宀屮人木
𪯞	方攴石衣十
𧦕	言十几
𠽅	口丰臼
𬡣	衤丶不口
𪻉	犭文隹
𡃹	口口口甲一戈
𦟉	月疒甘
𢏢	曲弓
𪱯	亡月亻土辛甲
𩡜	禾日丶艮月
𡚎	四十乚大丂口
𡮌	小彳皮
𫹦	十目彳之寸
𢵺	扌氵甘匚八
𢁸	巾方
𣌶	公曲
𡍢	土子瓜
𪳼	氵耂二木
𪦜	女氵耂
𤹚	疒耳戈
𬗥	糸心日一
𫙂	長彡婁
𫷍	白巾尸匕
𦟷	月土丶不口
𠠍	禾丿刀人水刂
𨆠	足艹癶一大
𬚶	䏑丶王
𩸶	魚山石
𠌊	𠂹巴
𫳵	宀牛亻丂口
𢶼	扌山鬼
㽳	疒丁一
𫧜	匚三口土也
𥠬	禾丰一大
𠰌	口一木
𪅭	亻丨攴月鳥
𡌿	土亠口小
𣗪	木艹人木
𡮆	小門
𦷾	艹廿乚冖巾
𬑚	十目匚巾
𣴓	氵亻牛
𨀿	足二月
𩆾	雨虎隹一丂
𥍘	目食土土土兀
𠽄	口扌网木
𦍉	网糸隹立丂口
𬈚	氵生井了
𪥤	上女
𠾓	口言刀口
𤄌	扌斤氵戊一火
𬜛	舟竹皮
𪥾	女石竹
𡇸	圍千北
𪩔	山八甲一戈
𧔛	虫癶豆阝
𠻥	口巛田木
𡏣	土自犬
𬏨	疒口丿七
𩆠	雨艹目冖夕
𥰆	竹不冖
𦡠	王廾⺍人月
𤍉	火山言
𥈹	目穴牙
𧔾	虫禾几頁
𠽎	口氵厂土土
𡎢	从土夕卜
𡢽	女雨田
𤐓	火氵爪幺大
𪭩	手亻弋
𢸠	扌言田木
𧛷	衤才戈口
𤶾	疒文口
噡	口𠂊厂八言
𢏑	弓半
𬋨	爪尹丁
𥚆	示刀丶心
𢢄	心山田厶九
𧹫	木木大火
𠁺	中中辵土羊
𫣝	亼冊人王
𬆆	不圍止卯
𣖞	木亦口
𬈺	氵非心
𫸶	弓冉阝
𨆹	足辛木口
𥼖	米𠂉母攴
𦤱	自犬臣又糸
𫎄	豆宀㇕皿丨
𫵢	曲尸止凵
𪭽	扌广土丶
𨠲	酉亻工一
𢱜	扌彳之寸
𢵵	扌艹田木
𬎭	瓦牛巾刂
鮻	魚厶八夂
灲	火刂
𧆄	木口艹白幺幺木
𨼚	阝非心
𤋿	火艹止凵
𪃱	厂日子鳥
𡁜	口示冎口
𢝚	心氵之儿
𨍄	車目廾
𱜞	巴土八夂
𡑗	土亻冖隹
槒	木亠幺田
坧	土石
𣅅	日㇕丿
𪵟	毛尸目
𤻪	疒雨而
𪭣	扌㇕㇕丨丶
𥊝	目土半丸
𣎀	月广卜口
𨲅	長刀丶心
撍	扌旡旡日
𬚂	羊彐丨貝戈戈
𥵾	竹禾亻東土
𢗷	心水
𤞪	犭口口
𫰅	艹魚禾大
𱢽	宀辛甲亡月亻土
𡀥	口艹白巴
𫆲	月艹十冖子
𪤄	土网釆
𡅎	口竹旡旡日
𬟖	一火日小艹厶口
𥅦	目耒
𪸘	火大凵
𡌀	土冎刂
𢆭	巛圍乂釆禾人
𥢬	禾爲
𦟟	月广屮屮
𢚲	心巳攴
𠲞	口扌工
㺯	王大
𤹼	疒虎彡
𥖸	木鬼石
𪩪	工コ亼口口从欠
𡒬	土竹其
𤳽	田龍
𬑰	矢半
𡀳	口尹口羊
𡕵	頁夂八丂
𪝄	亻一火丂一
𪺹	犭女又
袊	衤亼卩
𫠰	下手戈
𥈭	目口口一丂
𫔳	門文キ
𣼼	氵阝東
𤀛	氵尸匕𠂹
𪇨	鳥艹氵甫
𠿚	口艹廿乚木
𪝜	亻丿㠯一巾
𪪈	非心禾人
𦝂	月白勹丶
𢺜	扌竹习习隹
𬳜	禾日歹
𦄹	糸扌卜日十
𥹸	米十冖子
𨆒	足氵隹十
𩂕	雨弓刂
𪴻	不圍止刀口
𪱬	月氵爪工一
𬞠	艹人木艹勹丶
𥔦	石不皿
𬁶	二乂月
𥖒	石心勹日子
𡺐	山耂
𦭧	艹匚巾
苚	艹用
𩚔	食女
炲	火厶口
𫆴	宀弋八山月
𦽰	艹予丿爪尹
𫈅	艹八公
𠽓	口衣公
𤉒	火豸
𢹿	扌示曲豆
𤠱	犭土厶矢
㩹	扌三田冖且
𧿺	足止凵
𪹘	火彳亼木
㵒	氵弓刂貝
𤠆	犭衣口
𩨼	冎䏑丘
𥌬	目广田土八土
𣻁	氵金十
𨄹	足辵牛口
𦞹	月辰寸
𣌒	日勿业羊寸
𡭜	門小
䳂	刀口鳥
𫰣	女示乚
𬔦	立氵扌丸
𨨨	金彳圍止
𨉞	身土八夂
𥈿	目工貝
𨢼	酉囟八夂
𬦳	足豸
𠿃	口女甘木
𫨎	厂人手戈
𪅥	隹夂鳥
𬕨	竹丶艮月
捹	扌走止
𥗩	石車凵殳手
𫼢	扌厂止
𥱲	竹虎文
𩜪	食大示
𪷰	氵言甘刀口
𤵶	疒卜弓
𫦨	米力
𩨜	冎䏑巴
𤑸	火臣𠂉丶見
𬏽	疒网貝
𢵶	扌金一屮
𧼍	走彐火
𫗹	八頁木宀丸
𡋀	土示乚
𪖠	自田矢刀口
雴	雨立
𬈼	氵亻冖隹
泍	氵木一
嚋	口耂工口寸
𬧕	足𠂊用刀牛
𫤁	亻八宀口十目
𠶓	口衣毛
𡑰	土圍土口衤
𤂩	氵之儿耂
𩸷	魚石廾
𫡲	二乂下
𣔦	木厂土土
𩄳	雨立立
𪩵	行亠巾
𤉖	火車
𧛆	衤水日
𥈲	目𠂊彐心
𥻼	米烏
𧃵	艹十口癶豆
𨃓	足艹人木
𦟐	月馬
𫡦	人彡九
𠺥	刀口爪冖又
𢬢	扌口巾
㨲	扌艹宀木
𥶃	竹艹目冖夕
𤽀	白了
𠴼	口至刂
𬴟	亠口冂口竹彐キ
𨩖	金艹亼卩
𬩌	辵火儿圍巾
炶	火卜口
𦞣	月又爪虫
𨭍	金非心
𦼔	艹一火日小
笀	竹亡
𠸫	口丰一大
𢅧	巾糸白巾
𤘓	牙宀心皿丁
咹	口宀女
𥓴	石方攴
𫖦	川頁八宀口
𱔂	口亠亻歹刂
𤺵	疒口言甘
𥶰	竹尸八囪甘
𡄀	口口艹四十乚
𦟾	月匚三口
𠁵	中刂キ廾
𬏊	田丶艮
𥪞	辛甲内
𦝌	月氵大凵
𬹰	自田矢丶不口
𫏻	婁車
𠵩	口田木
𥒃	石士也
揌	扌田心
𫧧	辵車斗斗
𫋟	虫臣又皿
𥺒	米由丂
𡀢	口山亠口冂口
𠶠	口氵厶口
𢰺	扌𠂊且八
𣙸	𠂉木艹止凵
𠻽	口木𠂉母
𫇍	自犬宀釆田
𣠖	二木言耂
𠿰	口食𠂉力
𦜞	月乂廿廾
𪸝	火冎
𣈔	日广卜口
𦟊	月酉巳
𣾻	氵口耂
𢶺	扌穴𠂊臼
𤳇	𠂹田力
𥪅	立口欠
𪽮	疒卜尸
𧶯	𠂊貝廿廾
𱤪	木丿四亻衣
𦀽	糸牛口
𢬭	扌文寸
𫧟	半巳
𠝗	刀心日一
𪣽	又土十冖子
𢆘	禾人欠
𨅇	口衣十足
𪵸	氵土也
𣛯	木氵欠皿
𢜞	心𠂹
䣷	酉𠂉木
𬄱	木艹刂又皿
𫠺	上艮心
𪭚	戶刂キ廾キ
眜	目一木
𦲿	艹四十乚
𬹯	自田矢艹乂
𢇱	广八丂
𡊳	土生
𱏃	亻丶艮月
𣷭	氵彳皮
𪧱	宀屮人冫士口
𥺔	口欠米
𬩉	辵木口弓刂
𤙮	牛大火
𫆝	月門才
𫾐	扌厂木木止
𫏍	足巳攴
𪇏	三田田鳥
𤞐	犭才子
𫯝	上一大
𨱾	長大弓
𤄭	氵日圍止頁
𤃤	氵辵土土土兀
𪜒	乙士口
𫑆	辵竹又亦又
𠀖	廿又
𨦭	金宀牛
𣘃	木艹兀彑
𨮉	金尹口羊
𫷇	宀口亠巾
𥬨	竹丘
𢈖	广二魚
𤋷	火丰一大
𬎷	四十乚生
釯	金亡
𪣮	土氵尸匕
磮	石山亼冊
𦰦	艹巳攴
𥊥	目阝𠂊臼
𪩱	巴門木四
㖡	口亦夕
𬗵	糸土半丸
𠺨	口耳心
𧹼	大火耂阝
鮋	魚由
𪽯	疒丨弓刂
𫢖	亻㇕丿竹
𥆁	目歹刂
樳	木彐工口寸
鴼	鳥夂口
𥽍	米木木示
汿	氵予
𦎍	羊言
𫲴	子艹門木四
𬅧	二欠目
𤷖	疒土八夂
𤌀	火𠂊彐心
𠻋	口矢用
𪮻	扌車斤日
𦄆	糸土田土
𡭧	止凵小
𦲼	艹女石
𨥿	金工丂
𣼍	氵山亼冊
𬨳	辵屮丶幺㇕
𨄸	足日扌斤
𫪄	口刂又土
繮	糸三田田
𠺿	口厂白小
𬧜	足弋心馬
𤹒	广衤大凵
𣗾	亼冊𠂉木
𪿣	石冉阝
𬏝	疒卜了
𩹫	魚口耳
𣡹	木广耳亻土十目一心
𤁓	氵王䏑午凵
𢭱	扌亻日一
𬲇	亼月巛心几二
艔	舟广廿又
𩄎	雨尸目
𫲼	宀𠂊又
𥄯	目亼㇕
𥍎	目田厶九頁
𫽶	扌巴火儿
𤍆	火車兀
𬥪	南豆皮貝
𠑢	亻艹土八土丸二厶
𤊬	火非
𡮳	网貝小丿
𤢈	犭癶豆
𩂏	雨竹又
𫮲	土屮日土
𣭯	毛大弓
𣵶	氵口欠
𣼭	氵土隹
𨨷	金穴犬
𥳉	竹耂阝
厛	厂口斤
𧒋	虫刂𠂉丶見
𤿭	皮甫
𬇒	气厂白小
𤇨	火不一
𦡥	月氵弓冫弓冫
𬌔	爿心
𫅩	习习内攴
吿	牛口
𫘿	長彡尹口
𪞍	禾禾彐亼口
𪟶	半八宀口
𬔕	穴牙糸了儿
𡮾	辵土土土兀小
䊼	糸止
𨅹	足十日十月
𤑫	火艹辵夂丰
𦰤	艹宀牛
𩫛	亠口冂口衣十
𫥖	冫亼卩夕卜
𫈺	艹木兀彑
𢈱	广禾刂
𥏋	之儿矢
𪨃	小扌衣十
𧟀	衤口口甲一戈
䋦	糸𠂉母
劸	土土力
𢹉	扌禾㇕丿頁
𦼜	艹走竹八
𱕔	口匚艹𠂇口心
𡏤	土辵大下
𱻥	戶习习厂大下欠
𪸄	氵臣𠂉丶皿竹
𫡠	𠂊丶网貝
𩷹	魚卜日十
𠴖	口亻立
𢴏	扌氵爪工一
𬩀	辵不口口
𫪎	口心コ又
𢶟	手山鬼
𣗌	木辵米
𡭉	半身寸
𪣰	土四十乚
𢢋	心山立厂彡
埩	土爪尹
祱	示公儿
𬕓	竹丿大小丿
𫸋	广廿大日亻𠂉匕
曥	日虎田皿
恜	心弋工
𢬤	扌匚王
㤡	心歹刂
𡥴	子白工
𫒨	金土申
𰴂	衤厶大彡
𥵛	竹曲辰
𧯶	山豆丂口
𫷓	八宀口巾亼冊
𠲤	口氵女
𠹼	口宀辛
𫅠	羊大艹廿乚木
鎇	金尸目
𧍎	虫氏日
𦹰	艹囟又八夂
𠍭	亻丶不口𠂊又
𨤻	丁八网王田土
𬙚	四廿乚
𫵈	門心小
𪪆	干八亼㇕心
𠬖	大凵衤甫
𧎷	虫𠂇艹
𬞨	艹火爪臼
𠷤	口月勹巳
蓃	艹申又
𠺻	口糸𠂊又
𣖛	衣十一木
𠜯	牛口刂
𩬪	長彡丿之
𤇤	火工丂
𧚢	衤亠口儿
𬥓	貝半
𬎵	生門才
𦡟	北月土八夂
𪟆	了月刂
𩺪	魚舟殳
𪟙	艮力
𬏑	田辛甲
𪮒	手手目
㳥	氵王廾
𬕩	竹扌卜日十
𡒪	从土水皿
𠇕	亻巴
𪪄	干八刀丶心
𤊢	火貝寸
𪱁	日勿田土
𢀱	工コ魚禾
𫫥	口氵宀示
𫮦	土非心
𡼹	山木土八夂
𣏒	木丸
𤠃	犭一巛工力
𠜮	𠂉母刂
𤻳	疒三石
𩺦	魚辰口
𤏬	火亼户口刂
𫱅	女干亼口
𬜑	舟力
𬟗	艹臼宀婁
𡬼	网山刂寸
𨬋	金冖二爲儿
𢗽	心匕匕
𬴝	亠口冂口土土土兀
𫄉	糸足夂口
𪂠	田木鳥
𪶛	木目水
𫏈	足火儿
𬡬	衤亻東土力
唹	口烏烏
𥾋	糸㇕丿
𨎞	車凵方攴
捛	扌口口
𢝛	心丰刀大
𣋜	日木木示
𫮡	土氵火火
𢺝	扌艹糸圍人皿
𣠶	𠂉木耂見
𧌎	虫冊廾
𬃤	木申丂
𨂗	足子瓜
𫭐	圍口口口
𫘖	糸氏馬
椊	木衣十
𬞮	艹辵車竹
𣕬	木丰母
𬚊	耂匕了
𧍐	虫亠歹刂
𡮇	衣十小
𣥱	止一中又
𪝬	亻石衣十
𠶡	口石廾
𠇼	亻爪丁
𡀲	口言兀彑
𠱜	口才子
𥭏	竹厶牛
暏	日耂
𬈈	氵井圍止
𡓠	土金巛日
𨁦	足王廾
㷝	火穴犬
𨯸	金禾几頁
㳶	氵爪子乚
𬗀	米丁卜口頁
𦄣	糸衣公
𦮴	艹禾人
𧄈	艹厶口一火日小
𢯦	扌𠂹
𨨠	金勹米
𠟲	宀釆一丂刂
𫤾	冫乙
𢠿	心爲
𨤧	田土竹八
𲄱	身臣𠂉三口
㓟	皮刂
𢶂	扌辵冖車
𥖖	石皮扌巴
𪞼	囟羊二欠
𩩿	冎䏑言甘
𤲂	田亻八下
𥍖	目臣𠂉丶皿見
𢫄	扌木乚
𪇫	鳥鬼斗
𪲂	木乙日
𫯗	夕夕氵口月
𨸈	門羊大
𧞊	衤𠂊用刀牛
𩓛	尸㇕口頁
𠶦	口广由
𡂮	口耒田厶九
𢴿	扌十日十月
𬖾	米皮頁
𬈿	氵宀㇕皿丁
𤼕	疒耳言甘戈
𢀨	工コ丶艮阝
𬡢	衤宀人大
𠶢	口氵由
𫴮	貝寸亻二
𠑋	人四人十王廾
𪬤	自心弋八
𪿐	矢車亼月巛
𣠳	予丿木𠂊厂八言
𡂂	口言二乂口
莯	艹氵木
檊	木十日十人干
𥡗	禾馬
𪫦	心𠂇
𫶺	屮一兀𠂊厂卩
𦷮	艹心二乂口
𡓁	土网厶月匕匕
𬛑	月白匕旡
銙	金大一丂
𨅄	足車欠
𩆴	雨虎田皿
𬈎	氵禾斗
𭉆	口心艮
𠶋	口艹亻八
𫃒	米艹甘匚八
𨆿	足門夂口
𫯙	夕夕亠禾禾彐丿
𣵴	氵口亼㇕
𪭀	辛刂辛心
𨡼	酉刂又皿
𩻺	魚非心
𠽋	口匚艹𠂇口
𫤋	言二乂口亻匕卩
𢂎	巾由
𫜍	鹿夂口
𠱍	口犭卩
𤒘	火竹馬
𫗀	几二氵𠂉母
𬌖	艹白幺幺木爿
𥘂	石言糸糸攴
洃	氵𠂇火
伩	亻文
𥬊	竹斤
𪺃	火勹巳八宀口土
𬕫	竹由丿皿
𫿐	巳攴戶斤
𤂭	氵酉衣十
𬋗	火勹巳广廿巾
𣳔	氵用
𢪭	扌工一
𨦽	金文口
𡅒	口扌頁心夂
𡓂	土癶豆阝
𢩽	扌巳
𢢁	心尸三子
𫃼	糸米斗
㨔	扌戊一口
𤉗	火耂子
𤶽	疒十冖子
厙	厂車
𡄭	口從耳
𬛗	月門心
𫕡	雨北
𫨅	厂一白
𪤷	夕巾
𤹽	疒言内
𢬐	扌九日
𠥤	匚艹𠂇口酉
𬪁	卯冫口巴
㲸	氵乙
𡅋	口木臣𠂉丶皿
𠳚	口巳攴
𦟜	月丰貝
𫌕	衤厂木木止
𡙧	大弓艹亡
𨄻	足矢圍
𫎚	网貝竹
𣄬	凡方厂禾禾止
𡀬	口石衣十
𢠥	心十日十气
𢥈	心虎田皿
𫽠	扌爪田
𦵜	艹氵西
𠠉	皮頁刂
𬚱	䏑毛
𧔜	虫車斤日
𠓐	火儿火火冖木
𩘣	凡虫丰糸
𥑠	石甘
𪱜	厶口月
𦃯	糸田皮
菻	艹木木
𦁻	糸白工
𠄩	厶口二
伮	亻女又
𫽟	扌殳刀口
𡦮	子艹癶豆
𦅮	糸人四人十
𨈒	身卜
𡶁	山一屮
𠫆	厂日子艹厶口
𪳨	网干田木
𬨱	辵阝且
𲉯	文隹南
㯝	木足夂口
𪇪	扌不冂口鳥
𪫆	氵彐
𪜛	爪子乚攴巾
㗕	口魚魚
𪶟	氵殳手丶
𫶮	工艹二厶
𣔝	木辵一屮
𨆂	足一大非一
𠰃	口工一
𠗤	冫彳丶王
𠙅	几立
𧌂	虫止㐄
𠁄	亼冊下
𡑳	土尹口羊
𦜘	月爪子乚
𠸣	口糸工
𢭿	扌氵一巾
𡼇	山囟八夂
𫫫	口頁夂
𢙩	心耒
𪯫	斗丘
𦙣	月木
𪡯	口貝門
䚂	大火見
葻	艹凡虫
𤴵	疒弋
𥵕	竹日刀口火
𬕰	竹之儿夕口
𪪻	弓一内
𤎶	火爲
𨗛	辵十日十月
𪒳	囪火火氵厂白小
𣛧	木三木
啩	口土土卜
哬	口亻丂口
𩖫	凡虫方
𡥙	子刀口
𠼖	口木木女
𤠂	犭艹厶口
𨇛	足耂見
𩝇	食甘木
䁠	目禾禾彐
𪦍	亡女火儿
𦝋	月門
𥱯	竹日之寸
𬗢	糸四十乚
𢺎	扌月巛圍乂釆
𥈺	目爪臼
𡳥	尸石衣十
𠶌	口辵斤
㮧	木烏
𬖉	竹辛甲亡月亻土
𧋍	虫扌斤
𥽵	米糸土土土兀
䐠	月艹亡川
𠁹	中𦥑牙廾
𣫷	𠂉母半
𥉮	目大下月
𫹰	心門
𠅜	亠亻歹刂
𥞵	禾亦人
𤮄	瓦一口冂八丁
𨄽	足阝𠂊臼
𥭵	竹冉阝
𪢃	口囟八夂
𪵧	气凵方攴
𧒇	虫犭耂
𫗄	几二亼月巛心
𠯾	口亻九
𪠭	厂又阝且
𫥿	大乂刀
𠲣	口丿皿
𢤠	心夫夫車
𢣇	心言甘欠
𬇓	气辵土羊
𣎖	月土半丸
𫅮	习习辛甲
𦒵	耂匕口
𡖡	卜口夕夕
𢱨	扌文糸
𣖜	木田月
㮔	木亻東土
𣉳	日网釆
𢹦	扌亼口口从欠
𫏪	身虫
𡚄	大卜日十戈
𫵨	尸从二牛巾刂
㴥	氵山小月
𥆺	目酉
𪪏	广卜尸
𥯇	竹爪子乚
𧳇	豸亼口
𦢢	人人人月尸至
𢫅	扌丿七七
𤾷	白扌业廾
𤭶	勹乂凵月瓦
𬍆	犭耂文
𥉭	目扌斤口
𡦅	子𠂇艹
𫲃	女亠圍口示
𣄥	凡方隹又
𣔤	木亻一中又
𠖤	冖一兀非心
𥢅	禾厶卜貝
𤀞	氵艹耂
𡏧	土亻丶不口
耚	耒皮
㝵	貝寸
𩦓	馬門一廾
𡨌	宀寸中
𨃶	足木夂口
𥓅	石口口
𢸡	扌齒
𫐴	辵豕八
𠼿	口文口心
拁	扌力口
䱚	魚彐水
籚	竹虎田皿
鮽	魚亼木
𠁟	立立禾禾彐
𧀞	艹田木一中又
𪅴	亞心鳥
㦡	心白幺幺木
𥹯	米耒
𧫼	言广屮屮
𡌡	土弋弓
𬒊	石人二厶
𪯾	方口貝
𠞟	亠口冂口刂
𠆳	人上
𠻇	口木申丿
𧤂	土八夂𠂊用
𧜙	衤工貝
𦤠	自犬𠂇火
𠯦	口七刀
𬫀	田土予土土
𣿌	氵辵日勹亡
𫺱	自心卜了
𠟹	刀予頁
𠖈	冖一兀下
𧑅	虫走戈乚
𫧂	牛口勹丶
䀨	目舌
𤴥	疒乙
𣐄	木中
𢟹	心辰寸
𧰦	乙豕
𫑑	辵冎口禾人
㨴	扌十日十气
𢢊	心阝八豕
𢷃	扌門亠巾
𥱴	竹扌甫
𥸍	竹門口口甲一
𡙵	大目艮
𥺐	米口斤
𬑉	一木目
𤢇	犭竹彐キ
𫔹	門亠巾日皿
𢭗	扌丶艮
𤴬	疒刀
𨦦	金宀丁一
𫇊	自宀子
𨁲	足口巴
浽	氵爪女
噽	南豆口不一
𢘾	心女口
𱿈	尸婁艹臼
𢷴	扌匚廾貝
𩆍	雨氵䏑午凵
𤯩	王廾生
𤞽	犭艹亡
㨘	扌小丿目
𣔧	木女石
𬕷	竹亼月巛心
𡂹	口宀釆田
𣋻	日艹目戈人
𦞎	月立厂彡
𥶁	竹辛木口
磢	石大四乂
𤔾	艹冖一豕爪
𫘑	馬羊大
𨃽	足辰寸
𥼲	米彑攴
𠵚	口山厂干
𢅆	巾艹日月
𥗜	石口口甲一戈
𡞗	女丰キ
𪡽	口刂キ廾キ
𣉕	日三又木
𨄾	足宀大丂口
𢷰	扌車一巛工
𢲢	扌阝亼木
𡄮	口金木四
㖣	口丶不口
𤮑	瓦非心
懓	心爪冖心夂
𤇌	火十口
𡈩	圍辛東土
𠠭	衤刀亻旡旡日
𪩜	山乂乂鬼
㦉	心士冖豆
𬏩	疒小丿力
𣞪	木囪火火土
𪥀	广亠圍口禾夕夕
𣻀	氵糸内
𤹓	疒尹口阝
𩢦	馬夂冫
𧊉	虫丿之
𡃌	口厂亻鳥
𠊜	亻女石
𪝅	亻木攴
𢵹	扌疒𠂉母
𪮞	扌禾手丶
𤺳	疒尸水牛
𬙽	羊言亼卩
𫑱	丶艮阝十日十月
𬧘	足火火冖木
𨪀	金甘木
𫇡	舟艹門木四
𱑮	衤甫大凵
㖸	口虎匚一
𨒺	辵火儿
𣟩	木禾几頁
𫳹	宀弋八山兀
𡝔	大凵力女
𬃪	木立丂口
𢋠	不冖广氏一
𥄭	目午
𡎛	土八刀皿
𡳪	尸毛土隹
𪓇	囪火火匕目廾頁
𩇍	雨馬田糸
𫬪	文口米癶
䗲	虫米癶
𡓔	土广亠圍口禾
𫃵	糸婁
𫢠	亻艹尸
𢳁	广非手
𥷺	竹言屮日
𨉑	身口亻土
𪳋	木丂亼㇕心
𬜕	舟公凡
沲	氵𠂉也
䕯	艹西示瓜
𦄈	糸金刂
𠲜	口爪尹
𣙧	木目艮
𪽠	白⺍儿由
𢴎	扌月公儿
𪭘	戶工コ
𪀅	瓜鳥
𣦮	衣十止戊一㐄
𥗐	石三石
𬗲	糸亻丨攴彡
𢚼	心山𠂊又
𤢽	犭斤斤貝
𪶎	氵扌刀口
𡳺	尸毛白鬼
𢤫	心𦥑牙廾キ
𥿺	糸亡女
𬊐	卜尸𠂇火
呌	口斗
𪅦	鳥圍戈口一
䈒	竹南
𪲇	木曲
𤻽	疒齒
𬊬	火卜口火
𥟼	禾艹不
姂	女丿之
抷	扌不一
𨀎	足立
𢺍	扌艹巛圍乂釆
𪵰	氵弓丨
𡃔	口扌一火日小
𪆥	鳥穴牛口
𬦋	走水丶
𬲂	几二亼月巛
𤬀	瓜亼木
𡃒	口扌业廾
𫀵	禾宀下乚
𢲱	手魚魚
挕	扌耳
𫔬	一力門
𣅗	日巳
𣻂	氵扌斤口
𥋽	目网卜日十
𢲩	扌糸𠂊又
𧒊	虫矢口日
𨐷	辛言𠂉匕
𣻕	氵广屮屮
𧘇	衤
𫭻	土巳心
𢹌	扌辵尸水牛
𠼽	口爪見
𬑫	目一木弓八甲一
𫹄	皮彐
𬩛	文寸辵豕
𩷳	魚尸毛
𤃡	氵匕禾頁
𫕲	雨辵亼月巛
𤷵	疒土皮
𦞢	月圍豕
𠸢	口一口田
𧸰	貝車一巛工
𡮲	小言之寸
𡳀	尸毛𠂊厂卩
𨄊	足䏑又示
𪿽	石𠂉木亼冊
𢰳	扌西女
𱚹	尸丶且
𫕨	雨厶大彡
𤷍	疒其
𡂯	文口丶艮月
𪬼	八刀心刂又貝
𢂌	巾亻弋
𨘱	辵木口爪尹
尙	八宀口
𢺀	扌言屮日
䘹	衤衣十
𤠚	犭丰糸
𦄶	糸口艹亻八
𠻵	口屮犬
𠹗	口扌斤口
嘑	口虎爪丁
𬔒	穴氵网木
𥓶	石夂田
𣼬	氵日扌斤
疿	疒弓刂
𥔧	石亻東土
𬫤	金四十乚
𫻅	心白山𠂊又
𤶎	疒𠂉木
𤉔	火亻𠂉匕
𬍏	亠幺⺍十下
𡂡	口婁攴
胒	月尸匕
𫼻	扌亻白
𢫆	扌木一
㙮	土竹亼口
𨥧	金丿之
𣇫	日田木
堛	土一口田
𫘴	冎䏑尸至
𩠱	八頁辵丿㠯
𧀜	艹火爪臼
𥢂	禾广屮屮
𢳞	扌耳冉
𬓓	示乚木艮
𠀴	止凵下
𬠄	虫圍巾
𣦍	宀且圍止
𩐛	言甘瓦
𠲦	口戈十
𥽩	米辵尸水牛
𡋃	土耒
𣞄	一木亼囪甘
𠧍	雨而斗斗
𫇂	尸至月巛囟
㹠	犭一屮
𫂮	竹其言巳
𣵰	氵文口
𪤾	夕十日十月
𩄐	雨阝夂㐄
𫵃	小彐皮
𤍶	火田糸
𦵚	艹女又心
𧍉	虫广氏一
𠋥	亻尸目
𠶄	口子丂口
䅘	禾𠂹
𬎳	生木
𥐐	矢豆衣公
𨁰	足口欠
𠾼	口糸𠂊巴
𤑯	火亼口口从刂
𠿒	口日勹亡欠
𠦿	禾竹八斗斗
𨗵	辵气土羊
䃣	石爲
㤝	心了儿
粡	米凡口
𬢞	言竹
𫵛	尸丶冫寸
𡓎	土行㐄口㐄
𦧷	舌广禾禾彐
𩙳	亼卩乙冫丿刂乙乙冫
𦬑	艹女
𨁨	足犭王
𡛔	女下乚
𠄦	二𠂊又
𨇷	足禾女鬼
𥫟	竹巳
䘆	虫宀丰目心
𬹷	齒宀丁一
𡁼	口氵西示
𨁯	足大火
𣌝	日日衣口口甘
㦆	心虎爪丁
𠐞	亻三石
忇	心力
𪷞	氵艹刂又皿
䤵	金非
𣡙	田木木口刀貝
𨙖	辵龴用亠幺⺍十
𡫡	宀牛門口
𪡗	口斤欠
𠝫	羊大刂
衴	衤冖儿
𢆕	干八厂又
𠀫	其丿
𠝔	女厶口刀
𠶈	口衤土
䕱	艹豆頁
𠹾	爪冖又刀口
𤉛	火从土
𪄌	工貝鳥
𩼁	魚耂阝
搩	扌癶木
𫺒	心門日
𪩥	工コ文口
𢮑	扌彑水
𤆷	火亻匕
𧺕	走勹丶
𨀈	足北
𱓕	口女又弓
湈	氵甘木
喡	口㐄口㐄
𥊦	目予丿夂力
槯	木山隹
𣙺	木囟八夂
𭋙	口示彑水
𣾃	氵戊一口兀
𠛤	卜口刀
𨇶	足穴白方攴
𨆞	足曲辰
𠁪	工一中
𤹔	疒凡方
𠗸	冫工貝
𤓆	火艹臣𠂉丶皿
𫌗	衤言身寸
𪩮	巴土八夂
𦏒	羊大艹田
𠸗	衤刀十口
𠺶	口糸内
𪧡	十目宀寸
𠫏	厂禾禾止衣十
𥓹	石廾手丶
𥊙	目囟八夂
𡑩	土鳥衣
苝	艹北
𡳹	尸毛网厶月匕匕
𠲔	口亦
𧶫	貝衣毛
𦽔	艹木木示
𬬐	金亻東土方
昛	日工コ
橊	木一卯田
𤷭	疒白勹丶
喎	口冎口
𣑷	木小大
𤀙	氵口烏
𫖼	几二一木
𤾯	白氵廿内内
𫽘	扌木口力
𠚢	网糸隹止凵
𨉓	身亼内
𣒲	木宀牛
𫆢	土八夂月
𪛇	龜圍口十圍口
𬁖	日生宀牛
槈	木辰寸
𦀌	糸女口
𤽵	白扌九力
𦆚	糸鳥衣
𪳌	木土且力
𥆡	目亼㇕口
𡎞	土卜貝
𢵱	扌門一廾
𩸱	魚金
𨼋	阝虎丘
𬂆	丶艮月竹
𠺽	口乂屮殳
𬃈	木乂乂攴
𠱋	口由
𢹧	扌酉鬼
𫕾	网十目非
𫶼	巴辛木口
䌑	糸臣又土
䕺	艹业耳又
𩛷	食不口
𫯍	夕夕丁
𣨰	扌丿七一夕匕
𥀪	皮亠阝隹
𦨻	舟火儿
𣀟	巴婁攴
𦆙	糸雨田
𪨀	小止凵
𬊨	火女又弓
𬔙	冉立
睸	目尸目
𠊚	亻貝寸
鯜	魚辛女
𨎟	車田夂口
𢥉	心艹氵日一勿
㗶	口癶弓殳
𡮹	小丿艹冖一豕
𣠑	木竹辵夂丰
揞	扌言甘
𧯄	禾日八公
𡮛	小氵日土
𠟤	羊言刂
𦲵	艹彳圍止
𫫞	舌亼㇕心
搙	扌辰寸
𩆬	雨业冖一豕
𠶞	口心生
𡅠	口糸黽
𥺓	米口口
妸	女丂口
𨅸	足竹之寸
𠯼	口亻丁
𦘹	月山
𨮶	金氵西示
𧍏	虫女十口
𨦩	金亡女
𧟁	衤馬从二
䀡	目卜口
𧚭	衤从二
𤝹	犭𠂉木
𠺸	口氵彐冖又
𫤒	亻匕頁艹冖木
𩛂	食女又
𡃏	口阝𠂇月土
𦟒	一屮月𠂊厂卩
𩈂	非虫非心
𦄞	糸門口
咘	口攴巾
㧾	扌勿心
𡂱	口癶豆阝
𣜴	木亼月巛心
𤹖	疒車干
𫸐	广廿大日辵豕
㩇	扌彐キ田一
𨑻	辵冖儿
𦵘	艹而女
𪢠	口艹門木四
𣘄	木言丿七
𪶼	氵小丿士口
𥿠	糸攴巾
𫅕	羊厂氏
㹦	犭刀口
𢯰	扌彳彐キ
𠴊	口口口
𡛤	半女
𣿅	氵艹亻東土
𪘬	齒厂土土
𫅸	耂匕女禾禾彐
𫥕	冫亼卩甘
𬞑	艹口南
𤍋	言气火
𪄞	鳥𠂇艹
𪟒	方𠂉矢刂
𫣪	亻戶冊小丿
𬅉	木艹門木四
鮧	魚大弓
喐	口𠂇月阝
𤎓	生井彐火
𬹙	匕目廾囪火火
𢲛	扌彳走
箻	竹彳彐キ
𤵡	疒爪丁
𦖑	耳宀且
𡗊	夕夕土土土兀
𦼠	艹門一廾
𬠥	虫王廾心
𬲢	食土土土兀夕夕
𤊠	火石廾
𣇞	日亼木
𢵧	扌門日
𤑈	火彳山王攴
𥿤	糸丘
𫷝	干八亻生井
啨	口生井
𬨿	辵米二厶
𤾱	白宀心皿丁
𬄯	木其石
𤇦	火戊
𩓜	艹亡頁
杺	木心
𪜀	十乚
𥖑	尸毛石皮
菷	艹彐冖巾
𡓅	土艹阝亼㇕二厶
𥹞	米申丿
鐱	金亼口口从
𤶻	疒見
𡎠	土㇕丿又皿
𬒜	石卜了見
𪬌	心刂又皿
𫄺	午凵口亻土
㦃	心立厂生
𡙦	𠂇艹大
𪨞	尸婁匚巾
絬	糸舌
𣌺	曲口丩
𡀨	口衤甫
𢩭	扌寸
𡄥	口亼口口从欠
𬐂	癶一十乚士
𨪝	金虎文
𱤔	木艹四又
𡚝	大目目隹
𫁚	穴𠂊用斗
𥾵	糸厂又
𥵙	竹网卜日十
𤲌	王廾田
𠰳	口一内
𪃲	鳥耂
𪧺	日圍止寸
𫸎	广廿大日生井
𫢋	亻一大
𡌠	土亻氏一
𬌌	爿釆田
𫽰	扌亼口日
䐥	月公习习
𤵹	疒士口
𡡇	女羊皿
𧀓	艹尸婁
𧓭	虫糸白巾
𪫢	心卜了
𢵸	扌隹木
𪭄	心宀夂口頁
𡪦	宀氵耂
𬚿	䏑門木
𪺦	爿月巛日
𫦑	羊火刀
𥋕	目欠皿
𠝻	甘匚八刂
䁲	目网貝
𡎜	土南
𣼫	氵田土予
𠓀	之儿田夂口
㜮	女臣𠂉丶皿
㦓	心䏑犬火
𨓡	辵王廾
𤠄	犭爪丂口
繏	糸卩卩几
𫔦	午門一廾
𧾿	足了
𦁼	糸木攴
𪮀	手阝一兀
𢤽	心廾凡口廾
𤎍	火圍戈口一
𫤕	亻匕頁西示
㾄	疒由
𢢆	心羊言
𧑒	虫亠口子攴
𫏄	足甘
斍	文見
𣑎	𠂹下
𬘏	糸火土土土兀
𨅂	足不見
𪴽	不圍止女小丿
𨅷	足阝八豕
樶	木冖二耳又
𢢇	心冖二耳又
𩩩	冎䏑衣毛
𨇸	足竹旡旡日
𬆸	母亠圍口示
𡨸	宀丁宀子
𨆸	足厂白小心
𠏦	亻勿亠口冖丁
𤏫	火竹彐キ
𣾸	氵扌日圍止
𫸍	广廿大日卜日十
𧉙	虫一屮
𬨺	辵車上
𨼼	阝丂口爪子乚
𪹏	火羊大
㴷	氵耳冖儿
𥯓	竹甘匚八
𪰛	之寸日
𫹭	㇕丿心
柉	木丿之
𪐢	囪火火士
𣞾	木艹婁
𫕸	生井竹
𢜡	心辛女
𫩓	口凡
𨫇	金舟丨廾
𦹻	艹氵爪工一
𢘽	心申丿
𢶒	扌亼囪甘
㤥	心兀彑
𢠯	心丶艮月
𡍜	土門
𫃡	糸立
𨃌	足扌之寸
𡂄	口皮頁
𣻽	氵月一巛工
𤶹	疒尸㇕口
𦠱	月竹亻戈
𩍓	革亠阝隹
𡻖	山口貝
唩	口禾女
𫦘	𠂊四儿夕刀
𢗖	心工一
䋖	糸彐キ
𢙫	心圍大
𥻙	米羊大
𫲬	㇕丿子耂
𥋼	目亼一乂凵厶九
𥙒	示乚大凵
㗂	口小丿目
𠱇	口穴
𪝩	亻羊圍巾
𠅳	亡口貝
㘓	口門木四
𨧠	金月干
𢞆	心立厂彡
𪮏	手田心
𥋔	目長亻土攴
𪷧	氵尹口羊
𫭚	土小
𬦹	足夂木
𫆶	卜日十戶月
𤇣	火生
䁐	目艹冂大
𦝬	月穴犬
𦞓	月氵巛卜
䰼	魚亼㇕
𨮻	金广田土八土
𬍉	犭丩口乂乂攴
𠿮	口食欠
𫭕	亼冊圍口貝
𫛕	穴牛口鳥
𠹵	口日宀女
𥛭	示乚隹又
𧙼	衤厂止
𣑺	木虫
𥼕	米竹立
𡡅	女鳥
㳝	氵亻工一
𡅩	口曲豆𠂊巴
𢞂	心八刀皿
𬨟	辵八刀
𥽇	米戊一口心
栣	木亻工一
𩅛	雨辵夂丰
𧁹	广車艹十口
𡂒	口斤斤貝
𪷗	氵月鬼十
𥆻	目口口
眪	目一内
𤊩	火木木
萻	艹言甘
𬂻	木門一廾
𧿑	足弋
𬞁	艹日十口儿
𡉾	土心
𡹟	山木冖儿
𠝓	亻夕夕刂
𪩼	巾爲
槶	木圍戈口一
𬆘	一夕匕宀女
𧙻	衤彐キ
𢭼	扌女小丿
䗔	虫𠂊厂矢
𩸴	魚矢口
𤺰	疒金欠
𫰄	爪幺大丂口丂口
䐏	月丰日
𧥔	巴𠂊用目勹虫
𪟚	夕口力
𣛱	木穴𠂊臼
𨎆	𠂇艹車
𠿈	口禾火心
𠥈	匚土欠
𫉱	艹米丶艮
𢭭	扌火土
𢭂	扌宀牛
𥿡	糸尸匕
嘺	口丿大口冂口
藞	艹三石
𲌀	馬糸夂冫
𫿟	扌非乂乂攴
𡎟	土禾日
𪦼	子白勹丶
𫣸	亻八囪甘士
𢁋	巴阝土八夂
𪗀	自田矢日勹亡欠
𫰤	女米
𧒉	厂豆寸虫
𪟽	卜了
𢙬	心亻尹
𪽐	丿田亻八
𡁤	口門夂口
𫃈	米申丂
鋾	金勹午凵
𡮘	甘木小丿
㖻	口予丿木
𬱶	几二幺㇕
𧕬	虫示曲豆
𠸤	口彳之寸
𡂈	口亻业廾
𪢈	𠂆口婁
𱚫	小丿矢隹
𤌋	火鬼
𢭬	扌亻半
𦛽	月口亼㇕
𡃳	口廾凡口廾
𬌣	牛之寸竹
𠉟	亻木千
𫽖	扌阝且
𡜤	女土也
𥯝	竹穴犬
𢴕	扌宀一皿丁
侱	亻口亻土
𣢹	耒欠
𠀳	厶人下
𫫹	一大口立厂彡
𤔯	爪竹彐キ
𣻉	氵廿乚冖巾
𫆻	月匕日阝一兀
𢫙	扌亻弋
𩼷	魚业羊寸
𣷱	氵亻一中又
𢘬	心𠂉也
𡋿	土口口
𫶻	巴臣𠂉丶皿
𡀫	口亠圍口禾
𡀤	口竹丰寸
𡚚	大木口刀貝
𫽅	扌大凵刀丶
𢵫	扌八酉大
𢬅	扌小大
𥫭	竹女
𬙾	羊大廿乚木
𧸓	貝氵耂
𡰏	兀氵亠口小
煏	火一口田
𣛪	木彡頁
𤾓	一白木木
𡵺	山丩厶
𫸽	弋弓大申
𪓈	囪火火艹丿㠯辛子
𠾺	口羊言
𩘫	凡虫氵𠂉母
𪧍	宀一兀下
𪬮	心耳口亻土
𦟹	月山亼冊
䢦	辵亠幺⺍十
𬛡	月日一勿西示
𠶉	口亻工一几
𨅍	足門日
趂	走竹八
𡐮	土爲
𫧇	匕匕
𢪀	扌卜㇕
𩄏	雨凡虫
𬧾	雨田車
𦟼	月門才
𧏷	虫亠幺田
𪀚	鳥戈十
𤚆	牛阝皮
抩	扌冉
𫮢	土辵龴用
𢮿	扌千北
𤉚	火口欠
𪮣	扌竹又扌斤
𣋩	日辛木口
𨑗	辵上
𫲰	刀口子丿糸
𫴐	宀屮人冫甘
𣼳	氵土半丸
𧀨	艹巛圍乂釆
𥍒	目竹戊一口心
𪞧	冫亼卩歹
𡁚	口氵廿口夫
𧒌	虫足夂口
𪡊	口豸
䒜	艹牛
𪥌	宀人大
𠲓	口夂㐄
𫠹	上厶月匕匕
𬧺	車𠂇艹
𠸙	十口王廾
𬅽	冫卜了止
㥥	心田厶九
𣜳	木艹凡虫
𦀋	糸冫水
㭨	木牙阝
𱕷	口三爲儿
𠸂	口穴犬
𠱊	口亻士
𣳪	氵一中又
𬆜	一夕匕石衣十
䊟	米廿内内
𨁼	足走止
𪧄	子瓜山鬼
𢩾	扌丸
𤤰	王攴巾
槺	木广尹⺍
𦵗	艹言十
𬰹	言甘由
㟴	山鬼
𥆹	目山𠂊又
咾	口耂匕
𫥨	四大止凵
𫺙	心刂一乚丨廾
𬨸	辵㇕丿又皿
𠰷	口卜尸
𬄪	木女甘木
𬮌	文キ門
𢬣	手西
𨃰	足禾禾彐
𠞠	刀禾手丶
𩸰	魚子瓜
𢖱	心㇕丿
𫄑	糸食爪女
𫡇	八刀中
﨤	辵𠂊又
𡮩	門才小丿
𬃂	木木二乂
𧋶	虫氵殳
𦝺	月羊大
鸜	目目隹鳥
𨶛	門工貝
𩭶	長彡氵由
𫊶	虫火儿
𣮇	口乚大毛
𫣽	亼口皿門一廾
𫢱	亻四十乚
𥯎	竹广卜口
𠴗	口木土
𤻬	疒辛木口
𫹣	彳一火日小
鍄	金亠口小
𦓿	耒其
𠍵	亻羊巛亻
𡾬	山竹馬
𦢞	月魚日
𫑐	辵木口戶犬
𤹾	疒日𠂉母
慃	心公习习
𤓇	火王𠂊穴目攴
𫡾	亡心口月
𬳤	禾日匚艹𠂇口
𡪜	宀氵网木
𩙕	日廿廾水凡虫
𧞿	衤厂禾禾止
𠻛	口辵牛口
𬠌	虫冉阝
𪫚	氵大凵彳彐キ
㙤	土虎爪丁
𥄬	目二乂
𤉠	氵冖儿火
𧤭	巴𠂊用刀牛
𫩒	口巾
𥋲	目广禾禾彐
𨤔	尸毛爪木
𬥮	廿口夫八刀貝
𨙝	雨田辵食
摪	扌爿䏑寸
㥬	心凡方
𤍑	火糸夂冫
𩸵	魚彳圍止
𨁮	足文口
𠹰	口貝丿之
𥆿	目十⺍丶
𪯝	木月攴氵西
鈂	金冖儿
𫵫	尸婁扌匕匕
𨬉	金土隹
𢄩	巾廿儿冖巾
𬳖	八頁亻匕卩
𫁎	穴工子乚
𥈢	目羊大
𨃺	足糸内
𬷨	辰寸鳥
㩱	扌爪四食寸
𬨙	辛弓刂
槩	食旡木
𫽕	扌亦又
𠋦	亻甘木
𬐒	巴皮
𡾭	山广亠圍口禾
𤵢	疒丘
𢳥	扌辵牛口
𪡝	口廿廾巳
𬋲	爪子乚工从
𫣏	亻辛甲
𠴒	口亻亼卩
𥟈	禾木口
𩺧	魚火至
𠪸	厂艹廿乚木
𣋇	日一勿文寸
𪘌	齒一中又
𬣌	言甘木卯
𣦆	厂止一中又
𦂁	糸八豕
𩸲	魚亻一中又
𪰰	日之寸竹
𪟸	半凡方
𢴾	扌非心
錩	金日日
𦡯	月辵土羊
𡖼	立立夕夕
𠤧	匕扌日圍止
𨒹	辵一白
𧍅	亻一中又虫
抺	扌二木
𠺕	口卯田
𫒂	竹八田土
𨰇	金亼口口从欠
𫽹	扌由彐キ
𫜶	月亠口子攴
𠱶	口宀丁一
𫿿	攴斤一火日小
𫠳	下亼冊
𣱿	氵人
𫴭	彐寸心
𤍌	南厂彐火
𪲣	甘木竹
𪿗	石尸匕
𬌱	犭門才
𧊋	虫申
𫻤	心文厂彡頁
夣	了目冖夕
㹫	犭大弓
𧹥	大火木土
𬐾	甘匚八氵欠皿
𱻛	其习习
𫡪	甘木乙
𠵴	口亼口卩
𥐇	矢豆艮
𫼰	扌女口
𣷴	氵衣毛
𥑃	石亠卜
𦪏	舟辵龴用
𠶂	口乂乂攴
𢱎	扌手一丰
𢱔	扌八刀皿
𢏠	弓氵工
𫁞	立竹
𪱅	日氵耂
㳉	氵月
𬐉	小彐白
𱔪	口文隹
𥅞	目弋工
𫡮	辵米乙
㯖	木十目一心
𨏧	虎田皿車
𡏥	土扌斤口
𧐺	虫辵龴用
𬥠	弋二貝𠂊又
𦀾	糸广木
𨅥	足非心
𪨠	尸婁亻半
𬌴	犭彐火
𨆟	足艹亻東土
𦤮	辵食自犬
𡔖	土言糸糸攴
𪯊	丩攴竹
𬋙	火廾凡口廾
𩸄	魚田木
𦙏	月山乙
𨔾	辵耂
𪀐	鳥丿之
𬀺	巳日勿
䑅	月艹目冖夕
𬩢	辵戶冊立
𠸡	口氵丿皿
䕝	艹禾爪魚
𧓮	王白石虫
𨃎	足刂又皿
𨰴	金日衣口口甘
𤃟	氵亠阝隹土
鑅	金火火冖木
𤭸	尸从二瓦
𬞲	艹虎丘一丂
𡔍	土穴凵网貝
𪿏	矢豆亼冊
𫻐	工凡心一中彐
𫓟	金口口馬
哣	口豆
𥃛	舟殳皿言甘
捈	扌亼木
𪾯	目斤欠
𱢯	艹廿乚木日
𨤯	亻東土凡口
𬂸	木攴小丿
𦡋	月一屮頁
𠃩	九人彡
𢭯	扌氵コ又
𤻻	疒艹目戈人
𥵚	竹廿口丰力
𢜏	日月心
㗁	口口口一丂
𫑹	酉𠂹
拞	扌丘
𣍊	日勹亡尸丶冫
𠓁	火儿羊巛亻
𪢤	口矢丿大口冂口
𦂺	糸言甘
𪽗	尸丶一田凵
𫼜	手卜口
𣼪	八氵戊一口
𨻮	阝宀一兀攴
𥌷	目宀丰目心
𪦸	子亠八
𣱶	氵卜
𧏰	虫耳冖儿
𪥑	大示㇕丿
𨃕	足亠幺田
𡮜	竹丿大小
𡃙	口艹目戈人
𦪻	舟宀艹見丶
𧓅	虫曲辰
𥸝	竹言夫夫貝
𬸼	尸匕鹿
𫋻	衤人二厶
𡅫	口車丿大口冂口
𡳵	尸婁艹臼
𫀢	示山鬼
𠽮	口扌日圍止
㨐	扌亻口木
㘨	土内
𣙯	木土隹
䶞	齒其
漨	氵辵夂丰
𪷹	辛甲氵丂口
𣙷	木屮犬
𪺓	爪尹亻丁
扲	扌亼㇕
𤸧	疒宀二日
𫅷	艹人木耂匕
𫜧	齒宀㇕皿丁
𤁖	氵衤田木
𬱎	丁頁亻丶不口
𫒥	金亡心
𢵬	手卩卩几
𪰮	日牛巾刂
𫀅	示卜口
𠉜	亻尸毛
𨧣	金南几
𡀧	口斗田衤
𤂫	氵口屮貝
𣆮	日广土
𠽞	口氵日匕匕
𣞅	田木舟丨廾
𨦙	金歹刂
𢴛	扌斤扌竹又
𠏟	亻亠圍口禾
𠻁	羊儿𠂆
𥇽	爪子乚目
㶤	火夕
𬏥	疒臼卩
𢢂	心糸士口
𫽤	扌火卜尸
畱	一卯田
𤿤	竹皮
𦉱	四七
𥟊	禾二乂口
𨂚	足八廿廾
𨰧	金宀龍
𪜘	石皮乙
燫	火广禾禾彐
𠘃	冫亻東土力
𪯕	方攴亻𠂉匕
𣌁	日豕耂
𣔢	木亻夕夕
鸌	鳥䒑隹又
𢬇	扌宀寸
𨫉	金日之寸
𪜯	亻冎
𦘧	尸毛彐キ田一
𫬎	舌屮乂凵厶九
𱜗	口口工コ
𥩯	立㇕丿子
𨄳	足艹甫
𬇋	戶氏
𥊤	目彳貝寸
𪱎	日生亼月巛
𠽆	口言内
𬈉	氵土𠂆口
㮠	木艹冖木
𠶙	口艹不
𱕫	口亠阝隹瓦
𥊢	十目八宀口
𠲠	口丩攴
𭉷	口示且
𣋛	日艹氵夂口
𥗍	石禾丿刀人水
𤹑	疒亻亼㇕心
㩒	扌木木示
䓡	艹矢口
𧿭	足日
𪡻	艹臼十口
𢴓	扌不見
攑	扌𦥑牙廾キ
𠿶	口氵隹十
𠴙	口扌巴
緓	糸艹冂大
𫏖	足爪一𠂇又
𨭒	金月穴工
㾑	疒亼口
𧀑	艹禾亻東土
𩲥	鬼厶口
䱾	魚婁
𢬹	扌土土乚
𠸔	口艹亠巾
𢫛	扌王丶
𦡮	月立立日
𪁃	亻牛鳥
𨻬	阝自犬
𣞍	木网耂
𣃺	方八公
𤒙	人彡亠口子丸火
𦄷	糸辵龴用
𪺬	牛九日
𧁶	艹广囪火八土
𡦂	宀子宀子
𧹋	亻弋貝爲
𫄁	糸艹日月
𫉕	艹人木力口
𬕺	竹辛甲竹
𲌬	鬼非
𥺹	米宀夕卩
𥹰	婁𠂊丶
聀	耳戈
𢱚	扌凡虫
𠶣	口木攴
𢝳	氵廿廾心
𠴋	口扌九力
𫇈	臣衣十
𫻣	心鬼衣十
𡍘	土牛巾刂
𥨨	穴工工貝
𥚥	示乚禾刂
𫴶	广南豆寸之寸
𡀭	口臼田力
𫄃	糸亠口子攴
𩵝	魚才
㦖	心門心
𣨮	歹爪工一
𪫶	亼㇕心竹
𠳙	厶口亻弋
𤮥	瓦匚三口欠
𦙦	月心
𬗁	西米冎䏑
𣑶	木示乚
𢟙	心金十
𤊡	火丰キ
𥏌	矢之儿
𤢔	犭日勹亡欠
唭	口其
𤛠	牛婁
𫃋	米金十
𤎕	火釆心
𦀨	糸冉阝
𪝎	亻木亼卩
𬚇	戶习习氵コ又
𡄐	口亠阝隹土
𥉰	目爪臼
𢴊	扌辵豕
𥒥	石夕夕
𩄰	雨歹刂火
𩼈	魚宀釆大
㖧	口氏日
𡁽	口木艹人木
𪡱	口耒毛
𡀩	口艹氵夂口
𥅲	目𠂉木
𠦯	半艮
𥭎	竹氵亡
𢩉	戶廿廾
𫨯	大凵非心
槹	木白⺍十
𤮘	䏑又豆瓦
𦛌	月彐キ
𣖠	木艹止凵
𬌘	牙山手戈
𢴩	扌竹彐キ
䴈	宀米大鳥
𢥣	心竹門月
𨫪	金廿口夫
𪢜	口金甫
𡈈	圍亻東土
𣻇	氵辵食
𩩇	了儿冎䏑
𣜶	木辵日勹亡
𤎑	火囟八夂
𬷶	亠圍口禾鳥
𫆜	䏑尸匕
𦛺	月冎刂
𥈱	目㇕丿又皿
𬯜	阝丂口艹内
䳱	予丿夂力鳥
𫼳	扌艹亡
𫤯	厶大彡八
𫡯	十日十月乙
猉	犭其
𭉑	口阝艮
榡	木丰糸
鑨	金龍
𠁸	中中衣十
𫲳	才子尹口羊
𦭪	艹勹乂乚
𡋥	土士口
𡃍	口亼口口从刂
𪃿	丂口丂口鳥
𫰮	女艹戶
𤷿	疒穴犬
𦪂	舟彳走
𦀪	糸亻白
𫅖	羊大扌口
𣠱	木竹旡旡日
𬓐	示乚厶口心
𠭤	口口厂又
𣉷	日勿示乚
𣝀	木廿口丰力
㦗	心木木示
𨭏	金月穴工
𬜉	舌田心
𱓱	十口衤刀
𧐸	虫用口彡
𬑑	目耂匕
𬇆	毛土土土兀
𩠳	八頁木隹
𬮙	門一力
𤡚	犭食旡
𢵷	扌宀丰口刂
𫰸	女干卯
𠶚	口女丂口
𡁙	口心食旡
𫮱	其土禾人
㑫	亻亼㇕心
𪺛	攴午凵
𪬙	心氵口月
𬏧	疒扌丸
𬚴	䏑匚巾
𡑱	土尹口羊
𦢡	尸至人人人月
𣠺	木竹亼口口从
𫣰	亻申爪一𠂇又
𬥔	斤貝匕
𨔿	辵豕十
𫬣	口口犬目小丿
𠯇	口巳
𠦹	十辵豕
𠨪	𠂊厂卩土土土兀
𣿃	氵阝田厶九
𬲠	食亼月巛心
𠸕	口儿幺月
𫡽	大乂口口
𣵯	口欠水
𥳂	竹田夂口
萫	艹禾日
𫸿	弓八甲一丿之
𬉰	氵戈戈曲辰
𤯭	立立生
𫑓	辵丿㠯田夂口
𤣡	犭目勹虫十目
𣼺	氵囟八夂
𢯏	扌彳皮
𫑒	辵木口亻丶不口
𩻐	魚囟又八夂
𬠇	虫⺍廾
𥵗	竹言甘欠
𥘶	示乚八刀
𧕃	虫爲匕匕爲儿丶
𥆄	目火儿
𧎠	虫儿幺月
𠀗	廿𠂇
𪽃	生丰キ
𠻤	口矢圍
𢪯	扌大丶
炐	火丰
㡴	广立
𥯋	竹日月
𦬶	艹午
𥑭	石工コ
𥊟	尸目刀丶心
𣡯	网釆木幺幺戈人
㩢	扌艹目戈人
𣝉	扌业羊寸
𬲊	非心乙冫乙冫
𢱛	扌氵西
𣙹	木口日匕匕
熷	火八囪甘
堒	土日匕匕
𧉝	虫下乚
𩆐	雨亠圍口禾
𬦮	足耳
𣏾	木戈
𬀫	文日
𠺴	口艹夂口
𦝉	月广氏一
𪽡	巴釆田
𦩚	舟木攴
㒙	亻糸白巾
熑	火禾禾彐
𧏴	虫辵丿㠯
𪮯	扌口耳竹
𫋙	虫弓厶虫
𢫗	手白
𥐨	石也
𠿱	口辵八頁
𪺵	牛非心
𣞂	木竹彐冖巾
𧺁	宀釆田大火
𢯷	扌㐄口㐄
𫢧	亻文口
𩘄	凡虫木攴
唫	口金
𡊱	土刀口
𣉴	日木至
𫊍	艹廿乚木山亼㇕
𤂧	氵艹辵夂丰
𪂮	子瓜鳥
𪞻	囟口乚大
𨔉	辵文丰
㵊	氵冖二耳又
𥋟	目羊手戈
𥖐	石阝八豕
𡃎	口乂乂木木又𠂇
踭	足爪尹
𡑴	土尸几几殳
𪨝	尸毛禾日
㐻	亻内
𦧃	尸婁䒑隹臼
𨔌	辵子瓜
𬟥	木口艹白⺍木
𪮽	手斤斤貝
𩹪	魚尸目
𫵇	尸目竹八
𩠠	八頁人二厶
㭲	木八公
胋	月卜口
𬏗	釆田二欠
𡳎	尸毛口口
𡆍	口方𠂉矢魚
怑	心半
𡬈	宀龍下
𢅄	网釆攴巾
恑	心𠂊厂卩
𬟴	虫山
𱔩	口八甲一戈
𪝯	亻立貝寸
𠬕	大凵衤甫
恄	心士口
𧜗	衤馬
𦤭	自犬歹刂火
𫆃	丩攴耳
𡀂	口雨田
𬐼	氵欠皿大凵力
𬞺	婁艹臼
𪟞	田力才
𣈝	日文丰
𩆢	雨田言甘
𢏣	弓曲
𪽵	疒子瓜
磾	石口口甲一
𠉞	亼㇕尸匕
𠽁	口虎夂几
𡅑	口田厶九頁
𡆘	口日幺幺火頁
𥢫	禾宀丰口刂
𠴉	口阝一兀
𧃋	艹食亼木
𠶁	口刂キ廾
鈘	金竹又
𡴢	一屮立立
𤢿	犭三石
𥽤	竹又米其廾
㶥	火干
𫼠	手丶王
𦙥	月子乚
鑟	金凵网貝
𥢐	禾自⺍十
𩅜	雨丶艮月
𨇀	足辵廾㠯
𥀌	皮艹厶口
𬗝	糸龴用
𬛀	戶月工
𫿸	人止亼木斗
𦄵	糸釆心
𧦿	言一内
𪬔	心歹𠂉木
𫨰	非心大凵
𦞑	月不皿
𫡱	又又二
𫾖	手一丰口貝
𧤥	𠂊用虎文
𧀏	艹金了儿
𠧆	䒑廿廾衣十
𥷓	竹食爪女
𫳭	宀辛甲
𥿣	糸工丂
𧋀	虫⺍川
𠊫	亻勹日子
𤶼	疒艹亡
𫵄	艹冂大小
𬒩	石内攴凡方
𡓟	土木口攴圍止
𬷸	鳥食爪女
𥐦	石巳
𥺖	米不口
𬡮	衤爲
搝	扌自犬
𬳠	禾火禾日
𣌹	曲不一
𦁢	糸長
挸	扌見
𬟣	艹氵木口刀貝
㗱	口隹木
𬁒	日予丿夂力
𢴍	扌矢圍
𢗸	心斗
𠲿	口木口
𩂀	雨干
洅	氵二魚
䗀	虫土八夂
爉	火巛圍乂釆
𢊑	广矢用
𣘽	木小丿爲儿
𦰠	屮公
𤵴	疒亻士
𢥶	心田厶九鳥
𠻦	口囟八夂
𬓟	屮乂凵厶九禾夕夕
𱪁	氵艹一火日小
𥏍	矢夕口
𬕾	竹辛甲目
𡭬	小門才
𢯚	扌爪子乚
劕	斤斤貝刂
𪇩	金艮鳥
𨅽	足門木
㾯	疒田衤
𫏽	辛甲車
𪫊	干干彡亻丰キ
𤜬	犭山
𬇉	氏一刀
捇	扌大火
㧶	扌身
𨓐	辵口口
𫴇	宀上小又巛亻
𤋾	火言甘
𠽙	口亻厂二彐又
𥈁	目辵匕卩
𨀌	足冎
𫭵	土心彐丨
𣔨	木止月
𪃴	鳥爪丂口
𤍊	火丰糸
𨅮	足耂阝
𬊁	火冉
𣜾	二木氵耂
𢖮	乙弋八
𡎣	土日刀口
𬁐	日月亼木
𣓋	木艹匕匕
𦣕	月西示凡虫
𫷆	巾网山
𠸟	口不皿
𫱑	女石丿之
𱢱	日虎丘一丂
𥅃	目日一
𣌴	曲月
僘	亻八宀口攴
𣍀	曲口木
𧯵	豆丰キ
𪽨	疒歹
𡄰	羊言衣十
𦗏	耳丶艮阝
𨫈	金广从土
𠄧	巴二
𤃝	氵厂禾禾日
𢮪	扌八廿廾
鎶	金丂口丂口
𢇡	广一丂
𫦻	田力匕匕白
𬎹	生用口
𥸓	竹扌三耳
𪄦	鳥艹人木
𦹴	艹糸丿之
𥭌	竹宀丿七
𡂑	口舟殳皿
𢵪	扌非文
蚽	虫不一
𣽀	氵一白一亻八
𧋷	虫巳心
𫕹	生井生
𪂲	子瓜鳥
𬈽	氵爪子干八
𧥃	𠂊用阝八豕
𣒵	木巳攴
𪷴	氵土八土丸火
𫵧	尸丶冫丰水
𫄎	糸尸婁
擼	扌魚日
𪝱	亻山隹竹
𧍌	虫氵刀口
𬞎	艹小丿爲儿
𨏄	車一巛工耳
𢺒	扌魚丰キ
𪢍	口糸士口
𪝳	亻氵廿口夫
𤞻	犭亼㇕口
帒	亻弋巾
𫅫	手一丰习习
𦼞	艹亼木田
𪝌	亻廿田
𫌌	衤山宀示
𩌂	革艹厶口
𬮷	門刂キ廾キ
𡮒	禾子乚小
𦚕	月甘
𠴛	口穴力
𨁭	足女小丿
𠸧	口心夂口
𩘬	凡虫辵食
𬕳	竹馬竹
𦄠	言内糸
𡃻	口艹癶豆
𥟉	禾禾几
𡎥	夕卜从土
𪒷	牛疒甘囪火火
𢪳	手𠂊又
𫖚	言甘矢圍
𥫌	立三石
𢴋	扌糸夂冫
𤺱	疒䏑犬火
𬅂	木十口亞心
𩪽	冎䏑匕四幺斤
惍	心金
𩸸	魚一尹女
𨰪	金釆目土半
𫋿	衤木攴
𤋶	火艹亼卩
𣗼	木口貝
𫗌	走止乙冫
𫜈	𠂉母卜圍米
𩄴	雨亻丰キ
𩺢	魚扌斤口
𡆄	口扌三耳
𪭫	扌丁方
𡳃	尸毛人二厶
𦡢	月艹婁
𨮒	金艹目冖夕
𦷭	艹木人二厶
𫱸	女干丰水
𢀭	工コ十日十月
𪢌	口門木四
𬉪	氵弓冫弓冫文寸
𧵆	貝斤
𧖃	虫虎一口冂八丁犬
𤐠	火示彑水
𠶟	口扌甲
𨀒	足攴巾
𨠣	酉圍止
𨐺	辛曲辰
𠴌	口彐火
𢛨	心烏烏
撛	扌米癶
𫱞	女文隹
𫡁	禾禾彐立立
𥻧	米禾禾彐
𪷪	氵一丂八刀貝
𦷫	艹氵𠂉母
𪤘	厶土甘木
𡍋	土走止
𪀄	卜口鳥
𫱬	女十口尸毛
𤃥	氵艹癶豆
𡂵	口日亠口小彡
𫵭	尸婁冎口
𡀿	口尸婁
𦴋	艹目冖又
𣅵	日心
𬖫	西米殳
𥛉	示乚手一丰
𪵅	歹亼冊
𫋶	衤刀竹
𪪪	广廿又耳止
𥍍	目艹臣𠂉丶皿
𦙜	月厂卩
𡗶	一大上
𡄦	口臣𠂉三口
𥺕	米扌巴
𤡁	犭廿内内
𣘾	𠂹戶月
𩟬	食三石
𬰉	雨田艮
𥕌	石車斤
𬊠	火亻工一几
𢙕	心亦
𩚦	食七刀
𣓦	木氵丿之
𢚴	心刀丶心
𡒫	土木魚魚
𩮿	長彡土半丸
槞	木辛甲
𬖅	竹辛甲习习
𤺮	疒戶隹
𨆡	足艹廿乚木
𦠽	月爲
𠽗	口目艮
𱤎	木糸夂冫
𤃞	氵目廿内内
𥇈	目圍一屮
𣊋	日干矢口
𡄏	口心戊一口心
𠵏	口匚亼口
𤜭	犭子
𣔟	木艹不
𤴶	疒士
𧍆	虫子瓜
𠠑	竹食卩刂
𠸍	口羊大
𤽴	白耂子
𬯹	雨殳
𡡂	女羊巛亻
𢱏	扌言丁
𧴋	豸西示
𢴚	扌匚艹𠂇口
𢟑	心車干
𫴋	宀辛甲下
㭁	木㇕丿
䟻	足亼木
𪩺	彐冖巾コ又
𢗆	心十又
𥓳	石彳皮
𥰈	竹亻口亻土
𦞏	戊一女䏑
𤇧	火亻士
𦋂	四日寸
𫷗	禾人女又
𩏳	㐄口㐄白鬼
𨵣	刂キ廾門
𩘨	穴公凡虫
𬥣	八刀貝𠂊厂卩
𫴺	木乚小
𥒅	石一中又
𥇶	目金
𣛤	田木𠂹
㗳	口竹亼口
𡑪	土艹日勹亡
𪅪	亠口子阝鳥
𬍀	犭衣廿
烸	火𠂉母
𧏲	虫歹刂火
𨅞	足竹亼口
𧋄	虫廿廾
𧻩	走耂匕
𤞺	犭牛口
𥱱	竹立卜口
𠰙	口干刂
嘇	口三厶人彡
𦀚	糸口亻土
鐛	金日亠口小
𦢾	月山旡大牛止
𫄼	午凵甘木
𡀮	口鳥衣
𢯨	扌艹一巾
𱔒	口言殳
𥄵	目屮丶
𱤒	一木屮日
𤅉	氵雨丶艮月
擛	扌艹廿乚木
𫇄	了月一中冖口口甘衤
𩛸	食𠂉母
𫯕	辰寸夕卜
𠃣	乙小丿
𫇞	舟冖二目又
𠗹	冫歹刂火
𪩯	巳文厂生
𡮅	臼儿小
𫵦	尸十口烏烏
𬠺	虫羊言宀丿七
𫤉	亻匕頁口口
𣈕	日木攴
舖	亼十口甫
𧋵	虫犭王
𣖡	木貝刂
𬑶	矢豆艮
𠃅	厂网貝
𡝖	女刀丶心
𬛈	䏑南
𬨬	辵力尸匕
𠸨	口亻田土
𱠻	扌日甘衤
𣡤	木日衣口口甘
扗	扌土
𪽣	宀辛甲田
𦓇	耂匕匚三口
𪵠	毛糸内
𨖧	毛辵木口
𠳿	口尸毛
𢵋	扌耂阝
𠟸	言士口刂
𤞼	犭文口
𫯅	南厂女又弓
𪩦	工コ木木
𫃫	糸石廾
𬧐	足糸田
姅	女半
𣋼	日魚日
𥆃	目女口
𤀐	氵艹不冖
𪝹	亻戶冊女小丿
𦅯	糸竹之寸
𨗜	亼卩辵木口
𢬩	扌亻戈
𤆺	火子乚
𩽋	魚婁攴
𡃜	口石冖隹
𫲍	女屮日日
𠾸	口走刀口
𢗉	心内
𪾟	目牙牙
𠝇	广勹巳刂
𢹤	扌走𠂇艹
𧜵	衤廿儿冖巾
𥌧	目魚日
𫫒	口彐キ日
𫮐	土八頁
𪲭	屮丶阝一兀
𡮯	小丿辵牛口
𢪏	扌日
𢖵	心女
𠣛	丩厶木
𨡈	酉爿士
𢤜	心八酉大阝
𪨈	尤口虫
𣩸	石衣十一夕匕
𣼸	氵頁戈
撴	扌亠口子攴
𧏱	虫冂大皿
𠊙	亻宀且
𢙽	𠂉母心
㨂	扌東
𥄰	目亻二
䲼	生鳥
𧿬	足一屮
𫫛	口艹酉
𢄝	白巾勹巳
𡘮	一木手丶
𥾽	糸亠卜
𱻢	辛甲习习
𱐩	𠂉力
萡	艹氵白
𫰕	女亻㇕丿
𪡎	冎亼卩
㭬	木豕
𪭡	扌亻十
𪭱	扌冫コ又
𧜹	衤犭生井
𥐆	矢豆半
𫥪	囟刂キ廾
𢬮	扌戊一
𡂆	口木卯田
𨤼	亻東土日衣口口甘
𩻓	魚艹亼木
𠓨	勹巳人
𫣱	亻戶冊丿之
𪑑	囪火火口亼㇕
𣔣	口木王丶
𠹲	口氵耂
𣌆	日言耂
𫃮	糸彳丶王
㘈	口旡大牛止
鈬	金尸丶
𦢶	月禾几頁
𫠴	丘人二厶
𬯽	雨氵幺㇕
𥚄	示乚一中又
𠋺	亻又爪虫
𨠳	酉兀彑
𫠪	厶人下
𨻫	阝辛甲
𠽍	口氵爪工一
㥋	亻衣心
𪠝	大凵尸匕
𬖼	米且疒卜了
𫫴	口糸了儿
𪩭	巴𠂹
䙛	衤衣公
𡗄	禾禾彐夕夕
𤋽	火田亻八
𧁵	艹扌亦廿火
𧝦	厂止歹刂衣
𫉡	艹月衣十
𡨧	宀衣十
𬷲	走戈乚鳥
囻	圍巳七
𠾀	口了月攴
𢣅	心艹氵夂口
䒹	艹耒
𨆷	足业羊寸
𧻚	走二日
𪽝	网釆由
𪿀	目宀田厶九
嚈	口厂日月犬
𣩦	歹土土土兀
𪹚	火凡方
𨢇	酉卯田
𨂖	足氵立
𬏎	釆田干
𬥆	爲豕丰キ
𥬋	竹八丂
焒	火口口
檂	木曲辰
𥉹	目田糸
𢩣	戶方艹辵夂丰
𦂿	糸十冖子力
𪐾	囪火火亻士
𫛎	竹丿大鳥
䤲	金大火
䇛	竹止
𫄌	糸足爪女
𤳱	田广廿大日
𫬑	刀口爲
𪽹	疒阝田厶九
𠽏	口阝𠂊臼
𠒦	火儿口口
𦰟	艹阝一兀
𡦫	子斤斤貝
𩮭	長彡丿㠯一巾
𡳳	尸毛亼囪甘
𫥥	囟尸丶冫
𠓩	耒人
𤼔	疒馬亼㇕心
𧝧	衤八甲一戈
𥐧	石廾
𠿀	口禾小月
𣴚	氵三力
𱜜	亻一火日小工コ
𪪇	干八凡方
埈	土厶八夂
𡚢	大艹魚禾
𫷏	糸氏巾
𢣧	心虎丘一丂
𪶭	氵歹刂火
𬁥	耂丂曲
𥋴	目木木示
枮	木卜口
𦧘	䏑舌
𠄯	一丂木一
𬺘	辛甲山
𬦿	足亻言
𨁍	足見
𬑛	目亼㇕心
𩿚	鳥斗
𠲧	口弋工
𪧻	身寸半
𧄵	艹犭巛圍乂釆
𬐌	白扌皮
𩼀	魚圍㐄口㐄
𬩧	辵冎口耒
𢫡	扌㇕丿子
𬅀	木辛木口
𤵕	疒八丂
蝩	虫亻東土
𢀮	亠圍口禾工コ
㖼	口甘木
𡏠	土月勹乂凵
𢆠	𠂹干八
𣖟	木言十
𪷩	氵一白木木
𥄮	目工一
𥜤	示乚貝戈戈
𦲞	艹厶大彡
㧺	扌水日
𫭔	圍王丶艹𠂇口
𪴾	四言止
𧯅	八公禾日
㹯	犭亻木
𫡵	二乂南
𧲫	豸𠂊又
嚉	口业羊寸
𫁅	卜貝禾厶
𦤯	自犬甘匚八力
喯	口走止
𣑳	木耒
𧂁	艹口口甲一戈
𢪉	扌弓丨
𤣚	犭曲豆𠂊巴
㛪	女大申
𠶎	口彳皮
𣻾	氵日土小丿
澟	氵亠圍口禾
𦼥	艹氵耂
𩭆	長彡亼口
𫡎	三石中中
𥾗	糸小
𥽄	米糸亠口儿
𢵌	扌阝八豕
𤳸	由网厶月匕匕
𫢚	竹一衤
𠺯	口貝亡
𧞴	衣言用口
𨄿	足糸夂冫
𠡧	文口力
𩽊	魚三石
𪢖	口禾𠂊彐心
𬴓	竹馬冎䏑
𣏿	木一大
𠺙	口辵食
𫷰	广木厂又
𦀺	糸車
𬄹	木厂网貝
𡊲	土丶王
𪺨	牙衣十
𱸉	竹亠儿⺍
𫡛	大弓之
𢶢	扌丿四豕
𫠽	上心生井
𥓷	石广彐人
㗑	口手一丰
𪛅	足夂口龜
𦟽	月宀弋八山
𪨖	尸毛甲
𢪥	手勿
𫚳	鳥卜口
𫅲	习习竹辛甲
揬	扌穴犬
𦃾	糸歹刂火
𣫕	田尸几几殳
𥳓	竹禾小月
𬏚	疒一
𤎛	火氵爪工一
𣺾	氵艹女口
𢉾	广幺幺山
㮀	木矢凵
𨀕	足匚王
䮴	馬癶豆
𠽒	口丁頁
𤮃	瓦冂大皿
𠆍	亠月匕目廾
𢟘	心耳戈
𫠧	午下
鋥	金口亻土
𣆐	日卜尸
𣐅	木工一
𡅳	口艹口口隹力
𢹇	扌囪火火犬
𦏄	羊大扌日一
𥵘	竹日一亻歹刂
𦔙	耒食旡
綡	糸亠口小
𧋂	虫氵丁一
𠏲	亻网耂
𢦂	心艹門木四
𣐴	木亻士
𡧲	宀丁中
𩂠	雨亻弋
𬩋	辵屮丶言
𠱅	口又土
𠸽	口辵尸匕
𫠼	上扌足
𫅯	习习辵木口
𢠤	心弓八甲一
𧅬	艹田木亦虫
醝	酉𠂹𠂇
𠂫	亠卜㇕丿
𪯰	亼木斗隹又
𠢑	辰寸力
𢯐	扌女十口
𫣢	亻亦虫
𢭰	扌木土
𤷄	疒米廾卩
𬏸	疒冖一兀寸
㖑	口戈廾
𠣂	言木四力
𦹷	艹土丶不口
𥐔	矢豆門口
𪁎	小月鳥
𠁻	中中三石
𨆤	足尹口羊
𠡛	圍大力
𦂈	糸由月
𢵴	扌止彐冖巾
𬏓	釆田巴
𤯑	甘匚八亠圍口禾
𨋤	車卜尸
𩬑	長彡卜口
㯷	木亻业廾
𬚌	其耂匕
𪰇	日竹
䉭	竹巛圍乂釆
𢲯	扌氵亦人
𦏓	尹口羊木一
𢇉	幺㇕文寸
𠟥	小大舌刂
𤏥	火亻冖隹
𥽢	米乂乂木木又𠂇
𠰘	口皿
𪅬	亻匚日女鳥
𫠮	至下
𬡞	艹衤巴
𦛿	月艹亡
𥑂	石竹又
𤳨	由示彑水
𨃝	足彳走
𨁩	足扌巴
𡾵	山鬼亻立
𩱻	鬼卜
𨁷	足十目
𡅊	口屮貝米
𬂍	月刂キ廾キ
𫸏	广廿大日冖日亠八
𫯓	𠂹夕夕
𢢯	心山鬼
𪳂	木八頁
𪾀	白戈口一
𢱖	扌甘木
𨀐	足夂冫
𤠴	犭阝宀一兀
𨨅	金戈口一
𠻆	口阝車
𪱚	月上
𢁯	巾日
𬟃	艹业冖一豕
𨃑	足扌儿⺍
𤈠	火彐キ
𬃑	木羊川
𢤞	心臣又貝
𫕪	雨氵歹刂
𣡝	不皿白幺幺木
𧿨	足厂又
掑	扌其
𢕸	彳米癶
𱳚	目言屮日
𦀐	糸广土
𧺀	大火宀釆田
𠴍	口刀丶心
㦨	心門木四
𦘱	月卜
𢶿	扌辵𠂆丨目
𣙬	西木工コ
𠴜	口扌竹又
𫗷	八頁口木
捠	扌斤廾
𤁠	氵辵䏑午凵
𢚸	王廾心
𫴯	貝刂寸
㗀	口幺幺山
𫪣	𠂆口亻士
𨙍	辵矢丿大口冂口
𤝑	犭丿之
𥅘	目竹八
𨊌	身米癶
抈	扌月
𡍝	土艹内
𢲭	扌酉巳
𩵜	魚竹
𥙩	示乚厶人
𧀐	艹王鬼
𣷮	氵石廾
𦀏	糸丩攴
㖅	口戊一
𦎡	羊大生
𡂎	口糸彑水
𥋓	目日亠口小
鑡	金齒
𢷹	扌广田土八土
𧛋	衤亼㇕心
𡞕	女夂田
𨖙	辵目从
𫤢	之儿立厂生
𧏯	虫辰寸
𩶝	魚圍止
攞	扌网糸隹
𩺨	魚亻丰キ
𩴬	网貝鬼
𬚯	月士
𪮩	手米且
𪹎	火冖一兀彡
𡳤	尸丶耂阝
𢣄	心辵冎口
𤓩	火言糸糸攴
𥾾	糸亻卜
𣋰	日廿廾水凡
𥖔	石木戈戈
𣍋	亼囪甘下
𣾿	氵口田衤
𫏢	足丿皿豕
𫌐	衤走戈乚
𪻋	犭广南豆寸
𤳷	网厶月匕匕由
𥐉	艮矢豆
𬩯	辵木口鳥
㮛	木日圍止
𦁀	糸貝
𡏢	土馬
𤯰	生广氏一
𥇻	目宀由
㓠	卜口刂
𥶇	竹魚日
𤣄	犭鹿火
𫩉	示乚耳又
𤹘	疒辰寸
𥈳	目穴犬
𢹫	丰刀手宀弋八山
𣞽	木癶豆阝
𬛯	自犬言甘
𤆹	火牙
𧐾	虫丶不口阝
𩄔	雨扌㇕水一
𥓉	石戊㇕
𩅚	雨土隹
𬁌	氏日䒑亡
𫯳	亻東土夫
𠉱	亻戶方
𫙖	魚尸匕
䟬	足丘
𠔭	八三厶人彡
𦼝	艹心巛囟
𪻊	犭耂艮
𣻗	氵禾夕夕
㷚	火亠口冖丁
𫠻	不亻言
𢯕	扌宀且
𢺔	扌宀王竹八貝
𨔍	辵四十乚
𠖘	冖糸内
𡹞	山亠口小
𬇑	气木卜
𢫌	扌亻也
𣚮	扌言甘木
𫗗	食尸目
𬯄	阝𠂇土
𠏥	亻山豆大
𢠉	心亻田厶九
𬪄	冉阝竹
𬜆	舌丿之
𫽦	扌氵九木
𡮥	小門才
𰛻	氵彐火
𧶭	貝走止
𡲤	尸毛且
𪠗	厂日子厶口
𨨪	金牛巾刂
𪶵	氵禾手丶
𣠓	木竹西示
𢣂	心羊手戈
𡗋	亠圍口禾夕夕
𦂼	糸甘匚八
𡨺	宀丁宀寸
𤛞	牛門才
𩺱	魚匚艹𠂇口
彣	文彡
𠏠	亻足土土
𪨁	爪子小
𫷜	禾人南
𠾛	口廿大日
𨦥	金氵也
𧴤	貝卜
𡔑	土臣𠂉丶皿見
𩁶	雨乙
𥣒	禾亼月巛心
𡆈	口方𠂉矢鳥
𪖭	自田矢貝寸
𧃶	艹犭艹冖一豕
𢴘	扌犭生井
𪲽	乂屮扌斤
𨅐	亦廿火足
𣳮	氵口口
𥴙	竹木卜日十
𦪦	舟八宀口手
𬐆	白丿之
𡆁	口食土土土兀
𣺽	氵网釆
𢯛	扌氵立
𡪻	宀日女十口
𡃽	口亻雨而
𬡯	衤亦虫
𫶜	山亠口冂口竹
楴	木不冖
𨇜	耂見足
𫂷	米乂十
𧜻	亻東土力衣
搈	扌穴公
𫏾	車田夂口
𬧒	足三口一丂
𬋱	爲竹
傦	亻冎䏑
𤵖	疒日
𣈒	日其
𡤓	女厶口网貝
𫸌	广廿大日南厂
𠽂	口弓八甲一
𢢈	心宀屮人冫
𤏣	火言广下
𢷵	扌亦廿癶
㫵	日非
𢌎	广艹丿㠯辛子
𩆏	雨艹廿乚木
𫗺	八頁凵方攴
𬚁	羊言爪臼
𠱉	口人彡
𢸝	扌氵夫夫日
𤊥	火土八夂
𡑵	土艹凡虫
𣋽	日亼口口从刂
𬛃	䏑耂
𪪫	廿口夫广車
𤎐	火匚艹𠂇口
𠑖	亻立山鬼
𥱪	竹冎䏑
撎	扌士冖豆
𡓇	土魚日
𠺚	口王刂王
摼	扌臣又土
𢫖	扌屮丶
𣓿	木艹冖力
𬉙	氵立艹田
𥘑	示寸
䖳	虫宀丿七
𢫃	扌口丩
𩯀	長彡辵木口
𫶴	𠂹𠂇口口
𢗇	心夕
𢴒	扌亠口了火
唻	口𠂹
𦄴	糸齊示
㯲	木木木示
𦄀	糸馬
𣭻	足毛
𥺽	米亼冊
𫍍	言甘木勹丶
𥯈	竹木厂又
𨯹	金竹馬
𠴔	口口亻土
𨆓	足亼一乂凵厶九
𡓏	土米癶阝
𠯽	口止
𨬊	金耂子攴
𣔻	木穴犬
摱	扌冖二目又
倈	亻𠂹
𠿹	口亻工一貝
𠯹	口亻㇕丿
𩹩	魚艹亠巾
𦟺	月扌土土卜
𥝥	禾𠂊又
𨄉	足立厂生
𤷲	疒爿木
炵	火夂冫
𢄃	巾氵巛卜
𪞠	冫亼卩了
𫰇	女厶
𱡅	扌囪火火土
𪹪	火亞心
𥋹	貝寸目巳七
𨃍	足穴犬
𩁱	隹木臣𠂉丶皿
𡂃	口二厶鬼
𣉵	日𠂇艹
𬏖	田廾人王廾
䋘	糸耒
𫁛	穴牙亼冊
𪫵	王廾心
𥖕	口口石皮
獜	犭米癶
𫧾	卯冫爿士
𪷥	氵立土八夂
𪽽	白丘
𠡺	大凵阝力
𪽲	疒一内大
𬑾	石一大
𣎣	月白方攴
𣞎	木艹刂𠂉丶皿
㶩	火冖儿
𡂰	口米癶阝
𥗌	石虎豕刂
𢙭	小大心
𥯉	竹女石
䠣	足卩卩几
𢜗	心丰キ
𧴱	貝女
𢥅	心金白巾
𠅒	亡一木
𠼶	口大火卩又
𧾌	走卩卩几
𬋫	爪一𠂇又竹
䇠	竹丶王
𫔸	刂キ廾キ門
𪡷	口阝亼木
𠸛	夕口之儿
𦈂	糸食土土土兀
𣻈	氵亻丰キ
𤼞	疒申又兀彑
閧	門廿廾
𡆖	口艹酉隹火
𢨵	戶午
𠇖	亻丿之
𣘉	木犭亼㇕口
𫬠	口臣𠂉丶見
𢭴	扌心コ又
𢱗	扌艹十口
𣋀	宀牛日生
𫅝	羊大月日一
𧜐	衤乚厶口心
𠴥	口氵冖儿
鬭	鬥卯亞斤
𨆾	足宀䏑又示
釟	金八
𥩇	穴心戊一口心
𨋣	車一内
㫧	日米
𪇐	鳥大下月大
𬡟	衤艹凡乂
𡓢	火𠂊臼从土
𪬎	𠂊彐心巴
𢱙	扌子兀彑
𠮙	口乙
𦲻	艹爪工一
𦾤	艹亼月巛心
𢸜	扌米癶阝
㘋	口臣又貝
𬧖	足辵八頁
覵	門月見
𬏪	疒宀女
𩸘	魚宀㠯
𬄓	木衣公
𡒭	土亻一火日小
𩄵	雨糸内
𠬠	八又
𫣞	亻虎丘
𫶯	𠂹𠂇女
𨅃	足山宀示
𨃈	足廿廾巳
𡅪	口厂白小頁
𠰏	口丿之
𤋸	火丰刀大
𧷝	口欠口貝
𫺈	心氵女
𢹣	扌矢丿大口冂口
𬪾	亻東土厂卩
𠵱	口亻衣
𫈥	艹木丂口
𨀼	足耂匕
𤂷	氵門烏烏
𦎬	羊日生
𨲖	田厶九長
𪡔	口四十乚
𥬮	竹氵工
𬣎	言亼冊人王
𫵉	丶艮阝小大
𬩔	辵田厶九𠂊又
𩺣	魚日儿⺍
𠴕	口女小丿
𪪀	丿㠯一巾止匕木
𠯿	口亠八
𢵽	扌足木口
𱫳	戈烏
𠽐	口魚
𫊬	虫冂大
囄	口屮乂凵厶九隹
𢟟	心一白戈
𤿍	皮丁一
𪁅	𠂊巴鳥
𠓑	火儿魚日
𪪳	公廾
𦼃	艹亼户口刂
𨣤	酉木木示
㗞	口石皮
𬂽	木木二乂
𫤤	火儿亼户口刂
𠮩	口了
洡	氵耒
𧄊	艹日十廿口夫
𫷙	干八齊
𥓄	石田土
𦟸	月氵亦夕
𬚣	耳止亻匕卩
𨀰	足冫水
𡏯	土貝攴
𧢟	齒見
𦛉	月口巾
𬟠	艹𠂹東東甘
𫋐	虫工貝
阥	阝水
𦄁	糸辵食
𢠣	心阝東
𤳄	由网釆
𨡊	酉冎刂
䁾	目艹目戈人
𩂟	雨戊
𣾽	氵三毛
𣿇	氵禾亼㇕心
𧀒	艹女木口攴
䏾	月丰キ
𡖱	夕夕亻半
𬊭	火日业
㘇	口火火冖木
𣲦	水小丿
𦝃	月木木
𩷕	魚丶艮
𫈈	艹亻𠂇口
𦡲	月宀心皿丁
𩟡	食业羊寸
濓	氵立厂彐刂八
𠶒	口心日一
𬦸	足日匕匕
垹	土丰阝
𨛦	尹口口巴
𧤸	𠂊用囟又八夂
𤯿	广氏一立厂生
𠎬	亻竹之寸
𩵃	鬼齊示
𫯧	大亻𠂉匕
𩷛	魚𠂊用
𧣠	𠂊用圍止
𪲾	木爪丂口
塸	土匚三口
𡜵	女甫
嗘	口爪幺大
𠸺	口辵大下
𤁙	扌八氵戊一口
嘅	口食旡
𢜠	心日月
𥽪	米竹馬
薟	艹亼口口从
𪹂	彐火又土
𢤡	心三石
𪼀	王不冖
𬖵	米宀弋八山
㩡	扌三石
𪤤	土示彐水
𨮊	金甘匚八斗
𧋿	虫心コ又
𫆥	戶月亠儿
𠺭	口亻丰キ
𠳒	口一大上
𢠐	心魚
㖪	口戈口一
𪃙	耂鳥
恾	心艹亡
𦒹	耂匕亠八
啿	口甘匚八
𨒸	辵才子
𥾿	糸午
𡁺	口氵衣公
𤉜	火广木
噷	口言甘欠
𤓛	火火儿习习隹
𤋹	火木十口
𪬳	亡心口貝
𬏇	田王廾
㨢	扌厶月匕匕
𥐏	矢豆尸㇕口
𢆪	土半土田土
𬚸	舌䏑
𨄂	足丶艮阝
𧏳	虫扌甫
氽	人水
𡲫	尸毛攴巾
𠼾	口山宀示
𤑭	火三石
𢟔	心辵食
𥼳	米亞心
𠲵	口大凵力
𫉚	艹言戶
𤍄	火示且
𬏠	疒幺㇕
𩙌	几二辵亼月巛
𪨣	山气
𣇝	日冫亼卩
𣾾	氵小丿丶不口
𧻪	走戈十
𫥸	刀卜口
𣛩	木竹人王
𥌸	目門𠂊臼
𧛇	衤長
𪷮	氵之儿亼十口
𫾕	扌屮日心
𠄽	二扌非
𨇣	足臣𠂉丶見
𤶄	疒亻工一
𡃑	口言生井
潷	氵竹彐キ
𦂻	糸彳彐キ
𪒽	囪火火三石
𬉽	火山乙
𠡏	生力
𬒏	石山巴
哯	口見
𪀎	中又鳥
𠻂	口山言
𢯘	扌艹亻匕
𬛏	北月囟
𠤆	勿氵耂
㖔	口一大口
𩷊	魚丩攴
𥺎	米且八
𥇹	目貝寸
𪶊	氵文寸
𢝀	心穴犬
溩	氵烏
𫾗	扌言亼冊
𫊩	虫𠂊又
𥩉	穴牙雨田
𦅲	糸走戈乚
𠺵	口耳戈
𫇐	至二亻口又
𡏘	土頁夂
𠶘	丂口歹刂
𢀥	工コ丰阝
䤠	金止
𥸿	巴米
䖡	虫彐丨
𡀣	口廿口丰力
𠴝	口氵王
𩺌	魚廿乚冖巾
𢺖	扌日一口口甘衤
𩼤	魚亠圍口禾
𦢴	月公儿穴犬
㫾	日八宀口
𠻃	口車干
𬳦	禾日亼㇕貝
𠹛	口山豆
𠖾	冫一木
𬞢	艹爪丂口欠
𬈗	氵扌爪女
𦼟	艹糸了儿
𪮴	扌尸婁
𡮶	亻東土八宀口
䲨	工鳥
𣋝	日三口木
𣲹	氵冉
𣗒	木金十
𥠯	禾艹卜口
㐱	人彡
𫿕	方攴艹几二
𦚭	月虫
𫇌	自犬大申
𡃐	口巾口口甲一
𣩁	一夕匕扌斤
嗂	口䏑午凵
𡀶	口氵厂白小
𠿸	口艹口口一丂
𡺦	山㇕丿又皿
𩇢	生井八宀口手
𤯊	艹人木甘
𥗹	石艹魚禾
忼	心亠几
𬐸	虎田皿竹
𫥧	止凵四十乚
𬡶	衤囪火火土
𠞹	釆心刂
𪴹	圍止氵大凵
𦀿	糸尸毛
𥽌	米辵八頁
𠰍	口丶王
𫤄	亻一中又扌隹
𠢬	亦廿火力
𦆺	糸亼卩頁
鬂	長彡斤廾
絩	糸儿⺍
𫣃	亼卩宀女
𣉲	日隹又
𤺶	疒馬又
𬞊	艹宀㇕皿丁
檺	木亠口冖豕
呡	口巳七
𠸠	口亦口
𪴞	白⺍木日月
𱿜	虫心
𬓰	禾亦夕
萾	艹㇕丿又皿
𢭽	扌氵冖儿
𤚦	牛十口木
𣟫	木艹門月
𱤕	木艹走止
𬚀	尹口羊非
𬣈	言亻矢用
𪪉	土半𠂉母攴
𣛟	木八宀口手
𧚠	王廾衣
𬱻	立几二
𡡦	女阝八豕
𪁂	亦鳥
𨧟	金刀丶心
䃄	石亠口小
𤊨	火戈口一
𤪊	王金亼卩
𫼌	戶廿廾
𩍢	革雨田
𤈟	女口火
𫏊	足亻工一
𫰴	女宀牛
㓭	日勹亡刂
𣉹	日彳亼木
𧡊	亻木一見
𫑯	丶艮阝白大十
挗	扌大弓
𡴯	山乙
𫇿	艹木口
𡁛	口女木口攴
𬴭	長彡犭虫
𣠗	木丿㠯止彐冖巾
𥙓	示乚月
𫘵	亠口冂口了
𠼕	口扌非
𫌢	見南
𨙌	竹食卩辵一兀
𬹏	广屮屮文口
𫡉	宀子中
𪶏	氵大凵竹
𬪼	亻東土夕
𩀳	王廾𠂇厶隹
𫿇	方攴且
𫽻	扌刂キ廾キ
𪥛	辛甲大
緍	糸氏日
𣄖	方𠂉凡虫
𬃴	木木一白
蕯	艹阝夂一生
𧶬	貝女日一
葇	艹予丿木
㗜	口亠幺田
𣠲	木示曲豆
𣛥	木非心
𪖬	𠂉母自田矢
𡄧	口言魚魚
𨀺	足歹刂
𨁘	扌止足
𬘋	糸斤斤貝
𬨠	辵斗斗
𥣽	禾隹中中
𡴉	一屮凡
枛	木爪
𡤊	女工一氵耂
𠴚	口亻𠂉匕
𠶃	口王一兀
𬡴	衤糸白巾
𫗂	几二辵食
𫨩	厶口匕匕
㨃	扌亠口子
𥺻	米金
𬩱	辵丿㠯土土土兀
𬇫	氵扌巴
𢳝	扌革力
𦷩	艹石丿之
𬑸	矢豆穴犬
𠜭	刀扌冖儿
𬩩	辵𠂊又冖二目又
𠄳	二大凵力
𨸾	阝北
𬕼	竹矢口亡
𫉎	艹木二乂口
爙	火衣口口甘
𤇥	火立
𦢄	月非衣
𡃺	口辵土土土兀
𥽔	米糸白巾
𧼌	豸走
𧊎	虫戈乚
𩴚	鬼齊示
𫪗	口戈止
𧖰	丿皿卯
慤	南几殳心
秱	禾凡口
𬤴	八公頁
𬎣	瓜丿之
𫪏	口氵勿
𬏌	由走巳
𬗻	糸工刂又皿
𧙽	衤虫
𠗰	冫王人彡
嗙	口凡方
𫴬	文寸竹
𫯵	大丶不口阝
㯊	木圍止烏
𦀻	糸巳攴
㑏	亻宀寸
𩵞	魚千
𫥩	囟二乂口
𢺛	扌門口口甲一
𤵳	疒木一
䀲	目𠂉母
𨇍	足夫夫車
𢽙	尸毛攴
𢪲	扌匕匕
𱑛	爿士卯冫
𪂰	鳥广氏一
𬐎	白衣十
𪨜	尸丶行屮丶
𠽈	口氵戈戈
𠀧	巴三
箤	竹衣十
𡔒	土日衣口口甘
𫠯	王廾下
𪞷	止凵廾
𡂌	口匕目廾小丿
𫎰	大火糸田
𠗣	冫亼冊
𬹸	齒米癶
𤍃	火氵𠂉母
𡮽	小大辵𠂆丨目
𦄓	糸白卯儿
𪝮	亻言之儿
𬩄	㇕丿辵八豕
𪢆	口辵耂
𦙤	月毛
𧋇	虫厂止
𣈞	日穴工
𨉟	身亼口卩
𤎏	火皿从
𥟌	禾艹凡
𨄑	足勹一口田
𩪵	冎䏑婁攴
𢶥	扌氵隹十
𤞑	犭圍口
𨱽	長申丿
𤞩	犭且力
𠔦	冎斤廾
𢷣	扌𦥑牙廾
𫧬	午言耂
𧓏	虫耳又从
𤰁	𦥑牙廾キ生
𥮇	竹丰阝
𪞅	了儿艹厶口
𪳔	𠂉木亼冊
𨑮	辵亻十
𠻪	口氵火火
𥊜	目言コ又
𧵟	貝瓜
𠠚	齒刂
𫦇	八刀氵下乚
洏	氵而
𫃚	糸卜
𡂙	口辵尸水牛
𢭵	扌女又力
𪶚	氵二木心
𠖝	冖一兀彡亼卩
𤻒	疒石衣十
𨃻	足歹刂火
𤋼	火艹十口
𣻅	士口氵小丿
𬇭	氵小丿下
𠿿	口羊手戈
𠹚	口口貝
𢀫	一巛工亻工一几
𬛲	斗斗至
𪓪	黽口亻土
𪭸	扌口斗
𫆸	䏑八酉寸
𫉩	艹口烏
𩘪	凡虫穴公
𪉥	卜圍米𠂉母
𡔃	土廿口夫隹
𠬒	大凵冎䏑
𥴗	竹糸了儿
𤎎	火广屮屮
𫴳	彐寸王廾
𦁂	糸亻半
𠿴	口石貝寸
𥋵	目言甘欠
𢰥	扌艹厶口
﨡	虫生
𤖸	爿丶王
𪺤	爿冎刂
𲎚	王廾南豆竹又
𨮍	金亠圍口禾
𪁵	尸㇕口鳥
𬊊	火王廾
𰇼	口厶大彡
𣆏	日不一
𪁶	辵寸鳥
𩠘	八頁夕卜
𢗠	心七刀
𨯘	金亻亼口口从
𥻡	米尸目
𥋶	目亠圍口禾
𣛭	木耂阝
𬕻	竹耳田心
橷	木白北儿
𬡋	衤匚巾
𡚦	女丶
𩻕	魚酉冖儿
袩	衤卜口
𥌎	目雨而
𫅡	羊彐丨羊言
𦋦	四十乚止凵
𤆻	火七刀
𣖙	木羊大
𫃸	糸扌爪女
噋	口亠口子攴
𣾶	氵阝八豕
𫄂	糸竹彐キ
㧍	扌方
𬗂	米三耳
𢫑	扌夕卜
𣼽	氵丶艮月
𬈰	氵了川止
𢴇	扌土半丸
𫬢	口口犬冎口
𪁄	鳥士口
𦹸	艹日十田
𢶐	扌虎豆
刧	大凵刀
𣌔	日宀夂口頁
𥡘	禾矢用
𩰈	長彡食土土土兀
𬦗	走巳耒
𪒗	囪火火氵网木
悑	心甫
𠻀	口彳走
𪅩	三厶人彡鳥
𪮈	扌亻一中又
𣹗	氵王人彡
𦪼	舟禾尤匕日
𪟓	刀子日匕匕
𢲫	扌馬
𡈺	圍口貝亼冊
𬠨	虫彐キ皿
𦡞	月木木示
𥻹	米艹人木
𫆭	䏑辵米
𢸾	扌廾凡口廾
𫋑	虫王刂王
𣻃	氵亻丶不口
鴺	大弓鳥
㫻	日亼冊
𬅳	八公欠門心
𪄸	丰貝鳥
𫿰	宀子文
𬙛	四大冫
𪽛	尸几几田
𬂥	木口匕
𠿵	口豸艮
𫸬	冖九弓丨
𱲢	米凵八夂舟皿
𤊭	火广示
𢮫	扌女又弓
𫄆	糸石衣十
𬹀	鹿艹亡川
𬚞	丂口耳阝
𩺩	魚网釆
𣡚	田木木口刀貝
𣇊	日不口
𦄂	糸廿儿冖巾
𨐿	辛斤斤貝
𤀕	氵宀工廾土
𤒟	火禾㇕丿頁
䱒	魚口巴
𫐮	辵亼冊
𢫕	扌巛亻
𢪗	扌亻卜
虶	虫丁一
𤻫	疒业羊寸
𡭲	小丿止凵
𤏦	火丰刀糸
𨠴	酉西
𬨵	辵斤丿之
𬂨	木寸竹
𥱫	竹大長
𥈶	目南
𠽕	口扌一彐止
𢫘	扌卜尸
𠸚	口艹丩口
𤍅	火歹刂火
𤂬	氵三石
𬀭	日卜尸
𫴾	小日匕匕
𦝎	氵大凵䏑
𦹳	艹亼㇕貝
𢱸	扌辵食
𤴭	疒八
埮	土火火
𧛶	衤彳之寸
𠺰	口禾竹八
𡮣	小門才
𦪐	舟囪心
𨑜	辵下
𤾟	白言午
𦕟	耳巛亻
䇻	竹尸毛
𬈅	氵大凵中
𠌧	亻亼口手
揾	扌日皿
紷	糸亼卩
𲎣	土八夂齒
𬰓	雨宀䏑又示
𠫾	大凵夕夕
𥰇	竹言十
撔	扌日亠口小
𪝕	亻八刀皿
𪝻	亻至刂氵西
𡫶	宀屮人冫王廾
𡮮	小門心
𫰟	女二月
𤄲	氵言廿口丰
𡒯	土艹冖一豕
𤁩	氵斤斤貝
𡮍	小扌止凵
𡍟	扌石廾
𦩳	舟耂
𪡉	口口竹
𦑃	内攴习习
𡭕	一小
𫵋	言甘心小
𤠅	犭不皿
𪨆	小丿火田衤
𠓹	人王亼冊
𧞥	衣内口爪女
𫬊	口貝尸㇕口
𠁚	下亼囪甘
𢮩	扌子瓜
𪄤	大長鳥
𠰚	口竹八
𬆄	圍止宀且
𣅶	日亠八
𥱭	竹亻長
𫅹	耒田
𬧻	婁車
𬔫	辛木网貝
𬖮	米刂𠂉丶皿
𥊘	目宀大丂口
𪤍	土尸工衤
𤺭	疒竹彐キ
𩄓	雨廿乚木
𫔷	門一廾巳心
𡅢	口衤木木示
𧠅	西彳𠂉日夂口巴
𬦡	足竹
𡅐	艹亼卩羊言
𠳝	口不口
囒	口艹門木四
𠺹	口艹大弓
𫥜	冫亼卩衣十
𠸄	口艹冂大
𤏨	火禾乂乂巾
𪔚	南豆竹又凡口
㺔	犭爲
㙁	土𠂉母
𢹥	扌厂日月犬土
𠇍	人心
𥇁	目亻丶王
𣌂	日豕耂
𩽗	魚王予丿内口
𬋼	攴羊巛亻
𪦓	女目巳七
𬬃	金白巾竹
𡃾	口木业廾
𢟞	心冫東
𨳱	午門
𡡧	女矢口日
𤗲	爿三厶人彡
𡄪	口口虫隹
𪷶	氵爪幺大亼卩
𥢳	禾氵耂
𢠦	心廿口夫
𩳳	鬼𠂹
𫜹	彐
𢶽	扌阝爪臼
㕪	口冖儿
𨇘	龍足
𡃘	口言火火
䔲	艹癶豆
柪	木幺力
𨀾	足氵女
𱒚	口一中又
𬉊	氵耳口亻土
𣛠	木网貝
𨭺	金木木示
𪚤	龍亡月亻土
𠑉	亻八公辵食
𤘂	爿艹目冖夕
𣎏	圍十口𠂇月
蒣	艹彳亼木
攊	扌厂禾禾止
𱮆	犭衤刀
𣐲	木口丩
𢲲	扌丶艮阝
𡥵	子日匕匕
𫄕	糸田止匕糸
𤗹	爿釆田
𣼰	氵王廾心
𤥭	王車
𣉐	日辵屮丶
抸	扌丿之
𫻂	女又心艮
𠶜	口牛巾刂
𫺼	心爪丨臼
𫕖	阝丂口口亼㇕
𪤻	夕夕皮
𧖐	虫臣𠂉丶皿見
䈵	竹公习习
吘	口午
𨡧	酉爿犬
𠊡	亻羊儿
𠵋	口白工
𤿱	冎刂皮
𤀒	氵亼月巛心
𨆥	扌口貝足
𦓊	耂匕亼囪甘
鈙	金攴
𧋾	虫口巴
𫤓	亻匕頁辵食
𡅷	口言羊手戈
𥸁	竹廿口夫隹
𥇸	目丘山
𩠴	八頁亼囪甘
𫔮	門月
𦀹	糸木寸
𪿁	辛甲手目
𥺾	米止月
𢢉	氵艹𠂇口心
𤟛	犭爲儿丶
𩄑	雨南
𡆙	口言爲匕匕爲儿丶
𢭜	扌南几
𦟶	月米卜口
㰁	木三石
𡀰	口亻山隹
𪁳	口口鳥
𠰺	口亻弋
𩩬	南几冎䏑
𥟹	禾几一中又
㳌	氵甲
鱙	魚土土土兀
𢷯	扌匚三口大
𢘮	心立
𡶀	山内
𡵉	山兀
㧼	扌衣毛
㜥	女网貝
𢯔	扌舌刂
𪣾	土厶月匕匕
𫃰	糸厶大三
𤅧	氵丰日虫虫
𤆸	火心
𣈙	日亻歹刂
𧓆	虫亻東厶寸
𫩍	厂又雨田
𤺴	疒土半卩又
𢯤	扌日匕卩
𢡿	心門木
𢟎	心彳走
𥚅	示糸耳
𬩐	辵龴用止凵
𥻸	米四木一
𥒮	石尸毛
𤗤	爿工貝
櫗	木艹目戈人
𪞸	囟午
𡻗	山匕目廾
𡻓	山亻丶不口
𡚃	金一屮大
𢯜	扌糸卜
𤂱	氵禾丿刀人水
𫼩	扌䒑巾
𠳗	口南几
𢴜	扌白⺍儿
𡓄	土艹辵夂丰
𪦟	女子烏烏
挅	扌㇕丿木
𠶊	口土皮
𪭃	心雨丿田皿
𠒷	之儿亻言
𣜰	木广禾禾彐
䁘	目䏑午凵
𪨚	尸从二丶王
𣈖	目丰キ
𣅘	日一丂
𢳳	扌山亼冊
𫸉	广予辵土羊
𡅨	口竹𠂊厂八言
𫯐	夕夕木一
𤐡	火土鬼
嵿	山丁頁
𥗳	石宀夂口頁
𥮉	竹甫
𫮂	土广由
螉	虫公习习
𩊾	革龴用
𬩕	辵冎口午
𱣜	木扌厂卩
𦚗	月匚巾
𪹜	火广車
𪭥	扌𠂇
𢫝	扌夂冫
𪵦	言甘气
𩚵	食甘
𥞖	禾用
𦪵	舟竹其
𤳧	口口田廾人
𨃐	足艹厶口
𩤕	馬衣毛
𫃀	米宀女
𫃩	糸女彐丨
𤒴	火氵日幺幺火
𢏿	弓宀夕卩
釖	金刀
鐄	金廿大日
𬁀	氏日小丿
𥬧	竹人上
𧦔	几言十
𢷮	扌业羊寸
𢲨	扌氵𠂉母
𦟂	月辵米
𢠄	心山宀示
𩺺	魚白匕旡
𣵲	氵亻半
𣖖	木扌之寸
𫯰	夫亻東土
𢂰	巾爪尹
𪮍	手甘木
𢘭	心用
𡀷	口辵𠂆丨目
𨀊	足㇕丿子
𥹀	米心
𠷦	口爲儿力
𣘌	木示口儿
𢩮	扌弋
𤃠	氵食爪女
𦄃	糸扌斤口
𥂉	一屮二欠皿
𡄨	口山女木口攴
𪰓	日干八
埁	土山亼㇕
𤳰	尸毛尸丶一田凵
𫀥	屮乂凵厶九巛日
𢜝	心一中彐
𦞍	言十䏑
𫓆	金十甫寸
𫼴	手口口
𫥛	冫三口木
𬗽	糸田木寸
忊	心丁
𦹶	艹木貝
糆	米頁圍
𬜊	舌貝刂
𢜢	心彳皮
𧋃	虫才子
𠿲	隹口日一
𠻼	口艹豆
𣓆	木爪工一
𧿆	足巳
𡱩	扌丿七尸丶
𠞛	戶习习刂
𦛍	月二魚
𬳚	八頁扌足
𧽇	申丿走巳
𨐸	辛癶豆
𬦶	足至刂
𫢍	斤人
𩭜	長彡口欠
𬀶	日生刀
𥿁	糸王
挭	扌内攴
䌌	糸习习白
𡉽	土亠八
𤻏	疒臼土殳
𢺓	扌雨氵爪工一
䃹	石門木四
拪	扌西
𡊸	土戈十
𣌛	日一三又木頁
𫥯	尸丶丶田凵尸毛
𬍍	犭耂南
𫅰	非心习习
𪸁	氵广廿又土皮
𫁔	穴工匚王
𢜜	心虎
淁	氵辛女
𩅻	雨氵耂
𣼱	氵亻田厶九
𫺽	自心亼卩
𲃪	足文寸
𧺂	耂見大火
𩅘	雨辵木口
𢩧	扌乙
𢭻	扌口欠
𤴪	疒几
𢥖	心齊示
𣇜	日貝
𨰲	金臣𠂉丶皿見
𥢉	南禾木冂
𡀠	口亻矢用
𠼼	口艹爪子
𠐬	亻禾㇕丿頁
𣘈	𠂉木亼冊
𨷯	門𦥑牙廾キ
𠛌	冖儿刂
嚛	口白幺幺木
𬛘	月八酉寸
𬛒	月氵耂
𥉲	目尸工衤
𬷊	鳥瓜
𩠔	八頁毛
𡫨	宀弋八山見
𢪮	扌木
𪜾	亻且力
𠼴	口匕頁
𬞚	艹石衣十
𬧇	足氵爪女
𡒮	申日一勿土
𨦁	金亻士
𢵉	扌貝丿之
𢚹	心日丂一
𬆅	八宀口圍止
𨁬	足亻申
𠔮	禾禾彐凡
𣎷	木乙
𢒎	冖一兀彡
𬙖	四下
𨕭	上辵車
𧎝	虫丰一大
𧿐	足千
𤮒	瓦尸婁
𠝕	刀日匕匕
𧿫	足斗
𠷥	口亠口冖丁
𬺗	辛甲下
𤇮	火丿之
𠾔	口禾公儿
𣘁	木丂口丂口
𡃋	亼冊口貝
𫊔	艹耂歹刂火
𡮓	千北小丿
𥶯	鬼竹由
𬂇	月王刂王
㧵	扌不口
𢪱	扌勿
𢖕	彳幺夂婁
𪩬	巴竹
𩚧	食戈
𠅎	亡手丶
𦨑	舟才
𪽸	疒走戈乚
𦚔	月刀口
𥗎	石禾尤匕日
𨅾	足三木
幍	巾爪臼
𢢲	心艹廿乚木
𤢫	犭一白走止
㘃	口艹𠂇口心
𪹰	火文隹
𣞃	口木匚三口
𥶂	竹其夕夕
𨄟	土隹足
𩷶	魚艹亡
𩳴	鬼土土卜
𪸯	火爪女
𪡭	口酉巳
㳹	氵木王
匬	匚亼月巛
𪬲	八刀心心艮
𠜏	口巾刂
𢶶	扌言甘心
𧁴	艹亼口口从刂
𥊗	目氵火火
𢶻	扌艹凡虫
𣠘	木竹白⺍十
𪸟	火夕卜
𬛎	䏑冖隹
𢭫	扌阝一兀
𪬫	言甘心竹
𫢵	亻氏一下
𨘗	辵业羊寸
𦵙	艹氵女口
𪷄	氵月公儿
𠽇	口氵白工
𣄇	方亼冊
𠽛	口阝亼㇕二厶
𨠉	酉心
厔	厂至
𩆡	雨辵䏑午凵
𪂱	鳥卜日十
𦟍	月艹兀彑
𦜀	月口犬
𢹨	扌糸三厶人彡
𣲍	氵兀
𪉾	卜圍米𠂉母攴
𤼓	疒艹臣𠂉丶皿
𪰃	方𠂉其半
𥧪	王廾穴工
𪾋	刂又皿
𬆃	圍止氵一巾
𪽖	冉阝田
𩮔	長彡冖車
𫡭	土田土乙
𢴞	手目从
𨖼	辵丿目从
𩙻	乙冫丿刂乙乙冫非心
𥑶	石耒
𨮈	金言甘欠
𠴑	口艹女
𣑴	木氵工
𫜵	爪
頺	禾㇕丿頁
𢰽	扌𠂊彐心
𩅀	雨土半丸
𦚖	月丿之
𪯛	方攴丰糸
𪁴	鳥八公
𣼯	氵土丶不口
睈	目口亻土
𥃚	言甘舟殳皿
𢚶	心爪女
𣠰	木竹門日
𨃏	足亻彐冖又
𫃉	西米一屮
𤺯	疒門心
𫮹	土艹一火日小
𬎸	臼儿生
䘜	衤巾
𤽸	白爿士
𫤠	之儿日匕匕
𧦖	言丿屮
𡱶	尸口口
𣗱	禾刂木下
𣟂	木宀艹見丶
𦠯	月門木
𠸥	口言十
𣎞	巴月土八夂
𠽀	口亻田厶九
𠳨	口𠂉母
𤑉	火𦥑牙廾
𪔡	貝南豆竹又
𫥣	禾禾彐凡
阦	阝火
𣭃	圍人毛
𥱬	竹言巳
𬍄	犭广屮屮
𥿂	糸心
𩹹	魚隹又
𫐽	辵米小丿
𫗁	几二辵食
𡂅	口山囟八夂
鴂	コ又鳥
𢉽	广木十口
𩕳	宀心皿丁頁
𨤵	田土氵火火
𫇶	艹二魚
𧒅	虫貝丿之
𠼷	厶口才戈口
𢝜	心亠口冖丁
𪱡	月人示
𬜜	舟禾丿刀人水
𢸢	扌竹彑豕
𠤩	网厶月匕匕匕
𩻻	魚一火日小
𠁑	廿儿冖巾下
撁	扌亠幺冖牛
𦕳	耳耂匕
熣	火山隹
𪣱	土立竹
𥺺	米山立
䨔	雨火儿
𫡌	中中米廾卩
䳧	鳥𠂊厂矢
𬳕	八頁竹
䁛	目鬼
𣗓	二木耂
𫋩	虫見廿北口火
𫺴	亡心口月
刦	大凵刂
伵	亻四
𥿀	糸日
䓊	艹二乂口
𡏟	土䏑午凵
𨇉	足山一火日小
𬇅	毛匚三口
𠸼	口辵一力十
𤈤	火勹乂凵
𪵤	气丂口
𠻷	口王見
𥌦	目夫夫車
𫃔	米卜口米廾卩
𧍊	虫厂土土
𬒼	示乚夕夕
𨹬	阝口口
𣖝	木艹亻士
𫱏	亡女廿廾
𨀑	夕卜足
𠦩	十木攴
𢲮	扌耳止
𪮦	扌彳貝寸
𢤢	心土八土丸火
𡀇	口艹亻東土
𨁝	足十冖子
𡾫	山禾㇕丿頁
𦟻	月匚艹𠂇口
𪇌	鳥曲辰
𪟦	田力隹
笣	竹勹巳
𪸔	火止
𣵮	氵丰阝
㕸	口立
𢯮	扌田月
𦨜	舟戈
𧎛	虫穴犬
𣎊	月尸目
𦢳	戶月爲
猚	犭隹
𦓅	耂匕艹人木
𬈋	氵刂又皿
𨱪	長冂亠丶
𨔊	辵衣十
𫡔	竹下乚
𪱮	亡月亻土工貝
𦂾	糸辵手丶
𢷂	扌歹又米
𫆿	田月辵米
𫌄	衤厶大三
𢯠	扌氵皮
𧘸	衤一屮
𤾰	白旡大牛止
𣦰	厂禾禾止一中又
𬩍	辵夕夕米
𦼛	艹走人彡
𥉸	目臣又土
𪿄	目竹辛甲
𤶺	疒口欠
𫑺	酉丿㠯一巾
𬲄	几二穴公
𥬉	竹丩厶
𧢑	見門日
𩟂	食辵冎口
𤒠	火耂見
𪹷	火日甘衤
䠏	足癶一大
𨃋	足䒑巾
𨴦	又丰門
𤟂	犭亡月
檒	木木凡虫
𨅰	足木二亻口又
𠻉	口辵舌
𤔷	㇕丿又皿爪尹
𮬩	心鳥
𪾭	目木木
𪬪	竹亼月巛心
𠳑	口扌匕卩
𫱩	女又广廿又
𫶾	巾人
𥙪	示乚半
𫾝	广屮屮手且八
𫘃	禾日言甘欠
𩵿	魚卜㇕
𠁙	不言𠂉匕
𧔚	虫穴身弓
柆	木立
𩕆	辛日頁
𤸨	疒儿⺍小
𫑽	酉足木口
吔	口也
𨯛	金艹阝亼㇕二厶
𦭦	艹丶王
鈢	金木
𧐻	虫土隹
𬱍	川頁烏烏
𦍛	羊巛亻乚
𦇮	糸金亻東土
𢇢	广山
𠺱	口工凡心
𠺲	口扌辰
𠴤	口土心
𨌀	車耳
𩅹	雨氵尸目
𫪸	二乂口四
𠈋	亻戈十
𤓢	火日衣口口甘
𡂲	口一大上亻歹刂
𥉫	目辛甲
𡃓	口扌釆田
𫈨	艹田亻八
𬢀	斤欠見
𡃊	口禾尤匕日
𫧣	南竹
𫇰	艹臼
𥸒	竹日衣口口甘
篘	竹𠂇艹
澾	氵辵土羊
㯿	木巛圍乂釆
𤮠	瓦艹冖一豕
𥉩	辛甲目
𡆗	口辵网糸隹
𨇑	足网厶月匕匕
𫈜	艹氵由
𣼮	氵日圍止匕
𫤏	亻匕頁辵匕卩
𥯒	竹才戈口
𪠺	口扌丸
𠼵	口亻亠口冖丁
膁	月禾禾彐
𠴠	口亼内
𫊿	虫公廾
𬛩	臣卜南
𪅨	禾夕夕鳥
𨨤	金心大凵
𩈘	一木頁圍
㗙	口𠂇艹
鵉	亦鳥
𥳅	竹辵言
𪺘	爪尹卜貝
𪽏	田亼卩
𤭵	瓦言甘
𪬏	心禾日
𫁧	立彳之寸
𫫺	口耳由丂
𬷎	𠂆口鳥
𣱭	气亠圍口禾
𪡿	口月一巛工
𥸷	米欠
𢷁	扌月南
𦅰	糸西日十
𫐹	辵尸目
𥅿	目扌丸
𫒬	金亻夕夕
𦪨	舟足一中又
𫷞	禾人非心
𨦀	金口丩
𠶤	口八宀口
𤬈	𠂊厂矢瓜
𤮗	瓦足夂口
𠸒	口亻口木
𥧩	穴糸内
𤯱	大丂口生
𥻠	米目小丿
𡮋	小木攴
啺	口日一勿
𪾦	目卜尸
𨫅	金亻亼冊
𢱒	扌羊大
𦅱	糸虫𠂉木
𣦛	亻八宀口圍止
𦊚	四木一
秥	禾卜口
𣈘	日广卜口
𥜀	尸毛示且
𪨐	尸丶冫大丶
㵣	氵日勹亡欠
𦤰	自犬亼㇕貝
𤡌	犭門一力
𠻊	口广廿巾
𡌢	土亼㇕口
𨀤	足耒
𡭺	小丿而
𤞖	犭耒
𨗊	辵耂阝
𦗝	耳車斤
𣐆	木七刀
𫫀	口立丂口
𬛕	𠂹戶月
𪟅	冫コ又刂
𠴎	口氵丿大
𠯋	口八丂
𫲤	刀口子
嚂	口臣𠂉丶皿
𦝅	月人刀心
矑	目虎田皿
𦡬	月亼一乂凵厶九
𪁆	鳥𠂆口
𢶹	扌日言甘
𪸽	火亻至
𫻔	心貝戈戈
𡮄	小宀夕卩
焩	火月月
﨏	土八公
𠓇	火儿丶艮月
𪆣	日亠口小鳥
𬩥	辵豕𠂹
𩺯	方𠂉矢魚
橬	木旡旡日
𢂜	尹攴巾
𣳢	氵夕卜
𪬡	心刂又貝
𥊣	八宀口十目
𡺥	山田厶九
𦟪	月辵車
𢭾	扌艹凡
𢳆	扌凵方攴
𣙙	木木口攴
𥒦	石土也
啌	口穴工
稴	禾禾禾彐
𫣂	亻㇕丿又皿
㖺	口丰日
𦛼	月斤廾
𦟏	月广車
𤮞	山鬼瓦
𡄬	亼口二厶鬼
𡄁	口广亠圍口禾
㖹	口八刀皿
𤞦	犭𠂉母
𠸘	口亻八公
泑	氵幺力
𡥚	子丂口
𨧆	金不口
𥭶	竹艹亡
𣆯	日行
𥸠	竹冎䏑曲豆
𤺲	疒八宀口攴
𨀽	足口巾
𤻼	疒魚日
刟	刀口刂
𱏰	火儿雨田
塳	土辵夂丰
𢱘	扌立厂彡
𪤿	夕夕土田土
𤶏	疒火儿
𨇵	足土土土兀夕夕
𡆞	口鬥卯亞斤
𤑟	火魚日
𤏧	火竹亼口
𬕹	竹辛甲下
𦣎	月廿口夫隹
𢙔	心示乚
𦮲	艹示乚
𢠧	心囟八夂
苭	艹幺力
𬑵	半矢豆
𱞋	心卜尸
𨇗	足厂禾禾止
𣰳	毛竹辛甲
𦟑	月亻大丂口
𫯨	尸毛一大
𪥔	穴工大
𤢗	犭雨田
𠷇	口方𠂉也
𩄲	雨辵米
𬖆	竹辛甲王廾
𢥷	自心旡大牛止
𨘘	尸毛辵木口
𤮾	兀甘
𣙫	木竹立
𨅻	足穴牛口
噒	口米癶
𩖅	婁攴頁
𡅬	口心衣目水
𨡨	酉其
摙	扌辵車
𣄒	烏烏才土
𬏡	疒戊
𦃐	糸又爪虫
𬵿	魚艹門木四
𤚧	口丿七宀牛
𨧰	金千北
𥴘	竹女甘木
𧹿	大火亻旡旡日
𣈜	日貝寸
𠻒	口厂大申
袏	衤𠂇
𬀛	方齊
𤊧	火十目
𠶥	口穴弓
𩸯	魚四又
𣷰	氵山石
鶮	亠口冂口鳥
𪧾	彐寸山隹
㦄	广屮屮心
𧃷	艹虎隹一丂
㗴	口門月
𢶸	扌亠圍口禾
吀	口千
嗗	口冎䏑
𡈡	圍糸夂冫
𪃍	田厶九鳥
𫣚	一中又𠂹
𬦢	足門
𪤺	夕夕下乚
𣌌	日生彡頁
𥐒	矢豆冎䏑
𧗅	丿皿甘木
𩁦	雨田隹又
𫅚	羊大禾彐
𬠼	歹刂丿皿
䗊	虫火火
𬪪	酉酉
𥕄	石土田土
𪠱	耳又大凵刀丶
𱥤	毛辛甲
𧞤	衤䒑隹又
𣔩	木口攴巾
𫖄	亻厂二彐又頁圍
𬁻	月耒
𣋚	日言甘欠
𬉌	氵口匕目廾
𠉝	亻扌卜㇕
𡿅	山田厶九頁
𣭛	毛丿之
𢬿	扌戈廾
𫮒	土石皮
𫬱	口辵廾田厶九
𪅤	臣又土鳥
𨖲	斗斗辵車
𢊫	广土丶不口
𠺺	口木土土
𢃉	巾冎刂
𣺼	氵八宀口儿
𪷡	氵虫口勿
𫊐	艹十口土土土兀
𠅐	手丶亡
𥑴	石衣
𨲷	長亠圍口日一
𢹊	扌火言甘戈
𣹓	氵艹厶口
鏓	金囪心
𡍞	土一大心
𠦻	半土八夂
𦠴	月王王亼㇕
𫑃	辵鹿木
𤿰	王廾皮
𧤹	扌隹𠂊用
𦚐	月宀匕
𧅭	艹日十艹冖一豕
𠝼	甘木刀
𦰣	艹亻氏一
𦣗	月食土土土兀
𥢆	禾厶卜貝
𪦆	女石之
𨫵	金圍戈口一
𦡤	月氵隹十
𦟗	月又隹
𠦳	立厂彡千
㖠	口大示
𬖏	米口
𡳛	尸米士口
𧼋	走豸
𢱝	扌艹止凵
𤝫	犭冉
躘	足龍
𦠵	月阝八豕
𡄩	口豸艮心
𬴚	亠口冂口宀示
抋	扌心
𥊖	目土隹
𣷳	氵广氏一
𠿳	口广禾禾彐
㮿	木田其
𢀬	工コ丶艮月
𢺁	扌西彳𠂉日夂
𫾌	土刀手宀弋八
𧂄	艹門𠂊臼
啚	口十圍口
𩯮	長彡氵廿内内
𬩇	辵力羊大
𥘀	石日宀口口甘衤
𫉸	艹丂口丂口欠
𫗸	八頁巛日
𥺿	米大丂口
䈫	竹糸内
棦	木爪尹
𫉓	䒑巾東
𬵎	魚圍巾
𫦬	九且力
𨄵	足心卜日十
𪁇	了儿鳥
𠄼	南二乂
𠶆	口辵亻十
𬦃	耂乚大火
𬲃	几二丰糸
𫙌	土土卜鬼
𥑲	石日一
𡣨	女艹大凵皿
𨃷	足示口儿
𡝦	女爪子乚
𡯀	午凵木木冖米凵匕彡小
𦣙	月日宀口口甘衤
𡉏	土巳
𦀑	糸文刂
𱳆	鬼目
𦼨	艹臼貝
𡮭	卩卩几小
𣋆	日門王
𬋆	火木四竹
𡬷	貝刂寸
㩞	扌火火冖木
𬱹	几二北
𫥮	囟凡口⺍廾
𢟛	耳心丨弓
勑	𠂹力
𠰭	口卯
𬋚	火勹巳釆心
𦡣	月亠圍口禾
悞	心口乚大
𡢼	女艹勹甫
𨀹	足氵工
𬎻	文厂生竹
𢹪	扌米三厶人彡
𪫓	彳彐キ竹
𢯧	扌乂乂攴
𥃱	目人
𫏠	足刂𠂉丶見
𩆷	雨从戈非一
𧋆	虫耒
𪹣	火虎丘
䁩	目魚
鉷	金廿廾
𡞖	女广氏一
焾	火亼㇕心
𥺆	米口亻土
𦡦	月艹亻東土
𨀋	足亻士
𧵑	貝十口
𨣥	酉爪冖心夂
𡓡	土匕禾頁
𠺠	口辛甲
𣊎	日土半丸
𠱓	口𠂊厂卩
𫆮	月子丿糸
𢚵	心豸
𥭍	竹小大
𫊁	艹氵尸雨
𩮕	長彡亻彐冖又
𣱰	气从戈非一
𠄀	爪子乚丁一
𨆏	足辵八豕
𫼿	手巳攴
𢘝	心竹八
𠮿	口山
𡋦	土一白
𨊋	身网貝
唋	口亼木
䆰	穴匚三口
𪜢	亠臼
𡂁	口心亻東土力
𢴐	扌禾夕夕
𦁽	糸日王
𫘀	禾日凵方攴
𧳘	豸亼㇕口
瀂	氵魚日
𠱌	口弋二
𩹰	魚卜貝
𫑌	辵冎口水丶
𬈞	氵之儿心
𢫫	扌彐キ
𦢉	月宀弋八虫
𡅏	口示曲豆
𱶭	禾艹臣𠂉丶皿
𬜇	舌言
𡓯	土金亻東土
𫣣	亻石貝寸
𢲟	扌宀辛
𬟜	歹刂火艹耂
𥕥	石匚三口
㖫	口土八夂
𬗜	糸千廿
𨒻	辵文寸
𬲑	食九日
𦆟	糸艹冖一豕
𠸬	口亻彐冖又
㹟	犭コ又
𣃤	皮方
𪱟	王刂王月
𦀖	糸大凵力
𣍅	衣毛曲
𦝆	月爿木
𫴿	白勹丶小
𡏽	土习习白
𤷂	疒月巴
𫁰	竹卜
䟘	足亠几
𪱨	月辛甲
𥴜	竹言刀口
䐭	月廿儿冖巾
𧋽	虫艹亡
𢄯	巾𠂉母攴
𠀨	下𠂊又
𣞊	𠂉木八酉寸
𧷺	口貝亼冊
𡂉	口扌斤言
𤔛	耳又爪
𦳙	艹至夂
𠰁	口下乚
𪡚	口⺍生
𫡝	㇕丿日圍止
𩜫	食木攴
𬓛	示木木示
𥩰	立工コ
𢆁	巾竹广禾禾彐
𤔻	艹目冖夕爪
𥵿	竹艹冖一豕
𥊞	目圍戈口一
蒥	艹卯田
𢟖	心氵彐冖又
𪷘	氵牛巾刂手
𧏵	虫辛甲
𢪰	扌歹
𪤽	土八夂夕夕
𫽺	手冖二目又
𪴏	木子冖二目又
惀	心亼冊
𢠨	心𠂉母攴
琜	王𠂹
𬩟	辵冎口夕卜
𫂗	竹辵米
𧸒	矢豆貝
𢫣	扌北
𨃫	亻至刂足
𠓅	火儿艹宀木
𥧎	穴禾日
𨃉	足彳之寸
𨰈	金䒑勹口攴手
𬟵	虫凡
𥍛	目山口口厂彑攴
𩸳	魚木攴
𬁄	日十土欠
𢠅	心丰臼
𦝥	月干臼
𩠩	八頁乂乂攴
𬰖	雨臼儿艹目冖夕
𢝙	心不皿
𢵳	扌三木
𩡋	禾日一大心
𬉣	氵食亼木
𬰘	生井丘
𤫿	亼木瓜
𩩖	冎䏑王廾
𪅫	土戈口一鳥
𪡥	口氵廿廾
𢟗	心氵日土
𨖨	辵禾夕夕
𫛐	圍戈口一鳥
踷	足耂
𥝎	禾乙
𠵘	口門
挄	扌火儿
𩸮	魚丰キ
𢵮	扌予丿内口
𢵻	扌氵耂
𤒚	火氵曲辰
淎	氵丰キ
𬗩	糸石斤
𢠆	心辵龴用
𢬧	扌禾人
𡁎	口𦥑牙廾
𦞁	月才戈口
𫡂	禾禾彐立立
𥽎	米女禾禾彐
𪿸	三石竹
梞	木巳心
𣡓	木竹臣𠂉丶皿
𩼨	魚旡大牛止
𠡎	日一力
㾿	疒丶艮阝
𫽭	手口貝
𢖀	彳彐キ中中
𠾣	口三木
𣛡	木宀田厶九
𦲾	艹氵大凵
𫯇	南厂辵土羊
𡮉	門小
𣭰	厶牛毛
𧖦	𠂉母言糸糸虫
𨃾	禾竹八足
𩢬	馬卜尸
𫗃	几二亼月巛心
𦁣	糸子瓜
𧟝	衤金目目隹又
𨁱	足尸毛
𬵘	魚艹几二
𥋳	目山鬼
𢱐	扌女儿⺍
𣹟	氵工貝
𬝴	艹文隹
𩻟	魚爲
𠤌	勿言耂
炩	火亼卩
𥮈	竹人屮
𫂋	竹甘木
䋥	糸田土
𠵽	口氵大凵
𢠇	心言午
𩻒	魚竹立
𦤾	至日一
𠍣	亻扌非
𠹱	口氵工コ木
𤞓	犭之儿
𡮨	网貝小
𨳒	門小
𫦵	宀丁且力
𥈵	目木四
𠲡	口女子
𢶷	扌𠂊用刀牛
𤀚	氵艹門乂屮
𫑏	冉阝辵豕
𤛇	牛匕目廾
𧎜	虫尸至
𢠪	心四土土
𠶛	口亠口小
橯	木火火冖力
𬗆	糸子乚
𤐜	火山鬼
𬡹	西亻白
𫸈	广辵米癶
𢵩	手阝八豕
𠏳	亻東土亻厶人
𢬨	扌氵女
𬝮	艹米斗
𤶜	疒爿士
𢯢	扌戶斤
𨅀	足米立
𥯌	竹矢口
𫐿	辵木口毛
𤝞	犭屮丶
𫆧	月彳彐キ
𬈢	氵立卯
𦷨	艹人木竹又
𫉮	艹言甘欠
𣠕	二木豕耂
𡮷	小臣又貝
𦒮	龍习习
𠽔	口足木口
𪸧	火口巾
𪾁	白氵大凵
𧍝	虫不冖
𨁧	足山内
㕭	口丿大
𢀧	工コ亼冊
𥐋	矢豆艹乂
𫔤	門文キ
褠	衤魚魚
𡪇	宀丁亻丨攴彡
𣱆	戶氏
𧥇	𠂊用山鬼
𢚽	心氵丁乚㇕
䀩	目夂口
𥩍	穴牙魚日
𣾺	氵門一廾
𨅼	足艹𠂹
𪮔	扌氵夂口
𫘶	丘亠口冂口
𫤑	亻戶冊隹又
𢵼	扌走戈乚
𢣀	心石貝寸
𢲤	手亠口冂口
𥖩	石亼囪甘
𨃹	足氵丶艮
韈	革艹目戈人
𬔈	穴由
𫓒	金曲辰
𨮌	金予頁
𨓑	上辵匕卩
𫄓	糸囪火火犬
𫐂	宀婁車
𪩨	𠂊四冖夕工コ
𢪷	扌目
𦀎	糸歹刂
𤉕	由𠂇火
𧍍	虫𠂹
𠍦	亻刂又貝
𨁎	足口亻土
㭳	木耂子
㺗	犭口口甲一
𦄻	糸母貝
𡤔	网貝女厶口
𩙍	凡虫亼月巛心
𫐝	辛言兀彑
𧍈	虫广卜口
𡳒	尸毛一田凵
𩂶	雨歹刂
𦾢	艹木甘匚八
𩛜	食文寸
𥐈	矢婁攴
𤠋	犭婁
哰	口宀牛
𡂳	口三石
𤌅	火阝夂㐄
𡓮	山鬼从土
𫻜	勿心䏑犬火
𧤁	𠂊用土八夂
𬂑	𠂇月文厂生
𤊰	火亦又
𤊪	火刂キ廾
𫷚	干八月月
𫴷	彐寸三石
𧹰	大火禾日
悜	心口亻土
𢣆	心山亠口冂口
㧯	扌耂匕
𣟪	木耒辰寸
𬍌	犭丩口口口犬
𡣄	女氵弓冫弓冫
𢱓	扌氵之儿
𩩫	冎䏑日日
𬚺	䏑二欠
𪬭	心コ又爪尹
𦀊	糸大弓
𡳢	尸丶耂阝
𢳠	扌屮犬
𧋘	虫弋弓
𨃵	足舟丨廾
𡅍	口糸土土土兀
𡦶	子瓜鬼斗
𧑐	虫予丿内口
𨷈	門廾田厶九
𠶔	口心又土
椲	木㐄口㐄
𥇷	目山石
𫠢	上丁
𪿍	矢口冎刂
𬋳	爪土半卩又
𰇮	𠂊又亼口
𣺺	氵彳走
𪝈	亻爪冖又
𢠈	心八刀貝
𤂨	氵木屮日
𨨫	金爪木
𠙣	几网釆
𥋸	目雨田
𣜻	𠂹辰寸
𣌋	日亼口口从欠
𬉎	氵月亻東土
𩂑	雨几二
𫣙	𠂹一中又
𡮗	辵小丿不
𥁷	氵丿之皿
䓔	艹耂子
𬙿	羊言口月
𨳦	門又又
𣜱	𠂉木山亼冊
𠵨	口貝寸
𧐿	虫山宀示
𢚁	心巳心
𢱞	手艹止凵
𠼯	口言午
𫜗	广屮屮亻歹刂
𧀟	艹厶口㇕丿又皿
𪪩	王廾广廿火
𦄾	糸业廾
𣈰	日䒑巾
㹭	犭申丿
𠴫	口上小又
𫇖	舌文口
𥌈	目臣𠂉丶皿
𤮟	瓦土鬼
𥵖	竹月田心
𬯩	阝丂口木口刀貝
𣙦	木疒之寸
𪷃	氵刂又見
𪦲	女厶口网貝
𨂙	足亠口小
𪯼	方齊
𡋂	土禾人
𥯍	竹木攴
𠲥	口示乚
𦛊	月才子
𢶾	扌矢隹
𠸜	之儿夕口
𥚤	示乚亼木
𫈃	艹犭王
𬨖	辛乙
𡳜	尸毛禾子
𩹭	魚扌之寸
𨄙	足鳥
𩛃	食瓜
𬆒	歹刂竹
𡣻	女辵艹車
𠲢	口口巾
𫢼	厶口亻弋
蜅	虫甫
𠽘	口二木宀口
𠿯	口山鬼
𠲺	口山𠂊又
㵧	氵艹日勹亡
𠎩	亻非心
𠖯	冫气
𡍛	土爪工一
𥻻	米糸内
𢣈	心巛囟攴
𦃀	糸彳之寸
𫌠	亻木一見
𲃟	足人二厶
𢮬	扌止凵小
𥠭	亻東土禾
𬉝	氵爪幺大夕卜
𤽗	白卜丂
𠄶	亻工一二乂
𫺲	月夕夕心
𠢟	且力扌丸
𪭳	手艮
𪡦	口疒卜了
𦹱	艹貝斤
𤈡	火山兀
𪹾	火宀䏑又示
𣖘	木糸工
𫵊	小丿糸士口
𭆺	口干
𫴲	彐寸冉阝
𬠳	虫艹目冖夕
𥚯	示乚日勿
𧐽	虫氵火火
䊷	糸才
𠵐	口心大凵
𣰵	毛龍
𨕀	辵气矢
𡐯	土厂頁夂
𪵚	毛亠幺
𦬻	艹女又
𠲟	口亻牛
𣮮	尸目毛
𤻔	疒艹耂
𪽞	辛甲田
𫸱	弓示乚
𦎛	羊女𠂆
𪱕	冖二耳又竹
𡮠	竹八尸目
𣙮	木齊示
𠎴	亻尸毛攴巾
𨮋	金亼月巛心
𬏘	田廾人艹四十乚
𤄰	氵立厂彡頁
𪟳	午竹
𤻎	疒木木示
𩂄	雨一屮
𬮎	羊大門
𫑋	辵木口厶牛
鐷	金艹廿乚木
𤑮	火屮日手
𡇻	圍衣十
栍	木生
𫫑	冎衣十
𢙲	心口口
㮩	木自心
𧛊	衤巛日
𪰤	日氵女
𫅴	耂匕女又
𪥞	羊皿大
槣	木宀大丂口
𠴞	口亻半
𢆧	土半木攴
𥻽	米犬士口
𢦄	心隹言隹
𣱬	乂乂巾气米
𫶱	工丂艹日十
𫯿	夫門一廾
𢤝	心竹戊一口
𣆱	日才子
𫠸	上氵小月
𪠉	厂止竹
𫏙	足扌爪女
𪨄	小丿八刀貝
𨖅	辵丶艮阝
𢮀	扌衤刀
𱪤	火兀
𫧪	斗斗曲辰
𦓡	广屮屮而
𣋑	日艹廿乚木
𠹌	口厶月匕匕
𡮸	卩卩几小大
𨧝	金亻日一
𡗐	艹目冖夕工コ
𤯶	刂キ廾キ生
𫄈	糸艹氵夂口
𣋃	日亼户口刂
𬌓	爿心
啂	口爪子乚
𨩠	金小丿目
𢩿	扌士
𪺖	爪宀㇕皿丨
𦡡	月石貝寸
𧰜	虎豆亻東土
𫯩	走止一大
𠎨	亻糸亼口
𠶀	口网木
𪾝	舟皿米凵八夂
𡐚	土魚
𦓉	耂匕足夂口
𣙩	木山宀示
𪽅	广氏一生
𥈰	目氵廿廾
𠶑	口米凵
𥌫	目竹彑豕
𬳘	八頁小月
𡄎	口金白巾
𤝋	犭文
𫤩	内彐夕
𫃶	糸氵夂口
𪶩	氵厶口心
𤌣	火西木
𪱘	曲月西女
𣉍	日田衤
𣰴	竹辛甲毛
𠺼	口米欠
𫪹	王廾十口
𨄴	足土半丸
𥱮	竹扌爪女
𥋺	目宀爪臼
𠠊	网山刂二日
𦝍	爿木䏑
𡮵	八宀口亻東土
𧊕	虫戈十
𩿨	丘鳥
𪿱	石舟皿
挒	扌歹刂
𨉠	身扌半
𢅬	白巾匕目廾
𢥪	心廿口夫隹
𠌦	亻糸内
囕	口臣𠂉丶皿見
𦋕	网彳皮
𡆌	口馬丿大口冂口
𫾆	扌宀田厶九
𠊝	亻弋厶口
𥶄	竹女木口攴
𠽑	口豆竹又
𩆋	雨扌䏑午凵
𨎠	田夂口車
𬔔	穴工辛甲
㩃	扌宀屮人冫
𢹆	扌言匕匕白
𥴚	竹自⺍十
𡃛	口言羊又
𥰄	竹艹丩口
𧘪	衤牙
𬥬	八刀貝文隹
𢭑	扌丿七尸丶
𢯗	扌禾子
𪻃	犭彳彐キ
㕰	口毛
𤹪	疒匚三口
𧧯	言火儿
𪖫	自田矢𠂉母
𢆨	木夂土半
𪷔	氵殳亻夕夕
𥗏	石火火冖王丶
𤉇	火口乚大
𦠳	月尸三子
𦗽	耳疒白勹丶
𣉸	日言巳
𱳍	目足夂口
𤏪	火火火冖力
㛎	女口口
𣟮	予丿木囟八夂
𬀦	一乚日
𨆺	足氵西示
𠽦	口氵戊一口
𣒾	木艹凡
𬞷	艹言犭王
𡉦	土午
𱢎	日衤刀
𬰢	宀弋八山頁圍
𠱤	口耒
棿	木臼儿
𫲎	女屮日心
𬆈	圍止亻八宀口
𬛠	了月食爪女
𪨅	小矢隹
𪿙	石𠂇火
𤷮	疒彳丶王
𫮷	土田土丶不口
䐗	月耂
𥚇	示乚舌
㩫	扌斤斤貝
𢲥	扌金十
𦟋	月亻丶不口
𨠵	酉火儿
𬩁	辵竹又冎刂
鎫	金宀乂八夂
𫤎	亻匕頁彳圍止
𫺎	心丰阝
𠅻	亡氵口月
𥾛	糸七刀
𩻹	魚十日十月
𣲠	氵歹
𦝈	月日厂人
䖴	虫儿⺍
𣜸	木日冖車
𤀓	氵示彑水
𧿳	足弓刂
𫮥	土隹𠂊又
𪱴	木女
𤭚	瓦牛口
𬷞	木木鳥
𤬪	土瓦
𢆫	禾人止戊一㐄
𠾕	口阝八豕
𫅟	羊大宀一兀攴
𢁑	巴木口刀貝
𤋻	火氵巛卜
𠞢	王刂王刀
𫤍	人王言亼冊
𫮇	土石从
𢭶	手尸毛
𣘊	木彳走
𫆽	了月厶月匕匕
𤁘	氵辛甲中
𡁞	口亠口冂口攴
𬖷	米卜口門日
𤖶	爿一内
𢯒	扌艹不
𫌖	衤夫夫車
𢵭	扌艹𠂹
𤇊	火干八
𫙔	魚卜尸
𢙵	心乂乂口
𠬉	大凵爪尹
𦀴	糸艹亡
𤒦	火亼口口从攴
𫂝	竹𠂊穴冖夕
𧹟	大火宀匕
𠯅	口弋
𡀡	口氵弓冫弓冫
𥼱	米丿大口冂口
𪿥	石木攴
𣈚	日爿犬
𦵛	艹手止凵
𡣧	女厂网貝
𪡴	口言巳
𨃊	足卜口火
𦄸	糸言公
𫒃	亻東土尸匕
𪯵	匚王方
𡳁	尸米大丶
𩿙	鳥戈
𧎴	虫扌斤口
𬧆	足目巳七
荱	艹尸毛
𡹠	山宀且
𡁾	口言公儿
𪆧	鳥走戈乚
𬑅	目竹
𤶈	疒西
𣻆	氵子丿糸
𣐳	木中又
𨮵	金艹冖一豕
秲	禾之寸
𦄄	糸尹口阝
𩪞	冎䏑卩卩几
𦝊	月辵一屮
𫮋	夕卜从土
𢃊	攴巾𠂆
𫋨	虫言木四
𤆈	火㇕丿
𪜝	予其
𬇁	毛山亼㇕
𤀜	氵目生井
𡹡	山亠口小
𪠞	夕夕大凵
𦆹	糸业羊寸
褀	衤其
筪	竹匚甲
𧣧	𠂊用大弓
𫸊	广廿大日了儿
𪥯	竹女又
㕵	口王
𣊘	日魚
𠸓	口扌舌
𣔡	木土皮
𠽃	口土半丸
𤃛	氵西示瓜
𪭮	扌三人
𥽡	八刀米其廾
𪡩	口山厂火
𢚷	心車
𪟐	八刀爪尹
𧹱	大火甘匚八
襎	衤釆田
𡀱	口口丂虎
𣒣	木艹亡
𨡉	酉彐冖又
𢁍	巴爲
𠸪	口氵夂口
𣙪	木广屮屮
𢏡	弓之儿
𬜎	舌貝丿之
𪾺	宀弋八山目
𡳣	耂阝尸丶
𠾾	口氵日业
𫂚	竹木𠂉母
𩼢	尸口辛魚
𬝐	艹卜口火
𨮑	金亻山隹
𪿹	石卜了田厶九
𥹵	米木口
𠃝	乙小
𡼸	山竹彐キ
𢵲	扌口立厂彡
𫤈	亻八公辵食
𢃈	巾王廾
𪥷	亻白女
𠻅	口石丿之
𧶮	貝圍十口
䈊	竹土八夂
𩽖	魚竹馬
𥌥	目言田木
𥑥	石生
𥷒	竹厂禾禾止
𠰂	口一兀
𦛜	月亼㇕口
蘝	艹亼口口从欠
𫒅	亻東土耳又又
𨭑	糸了儿金
𡎤	土羊大
𤠹	犭廿儿冖巾
𥇀	目艹亡
㨶	扌鳥
𣑌	木乚刀口
𥆂	目亻工一
𣼩	氵阝亼㇕二厶
𬲞	食女甘木
𥓸	石衤彡
𤡱	犭廾貝
𤗆	爿𠂉母
𪮭	扌走竹八
𣎃	月八宀口
𩜽	食文厂彡
𫏓	足千北
𠠩	田夂口䒑月刂
𥃞	尹一火皿日勹亡
𤄮	氵土土土兀夕夕
𥉬	目歹刂火
𤀏	氵言弋工
𪮨	扌氵网木
𫆡	了月竹
𦠆	月卩卩几
𬙴	羊大一屮
𧁺	艹糸戊一口
𬊢	火門亠巾
𦪃	舟冖一豕
𠄺	井見
𪡑	丂口氵女
𪢣	南豆口日月
𡭦	小木一
𤍇	火辰寸
𣒳	工木王
𣘆	木糸内
䈹	竹宀亻一白
𩫦	亠口冂口三厶人彡
𨁥	木土足
𫺧	心亼⺍口
𢟚	心亡口月
𫌎	月公儿衣
𬛟	月大凵卩冎䏑
𤐛	火門亠巾
贑	辛日工貝
𢜫	心小丿目
𢌊	广廿大日王廾
𦧜	舌一中又
𦲒	艹厂土土
𨁡	足爪女
𫖧	頁日亠口小
𤥑	王亡女
𠿷	口門亠巾
𨅁	足竹立
𥄫	目𠂊又
𫴼	門才小
𦁁	糸心彐丨
𦁸	糸亼口卩
𬁏	文寸日勿
洷	氵至
䉒	竹釆田
㙴	土𠂊厂八言
𤹿	疒魚
𤅶	氵言糸糸攴
𧑆	虫辛東土
𧞾	衤囪火火犬
湥	氵穴犬
𨄞	足辵木口
𩄶	雨米欠
𠖭	冫了
𡭰	儿⺍小
𠩕	厂米
𣦎	圍止八宀口
𪽩	疒亻㇕丿
𣷠	氵日月
𣇟	日宀牛
𪡫	口土口衤
𠶍	口木冖儿
𫩺	口尸丶冫
𥶱	竹白鬼
𧐹	虫禾夕夕
𩠓	八頁气
𦟿	月土隹
𫥫	尸至止凵
𤗖	爿子皿
𩾰	止鳥
𣒠	二木曲
𪳴	木几网釆
𢽼	巴乂乂攴
𣙨	木竹皮
𬩏	水丶辵木口
𡮈	爪子乚小
𦛋	月士口
𨅉	足丶艮月
𪞀	火儿竹
㗩	口习习白
𫊹	虫人二厶
哴	口丶艮
𢥆	心竹辛甲
涖	氵亻立
𩹤	禾火魚
𬞕	艹門木四
𩂐	雨工一
𣁔	文口工コ
𢞄	心土𠂆口
𫠷	上亻丰キ
𬛙	月長干八
𢙪	心文寸
𫴚	宀弋八山山亼㇕
𬈓	氵冖儿尸匕
𫇀	月厂禾禾止
𬹹	齒艹卩卩几
𫯊	甘木夂力
𠽊	口𠂉母攴
𫯲	且力大弓
𣞶	木夫夫車
𡤟	女子三石
𩺋	魚疒卜弓
𧏶	虫阝車
𫾑	扌竹其
𣖢	一木衣十
𥍑	目車丿大口冂口
搎	扌子丿糸
𠳹	口广木
𫆉	禾火耳
𩆪	雨艹目戈人
𥺏	米口欠
𠼳	口十口十气
𩝺	食扌爪女
𫉼	艹目戈人竹
𡏡	土辛甲
𠱀	口皮
𡀯	口亻東厶寸
𱿂	艹田厶九頁
𢋴	廿儿冖巾广氏一
抯	扌且
𫬍	口非衣
𤇢	火白
𦙫	月圍止
𡗉	土土土兀夕夕
𭢥	扌艹氵夂口
𣛢	木尸毛且
𪮊	扌亦十
𪳫	三又木由
𢟓	心宀辛
𫵡	尸毛冊
炪	火止凵
𫢩	尸匕亼㇕
䀧	目廿廾
𫭧	土㇕丿子
𬛛	北月其
掋	扌广氏一
𥬩	竹尸匕
䖷	虫乂乂巾
𡽫	山女木口攴
𢴙	扌口𠂹
𦁾	糸工冂大
𣗑	木阝車
𫙍	鬼子皿
𡉕	土丸
𬖭	米卜口日一
𧷸	貝屮日
㩜	扌臣𠂉丶皿
𤻓	其疒一内
𢟒	心厶月匕匕
𢝆	心亻東土
𤿦	皮夕夕
𬩲	辵斤宀䏑又示
㨋	扌耂
𫴞	宀心皿丁亻也
𥨋	穴牙王廾
𥪸	立竹之寸
𣞻	木网厶月匕匕
𡄡	口齊示
𬵤	魚扌辛女
𧒍	足夂口虫
𤃜	氵辵一火日小
𬇮	氵殳亡
𣽊	氵歹八公
𠎪	亻尸婁
𢯥	扌艹一兀
𫶵	巴㇕丿
𫽿	扌白⺍十
𱹵	糸門心
𣂋	戶斗牛口
𣍕	曲土土土兀
𫇟	舟非心
𢮭	扌目廾
秷	禾至
訔	山言
𢟏	心歹刂火
𣔞	木子瓜
𤶐	疒才子
𩶪	魚至
𠾦	口非心
𠼺	口心八甲一
𬳨	馬彐
𡃚	口广田土八土
𡍙	土艹几二
𩠭	八頁尸至
燶	火曲辰
𪶾	氵阝乚一内
𢆥	南禾人
𪞴	几言十
𠳺	口文口
𢹩	扌雨木目
𫘼	長彡由
𬧮	身糸内
𨭡	金氵爪臼
橽	木辵土羊
𢢅	心十日十月
𱓄	口艹几二
𫄋	糸言之寸
𠓺	亦廿火人
𬪮	酉石干干
𡎦	从土夕卜
𬠢	虫示且
𠐅	亻耳宀且
𠳘	口亻丨攴
𧋹	虫一大上
𥃨	目卜
𤸭	疒彳走
𣍍	冖爲儿丶曲
𥶮	竹木山隹
𩇛	生生井
𥻺	米爪幺大
𣉶	日耒毛
𡀵	口言大一丂
𦹵	艹日十十口
𤈞	火耒
𫑊	辵力口貝
𣼹	氵目艮
𤁕	氵辛木口
𠾷	口土半卩又
𦅭	糸阝八豕
𡉖	土弓
𫬩	辛内口走止
𤢤	犭亠圍口禾
𥮋	竹亻木一
𦩛	舟目廾
㘙	口口口厂彑攴
𬦄	大火耂見
𬳙	八頁广由
擃	扌曲辰
𡓆	竹立从土
𫽎	扌亻夕夕
𥾃	米言糸糸虫
𱓳	口网圍止
𤁛	氵耂㇕丿子
𰔐	手爲
𣕃	木田厶九
𩷇	魚乂凵儿
𬛦	臣卜立
𦲺	艹亻一中又
𡂀	口木亠口冂口
𤎜	火丶艮月
𣁲	斗夂冫
娫	女廴丿止
𤘋	牙手戈
𣫲	母亻丁
𩵽	魚心
𠂎	丿丩
𩴅	鬼丰刀大
𡮪	小其欠
𤃧	氵扌辵土羊
𧋺	虫之心
𨂕	足木木
𱱽	白丶艮月
𠞡	冎䏑刂
梹	木斤廾
𬙵	羊大一内
鮉	魚刀口
𫯡	大干八
𬊴	火田北
𫗶	八頁爪丁
𪟼	衣十卩卩几
𫢫	亻弋廿乚
𣹔	氵辵冋
𨮐	金辵𠂆丨目
𣈛	日舌刂
𧷹	貝辵牛口
𪺇	火屮乂凵厶九隹
𤘁	爿艹冖一豕
𤀖	氵山鬼
𬜝	𠂊巴厶牛
𬚈	习习矢圍
𤏤	禾乂乂巾火
𧔙	虫日廿廾水
𩯯	長彡爲儿爲儿
𢲪	扌土田土
𬳛	八頁婁攴
𡭻	小大一屮
銊	金戊一
𣩂	扌斤一夕匕
𣋾	日言田木
𬝗	艹心衣
𦡶	月臣𠂉丶皿
𠿄	口宀田厶九
𬗗	糸扌斤
𥗨	石艹日甘衤
䄇	示口亻土
𠶕	口氵刀口
㾾	疒禾禾彐
𡔿	南几丰一大
𫻉	刀丶心𠂊貝
𬲁	几二南
𤚇	牛羊又
𨀏	足日一
𤠰	犭魚魚
𫖂	冉阝頁圍
𫵍	小止小頁
𪠠	厶矢兀彑
𫫜	口犭生井
𦼚	艹三木
𬲉	乙冫白
拰	扌亻工一
𡑝	土米癶
𢌌	王廾广廿大日
𧔿	虫用口隹
𦠘	戶月𠂹
𦥃	至冊廾
𤬲	瓦内
𪭇	心羊言言
𫐪	辵力竹八
𥆽	目口亼㇕
𪾉	皮耳阝
𥹘	米一内
𩈩	頁圍冉阝
𡫐	宀亠禾禾彐丿
𦷯	艹土田土
𠒬	火儿戈口一
𢩤	戶隹冖二目又
𤲼	田衤申丿
桗	木㇕丿木
𫊮	虫卜尸
𦛾	月心彐丨
𧜺	衤虎彡
𢢽	心豸艮
㮈	木大示
𤊤	火山石
𩘩	凡虫辵食
𦄺	糸丶艮月
𨄃	足辵豕
𡮞	宀丰口小丿
𣱼	氵刀
𦨂	甘木亦廿癶
樍	木丰貝
𬰊	雨辵言
𥇂	目冎刂
𡭱	止凵小丿
掿	扌艹𠂇口
𢯝	扌氵半
𫿹	艹巾斤
𧎸	虫亠口冂口
𥉯	目木土土
𫇁	月亻東土土八夕
𦀍	糸厂止
𦂛	糸方𠂉也
𪵲	氵圍凵
𦹺	艹文見
𡝃	女止㐄
𫔭	門一廾
𢒞	木四彡
㓶	丰刀大刂
垉	土勹巳
撘	扌竹亼口
㹥	犭丶王
𧺃	大火耂見
𩗃	凡虫且
𫽂	扌竹又八刀
𠍥	亻貝丿之
浗	氵十⺍丶
𫼙	手氏
鑥	金魚日
𢬗	扌耒
𢧚	禾人戊㇕
𬆗	厶口一夕匕
𤵊	疒一屮
𬩓	厂止辵木口
𡮺	臣又貝小
𪢘	口辛木口
𧻭	走申丿
𢳙	扌穴儿⺍
𫵟	尸丶扌丿七
𦁿	糸女十口
𡼈	山土半丸
𢲬	扌歹𠂉木
𥀳	皮木屮日
𢲦	扌耳戈
𣟭	木口口馬
鋦	金尸㇕口
𠼦	口冖二目又
𦑗	戶习习コ又
𨂔	足了月
𥻢	米口自
𩶱	魚宀丿七
懢	心臣𠂉丶皿
𢩪	扌了
𫏝	足米且
𥐍	矢豆豆
𨷶	𦥑牙廾キ門
𱎃	氵㇕丿乙
𣆰	日大弓
𨇓	亻亼口口从足
𡶨	山厂千
𧋁	虫二魚
𨢟	酉艹兀彑
𢴖	扌戶攴口
𤀔	氵食欠
㖇	口而
𪃵	鳥木且
𫦓	方𠂉矢刀
𧖱	丿皿卯
𠓬	文口人
𫅞	丶艮羊言
𪦚	女貝攴
𫃷	糸尸目
𠑈	亻氵臣𠂉丶皿
𬏴	疒心又土
𨙥	辵丰日虫虫
𢀦	工コ戶斤
𥢄	禾囟又八夂
欗	木艹門木四
𤷱	疒門
𠺧	口亻丨攴木
𫶰	𠂹𠂇竹又
𨫊	金西木
𫐚	辛木乙
𨀻	足戈十
𠀪	其丶
𢭷	扌土文
𬴑	王廾冎䏑
𠁝	立立戊一口
𤋵	火彳之寸
𡅌	口竹門月
𢭳	扌酉
𫇥	䒑卜
𣼾	氵耳卯
𬓞	屮乂凵厶九大凵
𨇬	足日一金欠
𩙹	辵夂丰乙冫丿刂乙乙冫
𩄨	雨冎䏑
𩅙	雨三厶人彡
𪻟	王㇕攴巾
𠺟	口广車
𥷻	竹雨辵米
𪰿	日圍止宀子
𠲨	口氵也
㒷	冂人廾
𪽱	疒穴力
𫔯	門斗
𣜷	木禾火心
𧣳	𠂊用八公
𬏻	疒𠂊四乂乚丿
𡋁	土䒑巾
𬮜	門一大
𥊠	目山宀示
㮲	木𠂇艹
𬉆	氵尸婁
𧐖	虫辵車
𬋟	火日冖口口甘衤
𡃿	口扌辵土羊
𬛉	北月公
𠲖	口衣
𪡇	口亻竹八
𫥊	冫𠂊厂卩
𡥥	子夕夕
𤞧	犭圍木
臁	月广禾禾彐
𥾘	糸土
𢥇	心口口甲一戈
𥻮	米宀辛
𫥘	冫亼卩士口
𫹊	手一丰冖一兀彡
諪	言亠口冖丁
𪾆	皮竹
𫶳	工网耂
𬖽	米氵廿内内
腀	月亼冊
夦	甘匚八夕夕
疪	疒匕匕
𪿘	石厶口
𬁊	日彳亼木
𢵯	扌网貝
𠛣	日一刂
𢖖	婁彳幺夂
𣵵	氵山𠂊又
㑍	亻耒
𪰂	方弓刂貝
𫬮	二乂口石衣十
𢬄	扌冫水
𣒴	木禾㇕丿
𡸇	山夂木
𪅧	土隹鳥
𢯟	扌土日一
𬈭	氵亻東土力
𫥌	冫王廾
𬪐	䒑八日阝
𫑾	酉亠圍口示
𬧡	身亠八
㐌	𠂉也
𢞅	心西女
𬄅	木氵日工
揂	扌八酉
𪥉	一大巴
𥌀	目宀䏑又示
𪢒	口婁攴
𧑃	虫凵方攴
𦞔	月心火儿
𧋉	虫八公
𡖵	亦夕卜口
𢖺	心弋
𬸴	卜圍米亠圍口禾
𫤡	火儿田糸
龱	圍乂
𠅍	一木亡
𣑁	木了儿
𠼪	口禾夕夕
𫸷	弓丨王廾
𡨹	宀寸宀丁
𠖿	冫用
𢸵	扌尸口辛土
𱟦	辵夂丰戶方
𣋨	丰日亻彐冖又
𧌀	虫一大口
𪓫	木彡黽
𡑖	土阝八豕
𥌙	尸目广車
𦛻	月木寸
𡍚	土木木
𤐚	火言甘欠
𩯂	長彡食旡
𩩪	日日冎䏑
𬋰	竹毛爪
𢭮	扌巳攴
𣦓	圍止卜貝
𪻈	犭弓厶虫
𱘅	土足夂口
𩵾	魚竹又
𬷩	隹又鳥
𤮿	甘兀
逎	辵酉
𠀿	下口欠
𤃢	氵广亠圍口禾
𡆚	口行目目隹
𬰆	雨氵爪尹
𧹅	土土土兀八刀貝
㝹	小丿爲儿丶
𠴘	口木寸
䱊	魚米
𢷄	扌氵戊一火
𤠷	之虫犬
𣉎	日木且
𣑻	木禾人
𥶳	竹糸戊一口
𡀦	口氵日皿
𠺦	口亻巛日
𤞒	犭廿廾
𧣲	𠂊用内攴
𪱂	日犭耂
𬒧	石皮臼土
痶	疒冊廾
㤳	心不口
𬇏	气木
𢴉	扌艹亼木
𣼶	氵門口
𡂷	口宀艹見丶
𫥏	冫木攴
𣗿	木示且
𫹗	彳日文
𬘊	糸网厶月匕匕
𬖪	米尸从二
𬊽	彐火南厂
𨦧	金禾人
𥮊	竹木土
𠱄	口皿
𪣠	土文口
𬘀	糸氵臼土
𨍦	車婁
𫁫	立阝夂㐄
𣍁	尸毛曲
𬞰	艹臼婁
𦀵	糸中中
𨇹	足亠阝隹瓦
𫻈	女又心亼㇕口
𢴌	扌門口
𫡀	立立齊
𥋒	目矢口日
𫏥	足言大一丂
𩛄	食一内
𧐼	虫扌卜日十
𢣃	心石衣十
𬠓	虫禾子
𤻭	疒言二乂口
䟢	足竹八
𬜌	舌方𠂉也
𪡆	口扌亼㇕
𨃼	足示𠂉匕
𩚩	食十口
𦠶	走刀口䏑
𱸣	竹女夂田
𥶀	竹糸黽
𤉘	火言
𢴝	手艹阝一兀
𪡾	口竹生
𦺓	艹十日十月
𢩛	戶工貝
𫺾	八刀心亼㇕口
烣	火𠂇火
𡀴	口扌烏
𫿨	方攴宀辛甲
𩽉	魚疒申又
𪡍	文口竹
𫍕	言巳竹其
𧁸	艹彑宀田木
䏧	月夕夕
𣶈	氵网亡
𦖻	耳田心
𪢏	辰口氵也
𣾵	氵糸𠂊巴
𬐩	不皿𠂆
𠫅	艹厶口厂日子
𧞋	衤广禾禾彐
𨄁	足耳冖儿
𡃖	口虎田心
𠢞	扌丸且力
𧋻	虫文口
𡥤	子耒
𤒛	火耒辰寸
𬁉	尸匕亼㇕日
𠽖	口辵豕
𥻣	米扌之寸
𤂪	氵雨辰
冡	冖一豕
𪠢	大凵广廿大日
𫗾	禾日十目
𫷐	巾艹亻東土
𫽑	殳扌日
𠂪	㇕丿亠卜
𪵬	氵凡
𫱪	女子八宀口
𡑲	土木木示
𩻑	魚米立
𪳞	木耂子攴
𣝅	木旡大牛止
𥕊	石屮大
𫅤	习习亼卩
𢯖	扌心大凵
𪜉	中干八
𫚱	鳥丩厶
𤹗	疒公习习
𦑅	一内内习习
𫂪	竹丿大雨彐
𤻾	疒弓口口甲一
𩻔	魚辵扌斤
𪬶	心糸𠂉母
𥊚	目广屮屮
𠉠	亻豸
𬄞	二木犭耂
𫂨	竹之寸一口田
𣱾	氵了
𡐗	土𠂊用斗
𦟣	月囟八夂
𫻽	戊㇕禾人
𬘂	糸予頁
𢚳	木寸心
𡐘	土氵白工
𪡈	口亻白
㨄	扌用口
𬙺	羊大公廾
𢅅	巾厂大下欠
𬚎	糸木四耂匕
𬦨	足口卩
䱑	魚扌斤
𢧲	手戈止匕二
㭽	木广氏一
樑	木氵刀八木
𱐾	馬勿
𣒱	木口欠
𢹾	扌丿㠯止彐冖巾
𡦧	禾子衣十
𥱰	竹彳走
𢷳	扌𠂊穴目攴
𬁚	日生廾人
𱡵	艹几二方
粚	米𠂉也
𦠲	月亞心
䇮	竹亻工一
𬌥	牛婁
𦃿	糸网釆
𡂇	口口囟八夂
𨆶	足艹氵甫
𪖺	自田矢食旡
𤞔	犭弋工
𭖌	山日一
揁	扌卜貝
𬌕	爿亻木一
㗖	口爪臼
𥗽	石臣𠂉丶皿見
㳻	氵巛日
𢞃	心糸工
𣾼	氵走戈乚
𥰊	竹亼口下
𣍂	八公曲
𢹽	扌竹旡旡日
𢺳	扌言糸糸虫
𬝡	艹日月㇕丿
𡤠	女示曲豆
𡮬	小門心
𦹹	艹氵厂土土
𩽸	魚食土土土兀
𦖡	耳白勹丶
𪣅	土廿乚
𠄜	一中彐亼木
𠰉	口刀口
𩳊	鬼夕口
𠾽	口門王
𪞽	囟曲辰
𬜞	𠂊巴非
𫲢	子丩口
𢀲	工コ木口刀貝
淃	氵米廾卩
𣉏	日艹亼卩
𪊅	卜圍米木木示
𦨢	舟氏一
𫃖	米竹食卩
攎	扌虎田皿
𦀅	糸禾人
盌	夕卩皿
𬲈	几二凡口⺍廾
𦼇	艹亞心
㧡	扌兀彑
𧋟	虫𠂉母
𥋷	目艹氵夂口
𫀟	示巳亼木
𠶖	口木王
𫽡	手八刀皿
𡊰	土田
𪴄	𠂉木耂阝
𦊛	四𠂆
𤯨	生王廾
鈼	金𠂉匕
𩽤	魚酉鬼
𡓾	土示曲豆
𬔑	穴虎爪丁
𥈯	目亻田土
𠌨	亻匚非
𣃱	方匚王
𦟖	䏑馬
𢺤	扌艹門木四
𨃸	足辛甲
熶	火冖二耳又
𫏦	足巛圍人儿キ
𤊒	火彑水
𦠰	戶月卜日十
𩧍	馬三石
𠸞	口火卜口
𢫞	扌又土
呭	口廿乚
𬛝	月厶口文厂彡
𪂳	鳥日匕匕
𧞣	衤厂日月犬
𨂘	足爪工一
𬈴	氵生井中
𬓗	示彐水竹
𤞕	犭二魚
䧹	广亻隹
𦞐	月虎匚一
𬚼	月王廾
𤢬	犭之口冖至
鐒	金火火冖力
𣯡	辛甲毛
𪧿	内小
𣃣	方皮
𫃤	糸氵女
𠾒	口牙隹
𤯺	生廿口丰力
𤇳	火戊一
𩄒	雨言甘
𡆑	口山口口厂彑攴
䔅	艹丂口丂口
𤑬	火禾丿刀人水
𨯷	金艹癶豆
𬰌	雨亼户口刂
𬔌	穴牙千
𬩅	辵氵耂
𫴵	彐寸手一丰
𢷅	扌足夂口
𩙋	凡虫辵亼月巛
𦈽	午凵爪冖又
𣟃	木艹目冖歹
𦇇	糸土土土兀土
𢸞	扌癶豆阝
𥨧	穴婁攴
𤈪	火戈廾
𫑅	辵木口亼卩
𬒸	示乚廿廾
𨫄	金王刂王
𡄾	口言廿口丰
𪟂	卜口刀
𫉳	艹厶口月巴
𩹯	魚才戈口
𦅴	尸毛糸氏一
𧵤	貝宀寸
捤	扌尸毛
橺	木門日
㤓	心木一
𡑒	土彑攴
𠖰	冫巳
𡏛	土爪幺大
𣾹	氵辵爲儿丶
菛	艹門
𬐐	白冖一兀彡
𬫂	金厂力
𬖩	米癶竹
𠸩	口卜貝
𱔢	口犭耂
𨄠	足釆心
𠼹	口貝斤
𠹴	口尹口阝
鞵	革爪幺大
𫅁	四亻匕
𠲹	口巳心
𠦺	刂キ廾半
𩟢	食艹氵甫
𧛞	衤十口月
𪟡	田力丂口
𡎡	土甘木
𬚍	耂耂
𠯪	口歹
𠟀	刀鳥
㳄	氵欠
𫠿	上癶豆
𫑀	辵刂キ廾キ
𬉵	大火
𤻐	疒言甘欠
𧕚	虫齊示
𣴙	氵夕夕
䗅	虫長
𩈪	頁圍爿士
𫄐	糸八刀扌非
㺧	犭四口頁
𤌄	火耂
𪽕	勹巳田力
𦂽	糸穴犬
圚	圍廾貝
𠡚	二日力
襵	衤三耳
𥆼	目田土
𤻑	疒广禾禾彐
𤀗	氵之儿口口
𫡻	亡口月
𨁋	足豆
𡲈	尸毛文
𫻠	心口月丶艮月
𪟤	王廾田力
𩍣	革艹廿乚木
𡉎	土工
𡓋	土隹尸毛
𠎊	亻三木
𡄫	口言禾禾彐
𣼴	氵車欠
𤡛	犭宀一皿丁
𬕌	竹广木
𧉚	虫勿
𢄂	且力亠巾
𨆢	足雨田
𪜚	氵木攴乙
𢲣	扌辛甲
𦝇	月心日一
𠽌	口雨彐
𣈗	貝寸日
汵	氵亼㇕
𠾿	口工頁
𧻐	走文寸
𫳘	宀子宀丁
𪴉	木幺幺山八夂
𠽉	口氵网木
𩄱	雨辛甲
𫃘	米其廾半
𢭸	扌广予
𧋼	虫王廾
𬏒	田女丶艮
𣰏	毛山鬼
𠀲	丁夕夕
𫚶	爪丁鳥
𢹅	扌氵目勹虫
𠁀	廿乚亻弋
𩂁	雨兀
𤐝	火雨田
𪪅	干八大申
𬗓	糸䒑巾
𣈢	日鬼十
𱘔	土阝米癶
𩠧	八頁尸㇕口
𬈤	氵尸匕生
𬑦	目白匕旡
𫽗	扌不皿
𫥴	巴刀
𨄶	足羊巛亻
𣽆	氵竹工凡
𤷒	疒田牛
𨗮	辵申八廾
𣛨	木十日十月
𠮾	口兀
𪸊	氵爪尹土土土兀
𡀔	口足夂口
䏠	月立
𥯪	竹丰一大
𣊍	日广屮屮
𨤮	田土火火
𣖗	木辵尸匕
𬆞	殳亡
𢁊	巴扌弋工
𪰹	日土田土
𪽁	生卜
𠅼	亡禾手丶
𦾥	艹日冖車
𠖨	冖一兀艹冖一豕
𣜲	木辵𠂆丨目
𢫈	扌十口
𪾮	目爪工一
𨮎	金艹氵夂口
𣹖	氵歹且
瀐	氵才戈非一
𬢗	八公𠂊用
𤳢	田力工貝
𠓻	人王亼冊
𫖀	頁圍一木
𣋂	日十日十月
𦄼	糸彡頁
𩠸	八頁竹馬
𢫟	扌亻士
𪠿	口竹
𢩜	戶方𠂉矢
𢤟	心雨辰
𧲼	豸勹巳
𦢠	月齒
䴌	鳥艹冖一豕
𢫜	扌人上
𡏦	土𠂹𠂇
𣘓	木网釆
𪤸	夕卜竹
𠏭	亻耳又从
𩝻	食匕目廾
懙	心𦥑牙廾
媠	女𠂇月
𤠶	犭匕目廾
𡸏	山亻立
𬙼	羊大衣十
𡙴	言甘儿大
𬰅	雨亼月巛
𬨴	辵艹厶口
𧍋	虫貝寸
𤓺	爪斗
埬	土東
𥆾	目刀丶心
𦢟	月扌业廾
𣈓	日扌皮
𪄥	鳥冎䏑
𨔈	辵牛巾刂
𤹕	疒圍大心
墛	土尸示寸
𠾹	丿大口衣十
𠄻	二乂木木
𤷳	疒山石
𪆼	雨田鳥
𤖡	爿宀一火日小
𫌵	又又言
𣜋	木口馬
𪱐	言甘小丿目
𠐸	亼木土隹
𣖚	木艹力口
𠱈	口矢
𤠤	犭艹亡川
𥃑	舟皿乂凵八夂
𨬈	金广屮屮
𠣶	勹巳冎刂
𫒾	金糸内
𡒻	土斤斤貝
𥴛	竹木隹
𫏱	身亼囪甘
𣼷	氵革力
𣐝	木匚巾
𫖿	几二羊大
𣠩	木艹臣𠂉丶皿
𢟐	心王𠂉木
𠲏	口亻工一
䘃	虫囪火火土
𩺥	魚𠂇艹
㖽	口頁
𢷀	扌亼月巛心
𠚯	兀刂
𢭺	扌豸
𬈫	氵彳貝寸
𤒢	火广亠圍口禾
𩽥	魚門木四
𠶏	口禾彐
𧜘	衤口貝
𣊿	日十日十月
𬃱	木十口日一
𤄋	氵糸囪心
𣻄	氵彳亼木
𫷤	幺力辵丿㠯
𩼸	业羊寸魚
櫈	木癶豆几
𪥻	女干丿之
𨙛	辵木口丿皿从
𢺹	八刀竹又
𱠳	扌田土八土
溳	氵口貝
𬯰	隹又示乚
𢷆	手亠圍口日一
𠃷	禾子乙
𦢷	月口口馬
𢯑	扌心又土
𡓈	土禾尤匕日
𧕀	虫尸口辛土
𠶇	口巾巛亻
㗈	口龴用力
𣼲	氵口隹
𱍧	彐工口寸下
𤊫	火土皮
𠼸	口亻匚日女
䈜	竹亻彐冖又
𬑩	目𠂹土午
𫫤	口戶口攴
𤉓	厂火由
𬠫	虫艹日月
𠎫	亻十日十月
𥊀	目三厶人彡
𫴱	彐寸𠂉母
𠯻	口幺㇕
𣹙	氵𠂇月阝
𫑇	辵斤其
𣍗	亼一乂凵厶九曲
𦬂	艹兀
𫻎	言甘欠心
𪚚	龍中
𫡐	㇕丿竹
𫺶	心阝車
𠻄	口艹亡川
𬠱	𠂉母亦虫
𬚲	䏑心
崊	山木木
𪘵	齒土八夂
焝	火氏日
𫣿	网貝人心
佊	亻皮
𨒒	辵一力十
𦞒	月彳之寸
𱔫	口穴牛口
𪯗	木月攴八刀
𠴓	口亻氏一
𣠒	宀釆田𠂉木
𦇒	糸三石
𠓔	臼儿艹目冖夕
𤾔	白艹冖木
𦢩	月艹尹亞一
𲇣	金艹勹米
𫧦	亠幺⺍十竹
𭉩	口亻丶不口
𫊴	虫扌丿七
𠁔	立立由丂
𢨃	屮日戈
𤞘	犭亻工一
𩿘	鳥毛
㽿	疒瓜
𢥢	心言廿口丰
𣔲	木辵冋
㘉	口竹食卩
𢿼	彐工口寸攴
𤷯	疒尸巾刂
𢫠	扌弓厶
𡌽	土广卜口
𪤲	南厂竹
𡃕	口穴身弓
𢲵	扌東東甘
𨃴	足冎䏑
𧅕	艹月巛圍乂釆
鐰	金三口木
𪮳	扌亦虫
𪄧	鳥辵大下
𠲕	口广土
𠹽	口艹兀彑
𫽌	扌殳勿
𣹘	氵彳之寸
㭼	木水日
𧊌	虫工丂
𥸆	竹月巛圍乂釆
𦀼	糸山内
𢄹	巾丿大口冂口
𪩤	工コ歹刂
𢴑	扌釆心
𬢱	言羊又
𧧀	言瓦
𩅺	雨彡頁
𪩧	亠口冖丁工コ
㴜	氵戶冊
𫖾	亼月巛几二
𣑵	木彐キ
𱜘	亼冊工コ
𠬃	大凵甫
𢤣	心竹䒑月刂
帀	一巾
𣳡	氵戊
𧸺	貝穴身弓
𣂃	耂斗
𣨭	歹宀㠯
𩊽	革乂乂巾
𣛦	木氵方𠂉子
𫯖	夕夕辵䒑大
鵶	亞鳥
𡳩	尸毛彐キ日
𨓢	辵斤兀
𪰨	日心戶
𡗎	夕夕車斤日
𦀫	糸广犬
𠑕	亻匕卩言二乂口
𢩊	戶火儿
𣊾	日非心
𠶯	口扌止凵
𪵯	氵爪
𫐾	辵豕不
𦲹	艹亦夕
𡓥	土口口甲一戈
𢲝	糸一屮手
啱	口山石
𬗰	糸歹𠂉木
𡢐	婁𠂆口
𤳆	田力𠂹
𡍣	土亦又
𧙀	衤立
𥝽	禾下乚
𫿴	斗爪子
𠶗	口十目
𤔽	爪艹冖一豕
𩲡	示鬼
㫼	日牛巾刂
𠇽	亻匚巾
𡄯	口月言甘心
𧋸	虫口亻土
𬬌	金戈戈木一
𥣐	禾日冖車
𪀆	亻士鳥
𨨦	金木攴
𨯃	金婁攴
𣔓	木彳皮
𫨫	厶卜貝
㗅	口十口月
𨨧	金辛女
𪆤	囪火火鳥
𪇴	艹目戈人鳥
𡮫	䏑犬火小
𫆍	耳丶艮月
𪧚	宀子宀寸
𫆘	月一卜
𠺳	口尤匕日
𥶲	竹三石
𦧽	舌彑水虫虫
𡳽	竹馬尸至
𪽄	生八宀口
𥖓	石皮口口
𤴏	田廾人网糸隹
𣜿	木艹廿乚木
𬟼	虫一木
𢴔	扌貝厂又
𥘷	示乚小丿
𨄷	足大四乂
𫇳	艹人上
𬄃	木矢工コ
𣷷	氵亦又
𬷤	爪丂口鳥
𬀰	日歹刂
𧛌	衣才犬丿
𬄮	木十口心日一
𢯓	扌艹巴
𠚐	止凵木
𤯆	甘言
𠾻	口氵甘匚八
𤷴	疒亻衣
𦾣	艹扌冖隹
𫪥	口亻夕夕
筙	竹耒
扖	扌人
𨮹	金辵不冂口
㾞	疒酉
𣭒	毛目
𩇅	雨言屮日
呞	口𠂆
𥊴	目冖二耳又
梖	木貝
𤇲	亻工一火
𢝸	心冎口
恗	心大一丂
𬏯	疒豸
𡅧	口廿口夫隹
𬇸	氵一丂木一
𧄳	艹日十丿大口冂口
𫶷	口口巴
哠	口牛口
萶	艹丰日
𪰬	日一禾刂
𥙧	示乚竹八
𤍎	火丶艮阝
𣔥	木彳圍止
㗚	口西木
𪳘	木冖一豕
𪲝	木广木
