的	白勺
了	了
我	我
是	是
在	才土
你	人尔
和	禾口
有	𠂇月
不	不
就	京𠂇
都	者阝
也	也
要	西女
吧	口巴
好	女子
他	人也
說	言公儿
去	去
到	至刀
沒	水勹又
還	辵四一口衤
上	上
對	业土寸
那	冄阝
人	人
個	人圍古
看	手目
中	中
呢	口尸匕
來	來
嗎	口馬
爲	爲
會	會
她	女也
與	臼牙廾
給	糸亼口
等	竹土寸
這	辵言
用	用
把	扌巴
下	下
恩	圍大心
能	厶月比
很	行艮
多	多
做	人古攴
想	木目心
點	黑卜口
被	衤皮
地	土也
而	而
一	一
後	行幺夂
又	又
從	行从止
再	再
將	爿肉寸
時	日土寸
但	人日一
過	辵咼
打	扌丁
大	大
年	𠂉㐄
麼	麻幺
啦	口扌立
以	厶人
買	四貝
讓	言衣口口甘
嗯	口圍大心
着	羊目
小	小
得	行日一寸
先	先
啊	口阝丁口
或	戈口一
呀	口牙
找	扌戈
新	立木斤
及	及
跟	足艮
於	於
太	太
嘛	口麻
號	口丂虎
日	日
才	才
可	丁口
比	比
玩	王一兀
們	人門
最	日耳又
月	月
真	真
吃	口乞
發	癶弓殳
並	並
它	它
其	其
話	言舌
請	言青
錢	金戔
叫	口丩
開	門一廾
出	出
誰	言隹
哈	口亼口
當	尚田
向	宀口
家	宀豕
問	門口
之	之
更	一日乂
該	言亥
走	走
快	心夬
別	另刀
前	䒑月刀
由	由
高	京口
您	人尔心
裏	衣里
加	力口
所	戶斤
天	天
卻	八公卩
已	巳
里	里
內	内
寫	宀臼烏
啥	口舍
老	耂
搞	扌京口
行	行
事	一中彐
拿	亼口手
帶	帶
如	女口
死	歹匕
賣	士四貝
暈	日冂車
像	人象
使	人一口乂
剛	网山刀
成	成
無	無
換	扌𠂊内大
只	口八
哪	口冄阝
愛	爪冂心夂
回	回
聽	耳王十四一心
少	少
元	一兀
喫	口丰刀大
卡	上卜
靠	牛口非
幫	土土寸白巾
算	竹目廾
者	者
忙	心亡
起	走己
各	夂口
學	臼爻冂子
分	分
咯	口夂口
總	糸囪心
則	貝刀
水	水
張	弓長
改	己攴
唉	口厶矢
三	三
見	見
連	辵車
車	車
放	方攴
全	人王
按	扌宀女
區	匚三口
萬	萬
機	木幺幺戈人
早	日十
拉	扌立
弄	王廾
本	本
偶	人禺
頁	頁
進	辵隹
性	心生
第	竹弓丨丿
完	宀一兀
同	同
花	艸化
長	長
怕	心白
女	女
講	言甘冄
殺	乂木殳
組	糸且
錯	金廿日
些	止匕二
住	人主
名	夕口
跑	足勹巳
次	冫欠
網	糸网亡
睡	目垂
裝	爿士衣
哦	口我
挺	扌廴千土
王	王
圖	圍口十回
掉	扌卜日十
路	足夂口
正	正
外	夕卜
二	二
頭	豆頁
應	广人隹心
生	生
心	心
因	圍大
子	子
強	弓厶虫
類	米犬頁
作	人乍
送	辵䒑大
書	尹二日
每	每
法	水去
乖	千北
拍	扌白
市	市
撒	扌廿月攴
至	至
接	扌立女
美	羊大
表	表
未	未
辦	辛力辛
非	非
級	糸及
即	艮卩
哎	口艸乂
此	止匕
差	羊工
版	爿反
併	人并
副	畐刀
系	丿糸
收	丩攴
男	田力
俺	人大申
字	宀子
兩	一内内
股	月殳
轉	車專
便	人一日乂
考	耂丂
塊	土鬼
線	糸白水
手	手
黃	黃
道	辵首
米	米
座	广从土
豬	豕者
聊	耳卯
取	耳又
低	人氏丶
難	堇隹
哇	口土土
兒	臼儿
受	爪冂又
包	勹巳
阿	阝丁口
喝	口日勹亡
白	白
金	金
四	四
近	辵斤
管	竹宀㠯
定	宀正
傳	人專
門	門
樣	木羊永
夠	多勹口
交	文八
李	木子
笑	竹丿大
自	自
邊	辵自穴方
型	一廾刀土
黑	黑
慢	心日四又
刷	尸巾刀
穿	穴牙
越	走戉
位	人立
貴	中一貝
部	立口阝
稱	禾爪魚
處	虎夂几
選	辵巳巳艸廾
站	立卜口
牛	牛
怪	心又土
省	少目
倒	人至刀
談	言火火
曾	曾
羣	尹口羊
經	糸巠
數	婁攴
據	扌虎豕
變	䜌攴
累	田糸
汗	水干
查	木日一
象	象
半	半
陳	阝東
紅	糸工
格	木夂口
五	五
幹	十日十人干
樓	木婁
方	方
讀	言士四貝
頂	丁頁
某	甘木
條	人丨夂木
亂	爪龴冂厶又乚
唔	口五口
馬	馬
遠	辵土口衤
單	口口甲一
海	水每
相	木目
熱	土八土丮火
光	光
咋	口乍
風	風
且	且
林	木木
滿	水廿内内
額	宀夂口頁
化	化
班	王刀王
滴	水帝口
掛	扌土土卜
關	門幺幺䒑
漲	水弓長
店	广卜口
安	宀女
坐	从土
約	糸勺
飛	乙冫非
劉	卯金刀
度	广廿又
種	禾千田土
俄	人我
歌	丁口丁口欠
報	幸卩又
信	人言
若	艸𠂇口
原	厂白小
文	文
飯	食反
晚	日象儿
量	日一里
村	木寸
式	弋工
空	穴工
山	山
賺	貝兼
毛	毛
重	千田土
主	主
另	另
間	門日
裡	衤里
貼	貝卜口
入	人
伐	人戈
血	血
盤	舟殳皿
爽	大四乂
隊	阝八豕
楊	木昜
臺	士口冂至
往	行主
片	爿
國	圍戈口一
狗	犬勹口
歲	止戌㐄
費	弓八貝
壞	土衣四水
龍	龍
離	亠乂凵禸隹
共	艸廾
西	西
佔	人卜口
周	用口
超	走刀口
明	日月
媽	女馬
均	土勹冫
期	其月
達	辵土羊
照	日刀口火
切	七刀
留	卯田
動	千田土力
特	牛土寸
氣	气米
係	人丿糸
神	示申
鳥	鳥
畫	尹二田一
夢	艸四冂夕
教	耂子攴
哥	丁口丁口
甘	甘
蠻	䜌虫
魚	魚
值	人直
鎮	金真
么	丿厶
罵	四馬
陪	阝立口
既	艮旡
哭	口口犬
力	力
建	廴尹二
洗	水先
懂	心艸千田土
雙	隹隹又
口	口
指	扌旨
東	東
球	王求
仍	人乃
活	水舌
跌	足失
練	糸柬
億	人立日心
清	水青
提	扌是
除	阝余
通	辵甬
酒	水酉
貓	豸艸田
餓	食我
票	西示
六	宀
病	疒丙
咩	口羊
假	人叚
久	𠂊丶
段	厂三殳
平	干八
抓	扌爪
套	大長
課	言果
急	𠂊彐心
藥	艸白幺幺木
城	土成
任	人壬
草	艸日十
羅	四糸隹
理	王里
令	令
雨	雨
貨	化貝
唱	口昌
左	𠂇工
藍	艸監
縣	目木丿糸
常	尚巾
色	𠂊巴
搶	扌倉
菜	艸爪木
喲	口糸勺
集	隹木
感	戌口心
房	戶方
較	車文八
混	水日比
敢	敢
火	火
臉	月亼口口从
操	扌三口木
南	十冂半
退	辵艮
件	人牛
吳	吳
破	石皮
聲	士尸殳耳
德	行十四一心
雪	雨彐
局	尸㇕口
雲	雨云
噢	口宀米大
整	束攴正
傻	人囟八夂
華	華
克	克
呃	口厂卩
喊	口戌口
現	王見
跳	足兆
養	羊食
補	衤甫
團	圍專
沈	水冂儿
反	反
樂	白幺幺木
篇	竹戶冊
待	行土寸
砸	石匚巾
深	水冂八木
煩	火頁
根	木艮
求	求
投	扌殳
電	雨申
親	立木見
惡	亞心
葉	艸世木
款	士示欠
知	矢口
八	八
配	酉己
器	四口犬
何	人丁口
率	亠幺⺍十
調	言用口
鬼	鬼
修	人丨夂彡
試	言弋工
謝	言身寸
麪	來夂丁乚㇕
僅	人堇
層	尸曾
面	面
週	辵用口
北	北
木	木
份	人分
記	言己
趙	走小月
情	心青
肉	肉
需	雨而
七	七
論	言亼冊
流	水了巛
噶	口艸日勹亡
招	扌刀口
痛	疒甬
列	歹刀
石	石
香	香
封	土土寸
眼	目艮
易	日勿
冷	冫令
借	人廿日
派	水𠂆从
帥	㠯巾
付	人寸
十	十
廠	广尚攴
陽	阝昜
樹	木十豆寸
油	水由
胡	古月
排	扌非
停	人京丁
合	亼口
軍	冂車
身	身
奧	宀釆大
章	立日十
科	禾斗
倆	人一内内
星	日生
牌	爿卑
權	木艸口口隹
翻	釆田羽
隨	阝辵𠂇工月
場	土昜
帖	巾卜口
商	亠八内口
庫	广車
價	人西貝
物	牛勿
泡	水勹巳
寶	宀王缶貝
玉	玉
體	骨曲豆
追	辵㠯
傷	人𠂉昜
背	北月
腳	月八公卩
丟	一去
劍	亼口口从刀
解	角刀牛
室	宀至
底	广氏丶
業	业木
代	人弋
孫	子丿糸
朱	朱
亦	亦
須	彡頁
舊	艸隹臼
乾	十日十乞
工	工
咱	口自
詞	言司
刀	刀
喔	口尸至
波	水皮
證	言癶豆
鐵	金十戈口王
推	扌隹
落	艸水夂口
節	竹艮卩
春	廾日
輕	車巠
笨	竹本
九	九
輸	車亼月刀
江	水工
短	矢豆
含	今口
千	千
炒	火少
藉	艸耒廿日
丫	八丨
徐	行余
騙	馬戶冊
秒	禾少
青	青
耍	而女
夜	亠人夕丶
許	言午
咁	口甘
吹	口欠
師	㠯一巾
板	木反
土	土
贏	贏
姐	女且
直	直
公	公
苦	艸古
秀	禾乃
博	十甫寸
皮	皮
朝	十日十月
君	尹口
詩	言土寸
爛	火門柬
靜	青爪尹
利	禾刀
素	丰糸
立	立
存	才子
燒	火堯
斷	匕四幺斤
吾	五口
虧	虎隹一丂
湯	水昜
民	民
極	木了口又一
命	亼口卩
睇	目八弓丨丿
忘	亡心
茶	艸人木
冰	冫水
供	人艸廾
案	宀女木
田	田
初	衤刀
品	三口
抽	扌由
造	辵牛口
抱	扌勹巳
野	里予
綠	糸彑
項	工頁
獎	爿肉寸犬
胖	月半
緊	臣又糸
故	古攴
服	月卩又
盡	尹一火皿
百	百
兵	斤廾
英	艸冂大
蘇	艸魚禾
般	舟殳
演	水寅
嘴	口止匕角
簽	竹亼口口从
填	土真
果	果
保	人口木
唐	广尹口
雞	爪幺大隹
夏	頁夂
莫	艸日大
硬	石一日乂
寒	宀甘八冫
挖	扌穴乙
凡	凡
髮	長彡犬㇕
言	言
題	是頁
防	阝方
街	行土土
距	足巨
挑	扌兆
純	糸屯
鬧	鬥市
欲	谷欠
竟	立日儿
源	水厂白小
官	宀㠯
戲	虎豆戈
寄	宀大丁口
古	古
首	首
思	田心
橋	木丿大口冂口
燈	火癶豆
郭	京子阝
亮	京几
干	干
屬	尸水四勹虫
窮	穴身弓
粉	米分
爆	火日艸廾水
韓	十日十㐄口㐄
刪	冊刀
戴	十戈田艸廾
然	肉犬火
衝	行千田土
疼	疒夂冫
雷	雨田
蓋	艸去皿
港	水艸廾巳
租	禾且
狼	犬良
蘭	艸門柬
狂	犬王
布	布
引	弓丨
壓	厂日月犬土
亞	亞
捏	扌日土
齊	齊
隻	隹又
賽	宀甘八貝
員	口貝
佛	人弓八
食	食
船	舟公
今	今
恨	心艮
宋	宀木
銀	金艮
猛	犬子皿
客	宀夂口
黨	尚黑
雖	口虫隹
碼	石馬
友	𠂇又
領	令頁
句	勹口
斯	其斤
沙	水少
戰	口口甲一戈
哼	口京了
望	亡月王
腿	月辵艮
沖	水中
丁	丁
園	圍土口衤
祝	示口儿
鄉	阝良阝
牀	爿木
鄭	八酉大阝
界	田介
抗	扌亢
步	步
河	水丁口
缺	缶夬
賊	貝戈𠂇
尚	尚
似	人厶人
羊	羊
福	示畐
必	必
遭	辵一曲日
煙	火西土
否	不口
端	立山而
設	言殳
猜	犬青
伊	人尹
秦	廾禾
秋	禾火
毒	丰母
架	力口木
熊	厶月比火
持	扌土寸
廣	广黃
插	扌千臼
歸	㠯止彐冂巾
折	扌斤
滾	水衣公
靈	雨口口口工从
意	立日心
呆	口木
基	其土
困	圍木
圈	圍龹卩
迷	辵米
趕	走日干
踢	足日勿
勝	朕力
史	口乂
甲	甲
呵	口丁口
搬	扌舟殳
獲	犬艸隹又
紙	糸氏
乃	乃
覺	臼爻冂見
右	𠂇口
塔	土艸亼口
準	水隹十
拖	扌𠂉也
摸	扌艸日大
院	阝宀一兀
慘	心三厶人彡
訂	言丁
散	廿月攴
松	木公
爸	父巴
喜	十豆口
洋	水羊
語	言五口
呈	口王
治	水厶口
降	阝夂㐄
峯	山夂丰
漢	水堇
富	宀畐
姓	女生
料	米斗
嘎	口頁戈
結	糸士口
閃	門人
咬	口文八
梅	木每
批	扌比
戶	戶
足	足
寧	宀心皿丁
爬	爪巴
醒	酉日生
狠	犬艮
逛	辵犬王
精	米青
瘦	疒申又
瘋	疒風
踩	足爪木
槍	木倉
誒	言厶矢
軟	車欠
偷	人亼月刀
支	十又
杜	木土
麗	麗
鞋	革土土
展	尸廿衤
咧	口歹刀
興	臼同廾
依	人衣
倍	人立口
康	广尹⺍
堂	尚土
救	求攴
觀	艸口口隹見
鍵	金廴尹二
製	牛巾刀衣
餘	食余
冇	𠂇冂
筆	竹尹二
音	立日
世	世
著	艸者
仲	人中
舞	無舛
吖	口八丨
守	宀寸
露	雨足夂口
冒	冃目
昇	日升
唄	口貝
榮	火火冂木
弱	弓冫弓冫
影	日京彡
州	⺍巛
替	夫夫日
逼	辵畐
陸	阝土八土
曲	曲
願	厂白小頁
牙	牙
箱	竹木目
嚇	口赤赤
測	水貝刀
莊	艸爿士
寬	宀艸見丶
遍	辵戶冊
細	糸田
狀	爿犬
巴	巴
閒	門月
武	戈止
湖	水古月
聯	耳幺幺䒑
程	禾口王
柳	木卯
偏	人戶冊
實	宀貫
印	爪卩
味	口未
鎖	金小貝
衆	血从
零	雨令
環	王四一口衤
角	角
紫	止匕糸
勒	革力
島	鳥山
耶	耳阝
熟	京子丮火
孔	子乚
寸	寸
標	木西示
歐	匚三口欠
厚	厂日子
答	竹亼口
社	示土
懶	心束𠂊貝
顧	戶隹頁
順	巛頁
滅	水戌火
運	辵冂車
輪	車亼冊
兼	兼
溫	水圍人皿
娘	女良
登	癶豆
悶	門心
微	行山一几攴
佳	人土土
瞭	目一火日小
雅	牙隹
魔	麻鬼
司	司
拋	扌尢力
志	士心
奇	大丁口
編	糸戶冊
瓦	瓦
居	尸古
憑	冫馬心
盛	成皿
奶	女乃
虎	虎
后	𠂆口
洞	水同
台	厶口
形	一廾彡
佢	人巨
負	𠂊貝
川	巛
檔	木尚田
圓	圍口貝
牆	爿土从
囧	四冂
充	了儿
害	宀丰口
喂	口田衤
免	象儿
景	日京
擬	扌匕矢龴疋
穩	禾爪工彐心
曹	一曲日
曉	日堯
煮	者火
良	良
蛋	疋虫
吐	口土
肥	月巴
仙	人山
宮	宀呂
碰	石並
酸	酉厶八夂
侯	人龴矢
塞	宀甘八土
嘍	口婁
脫	月公儿
勁	巠力
欠	欠
創	倉刀
擦	扌宀肉又示
爾	爾
藏	艸戈爿臣
皆	比白
屁	尸比
永	永
夫	夫
掙	扌爪尹
琴	王王今
錄	金彑
餵	食田衤
稅	禾公儿
宏	宀𠂇厶
例	人歹刀
專	專
砍	石欠
視	示見
繼	糸匕四幺
兄	口儿
產	文厂生
善	善
增	土曾
施	㫃也
淚	水戶犬
暗	日立日
忍	刀丶心
肯	止月
母	母
聖	耳口王
橫	木黃
遊	辵㫃子
艾	艸乂
致	至攴
宗	宀示
偉	人㐄口㐄
麻	麻
怒	女又心
扔	扌乃
爭	爪尹
游	水㫃子
鄧	癶豆阝
腰	月西女
嫩	女束攴
肖	小月
淨	水爪尹
罪	四非
仔	人子
彈	弓口口甲一
丑	丑
減	水戌口
敏	每攴
義	羊我
棒	木廾扌
臭	自犬
響	阝良阝立日
聞	門耳
拆	扌斥
蔡	艸肉又示
計	言十
絲	糸糸
校	木文八
氏	氏
糖	米广尹口
吉	士口
押	扌甲
馮	冫馬
吵	口少
谷	谷
麥	來夂
衣	衣
宇	宀丁一
雜	衣木隹
末	末
潘	水釆田
告	牛口
旁	亠八冂方
耐	而寸
董	艸千田土
榜	木亠八冂方
醉	酉卒
鍾	金千田土
妹	女未
鋼	金网山
蔣	艸爿肉寸
幣	巾⺍攴巾
宜	宀且
尼	尸匕
灰	𠂇火
評	言干八
維	糸隹
絕	糸刀巴
屋	尸至
幾	幺幺戈人
楚	木木疋
屆	尸土凵
館	食宀㠯
丹	丹
乘	禾北
認	言刀丶心
刻	亥刀
俊	人厶八夂
芳	艸方
抄	扌少
夾	大从
酷	酉牛口
京	京
嚴	口口厂敢
返	辵反
礦	石广黃
廳	广耳王十四一心
魯	魚日
瑞	王山而
仁	人二
飄	西示風
註	言主
添	水天心
催	人山隹
具	目廾
威	戌女
劇	虎豕刀
核	木亥
農	曲辰
瓶	并瓦
銅	金同
犯	犬卩
族	㫃矢
季	禾子
尋	彐工口寸
顯	日幺幺火頁
骨	骨
嘿	口黑
鏈	金辵車
擺	扌四厶月比
擠	扌齊
黎	禾丿刀人水
騎	馬大丁口
密	宀必山
士	士
術	行术
炸	火乍
祇	示氏
洪	水艸廾
訊	言乙十
腦	月巛囟
禮	示曲豆
容	穴公
輝	光冂車
射	身寸
智	矢口日
索	十冂糸
聚	耳又从
拼	扌并
燕	燕
撞	扌立田土
膜	月艸日大
普	並日
竹	竹竹
魏	禾女鬼
澤	水四幸
乜	㇕乚
側	人貝刀
諾	言艸𠂇口
呂	呂
范	艸水卩
搭	扌艸亼口
鳳	凡鳥
袁	土口衤
扯	扌止
鑽	金先先貝
彭	十豆彡
陰	阝今云
唸	口今心
薄	艸水甫寸
涼	水京
曰	甘
胃	田月
鹽	臣𠂉鹵皿
賴	束𠂊貝
獨	犬四勹虫
窩	穴咼
堆	土隹
赴	走卜
載	十戈車
躲	身几木
孟	子皿
抵	扌氏丶
甜	舌甘
舉	臼牙廾扌
彩	爪木彡
甚	甘匚八
厄	厂卩
粗	米且
傑	人舛木
噸	口屯頁
慶	鹿㇕心夂
緣	糸彑豕
駐	馬主
申	申
衛	行㐄口㐄
訓	言巛
念	今心
蕭	艸尹𣶒
惹	艸𠂇口心
帳	巾長
勸	艸口口隹力
讚	言先先貝
盒	亼口皿
逃	辵兆
嘉	十豆力口
納	糸内
升	升
倉	倉
姚	女兆
休	人木
症	疒正
斤	斤
功	工力
喇	口束刀
釦	金口
浪	水良
扣	扌口
泰	廾水
忠	中心
梁	水刀八木
吸	口及
貝	貝
跨	足大一丂
盧	虎田皿
森	三木
瞎	目宀丰口
卷	龹卩
于	丁一
井	井
針	金十
蛇	虫它
寺	土寸
購	貝甘冄
導	辵首寸
飲	食欠
噴	口屮貝
虛	虎丘
屏	尸并
優	人頁心夂
灌	水艸口口隹
埋	土里
略	田夂口
掃	扌彐冂巾
吶	口内
目	目
蒙	艸冃豕
託	言丿七
托	扌丿七
巧	工丂
淡	水火火
賤	貝戔
拜	手一丰
冬	夂冫
娜	女冄阝
懷	心衣四水
池	水也
敲	京口攴
凱	山豆几
鐘	金立田土
愁	禾火心
鋪	金甫
薩	艸阝立厂生
揚	扌昜
勇	甬力
財	貝才
鍊	金柬
終	糸夂冫
質	斤斤貝
泥	水尸匕
昏	氏日
遇	辵禺
喬	丿大口冂口
欄	木門柬
鍋	金咼
巨	巨
儀	人羊我
遲	辵尸水牛
怎	乍心
磨	麻石
呼	口爪丁
賭	貝者
液	水亠人夕丶
泉	白水
嫁	女宀豕
捲	扌龹卩
汪	水王
稍	禾小月
薛	艸㠯辛
賈	西貝
豆	豆
頓	屯頁
旺	日王
儂	人曲辰
攻	工攴
祥	示羊
委	禾女
佐	人𠂇工
臨	臣𠂉三口
隔	阝鬲
繞	糸堯
輛	車一内内
崔	山隹
溝	水甘冄
碗	石宀夕卩
賠	貝立口
吻	口勿
健	人廴尹二
速	辵束
失	失
雄	𠂇厶隹
胸	月勹乂凵
框	木匚王
鬥	鬥
暴	日艸廾水
湊	水廾天
陣	阝車
識	言立日戈
娃	女土土
唯	口隹
漏	水尸雨
拔	扌犬㇕
洛	水夂口
探	扌冂八木
碟	石世木
郎	良阝
珠	王朱
劑	齊刀
尿	尸水
透	辵禾乃
惠	專心
譚	言西日十
營	火火冂呂
府	广人寸
菲	艸非
叼	口㇕一
父	父
耳	耳
殘	歹戔
窗	穴囪
搜	扌申又
希	乂𠂇巾
患	中中心
尾	尸毛
播	扌釆田
岩	山石
逗	辵豆
廢	广癶弓殳
賢	臣又貝
限	阝艮
帝	帝
昌	昌
模	木艸日大
磚	石專
扁	戶冊
舒	舍予
嫌	女兼
陶	阝勹缶
苗	艸田
剪	䒑月刀刀
羽	羽羽
哩	口里
稿	禾京口
棟	木東
邦	丰阝
撿	扌亼口口从
玲	王令
驚	艸勹口攴馬
坑	土亢
備	人𤰇
撥	扌癶弓殳
袋	人弋衣
趁	走人彡
妖	女丿大
甩	用乚
錦	金白巾
溼	水一幺幺土
琳	王木木
乙	乙
伴	人半
淺	水戔
尊	八酉寸
顏	文厂彡頁
匯	匚水隹
熬	敖火
吊	口巾
霜	雨木目
沿	水公
伯	人白
盜	水欠皿
浩	水牛口
剩	禾北刀
域	土戈口一
祖	示且
肺	月巿
附	阝人寸
制	牛巾刀
玄	亠幺
置	四直
豪	京豕
恆	心二月
助	且力
濤	水士㇕工一口寸
幽	幺幺山
欣	斤欠
豐	丰丰山豆
辣	辛束
煤	火甘木
戀	䜌心
圍	圍㐄口㐄
瓜	瓜
諸	言者
俾	人卑
慧	丰丰彐心
墨	黑土
鮮	魚羊
鏡	金立日儿
娶	耳又女
蝦	虫叚
犬	犬
鵬	朋鳥
誠	言成
賀	力口貝
險	阝亼口口从
飾	食𠂉巾
撐	扌尚牙
炎	火火
震	雨辰
鋒	金夂丰
遂	辵八豕
斌	文戈止
軒	車干
控	扌穴工
殼	士冂一几殳
擋	扌尚田
覆	西行𠂉日夂
趟	走尚
禁	木木示
烤	火耂丂
盃	不皿
童	立田土
蟲	三虫
徵	行山一王攴
靚	青見
杯	木不
暨	艮旡日一
晴	日青
魂	云鬼
益	水皿
庭	广廴千土
肝	月干
濃	水曲辰
坊	土方
晨	日辰
紀	糸己
振	扌辰
塵	鹿土
割	宀丰口刀
敗	貝攴
消	水小月
兆	兆
楓	木風
隆	阝夂一生
撤	扌了月攴
粥	弓米弓
馨	士尸殳香
誤	言吳
滑	水骨
噠	口辵土羊
曼	日四又
暖	日爪二丿又
滬	水戶口巴
己	己
止	止
柱	木主
塗	水余土
妻	一尹女
灣	水䜌弓
盾	盾
奔	奔
潤	水門王
政	正攴
爹	父多
尹	尹
廖	广羽人彡
刺	朿刀
冠	冃兀寸
躺	身尚
舍	舍
鑫	三金
蓮	艸辵車
售	隹口
獸	口口田一口犬
婚	女氏日
攝	扌三耳
醫	匚矢殳酉
閣	門夂口
妞	女丑
邱	丘阝
兔	象儿丶
敬	艸勹口攴
潮	水十日十月
昂	日匕卩
飽	食勹巳
咳	口亥
邪	牙阝
促	人足
鼠	臼釆
葛	艸日勹亡
串	中中
桑	三又木
續	糸士四貝
苑	艸夕卩
迎	辵匕卩
弓	弓
碎	石卒
余	余
承	㇕水三
迪	辵由
膠	月羽人彡
烏	烏
牠	牛也
臣	臣
勤	堇力
摔	扌亠幺⺍十
撈	扌火火冂扌力
蒸	艸㇕水一火
凌	冫土八夂
辛	辛
旗	㫃其
妙	女少
始	女厶口
符	竹人寸
倫	人亼冊
鋁	金呂
亭	京丁
吼	口子乚
云	云
研	石一廾
咪	口米
俗	人谷
爺	父耳阝
啓	戶攴口
霧	雨矛夂力
珍	王人彡
卓	卜日十
韋	㐄口㐄
歡	艸口口隹欠
嗨	口水每
積	禾丰貝
擡	扌士口冂至
捧	扌廾扌
鳴	口鳥
舔	舌天心
贊	先先貝
喃	口十冂半
簡	竹門日
豔	丰丰山豆去皿
愈	亼月刀心
溪	水爪幺大
罰	四言刀
歪	不正
晃	日光
斜	余斗
預	予頁
鄒	勹屮勹屮阝
崗	山网山
尤	𠂇
洲	水⺍巛
乎	爪丁
湘	水木目
罷	四厶月比
軸	車由
妳	女尔
翔	羊羽
異	田艸廾
隱	阝爪工彐心
枝	木十又
逸	辵象儿丶
哄	口艸廾
餐	歹又食
顆	果頁
鴨	甲鳥
染	水九木
餅	食并
粘	米卜口
藝	艸土八土丮云
炮	火勹巳
桌	卜日木
芬	艸分
鴻	水工鳥
攜	扌山隹内口
腎	臣又月
撲	扌业大
萍	艸水干八
晶	三日
勾	勹厶
戒	戈廾
桂	木土土
朗	良月
堵	土者
矣	厶矢
捐	扌口月
彎	䜌弓
薑	艸三田田
荷	艸人丁口
畝	亠田𠂊丶
棉	木白巾
私	禾厶
擊	車凵殳手
姜	羊女
貸	人弋貝
嗲	口父多
傾	人匕頁
鼓	十豆十又
霞	雨叚
瞧	目隹火
皇	白王
企	人止
互	互
沉	水冂几
箭	竹䒑月刀
柏	木白
騰	朕馬
焦	隹火
憋	巾⺍攴心
潔	水丰刀糸
盟	日月皿
延	廴丿止
柔	矛木
資	冫欠貝
粒	米立
嶺	山令頁
盆	分皿
檢	木亼口口从
護	言艸隹又
眉	眉
傘	傘
碧	王白石
籍	竹耒廿日
燙	水昜火
瑪	王馬
刮	舌刀
勿	勿
坤	土申
汁	水十
冊	冊
銘	金夕口
浴	水谷
翼	羽田艸廾
哲	扌斤口
涵	水了⺍凵
鈣	金一亡
菌	艸圍禾
敵	帝口攴
桶	木甬
抹	扌末
判	半刀
寵	宀龍
紋	糸文
弟	八弓丨丿
傅	人甫寸
衰	衣冄
譯	言四幸
柯	木丁口
叔	上小又
肩	戶月
殿	尸艸廾殳
番	釆田
驢	馬虎田皿
怡	心厶口
旭	九日
訪	言方
勢	土八土丮力
蒐	艸鬼
航	舟亢
妮	女尸匕
萊	艸來
坡	土皮
兇	乂凵儿
旅	㫃从
鷹	广人隹鳥
赤	赤
技	扌十又
韻	立日口貝
摘	扌帝口
翠	羽卒
邁	辵萬
孝	耂子
移	禾多
搖	扌肉缶
畢	畢
予	予
岳	丘山
屎	尸米
融	鬲虫
棋	木其
勞	火火冂力
採	扌爪木
鈕	金丑
扶	扌夫
介	介
渡	水广廿又
芯	艸心
奪	大隹寸
采	爪木
乳	爪子乚
拳	龹手
浜	水斤廾
齣	齒勹口
錫	金日勿
薇	艸行山一几攴
淫	水爪壬
拽	扌申丿
職	耳立日戈
宅	宀丿七
掌	尚手
培	土立口
莉	艸禾刀
損	扌口貝
櫃	木匚中一貝
盼	目分
握	扌尸至
謀	言甘木
廟	广十日十月
截	十戈隹
酶	酉每
孤	子瓜
壯	爿士
邵	刀口阝
墊	幸丮土
規	夫見
頗	皮頁
什	人十
宣	宀二日
妍	女一廾
尖	小大
討	言寸
醋	酉廿日
朵	几木
膽	月𠂊厂八言
穆	禾白小彡
姬	女臣
龜	龜
啃	口止月
漸	水車斤
耗	耒毛
息	自心
伍	人五
塘	土广尹口
壽	士㇕工一口寸
逢	辵夂丰
闖	門馬
晉	晉
桃	木兆
壁	尸口辛土
霍	雨隹
爐	火虎田皿
漆	水木人水
暫	車斤日
虹	虫工
丸	丮
券	龹刀
獃	山豆犬
辭	爪龴冂厶又辛
縫	糸辵夂丰
俱	人目廾
菊	艸勹米
奴	女又
岸	山厂干
凝	冫匕矢龴疋
膩	月弋二貝
芝	艸之
兮	八丂
脈	月𠂆从
嚐	口尚旨
烈	歹刀火
矮	矢禾女
貪	今貝
婆	水皮女
俞	亼月刀
蝶	虫世木
誇	言大一丂
枕	木冂儿
毀	臼土殳
避	辵尸口辛
郝	赤阝
帕	巾白
綁	糸丰阝
悅	心公儿
浮	水爪子
盈	乃又皿
枚	木攴
材	木才
賞	尚貝
扎	扌乚
翁	公羽
幻	幺㇕
衫	衤彡
杆	木干
固	圍古
耀	光羽隹
槽	木一曲日
穴	穴
獻	虎鬲犬
幅	巾畐
審	宀釆田
斬	車斤
伸	人申
悲	非心
殷	身殳
茲	艸幺幺
穎	匕禾頁
萌	艸日月
斑	王文王
澡	水三口木
牽	亠幺冂牛
屈	尸出
娟	女口月
怨	夕卩心
癢	疒羊食
恐	工凡心
凍	冫東
複	衤𠂉日夂
柴	止匕木
逆	辵屰
僞	人爲
騷	馬又丶虫
渣	水木日一
熙	臣巳火
抖	扌斗
忽	勿心
津	水尹二
胎	月厶口
糧	米日一里
濟	水齊
參	三厶人彡
譜	言並日
准	冫隹
褲	衤广車
紮	木乚糸
摩	麻手
縮	糸宀人百
漫	水日四又
溜	水卯田
彥	文厂彡
棄	了廿木
扇	戶羽
婷	女京丁
菸	艸於
脣	辰月
憂	頁心夂
堡	人口木土
淘	水勹缶
墓	艸日大土
鹿	鹿
攢	扌先先貝
嬌	女丿大口冂口
遞	辵𠂆虎
彬	木木彡
蹭	足曾
卿	卩艮卩
琪	王其
鶴	冂隹鳥
函	了⺍凵
確	石冂隹
郡	尹口阝
奈	大示
茂	艸戊
緩	糸爪二丿又
協	十三力
瓊	王𠂊内目夂
髒	骨艸歹匕廾
債	人丰貝
肌	月几
薰	艸千四土火
映	日冂大
粵	宀釆一丂
鼻	鼻
泵	石水
銷	金小月
育	了月
澳	水宀米大
陞	阝升土
候	人丨龴矢
堅	臣又土
种	禾中
邀	辵白方攴
閉	門才
妝	爿女
噻	口宀甘八土
佩	人凡巾
決	水夬
適	辵帝口
策	竹朿
藤	艸朕水
仿	人方
磊	三石
雁	厂人隹
俠	人大从
腸	月昜
窄	穴乍
昨	日乍
倪	人臼儿
務	矛夂力
雯	雨文
戈	戈
爪	爪
癌	疒三口山
效	文八攴
拷	扌耂丂
猴	犬人龴矢
掏	扌勹缶
汝	水女
撮	扌日耳又
幸	幸
揉	扌矛木
醬	爿肉寸酉
舟	舟
訴	言斥
態	厶月比心
盯	目丁
繡	糸尹𣶒
蜜	宀必虫
漂	水西示
序	广予
巷	艸廾巳
梨	禾刀木
舌	舌
蒂	艸帝
腹	月𠂉日夂
蟹	角刀牛虫
陷	阝𠂊臼
捉	扌足
蒼	艸倉
鵝	我鳥
疑	匕矢龴疋
鼎	鼎
釣	金勺
慌	心艸亡巛
蔥	艸囪心
瘤	疒卯田
彼	行皮
辰	辰
執	幸丮
忌	己心
踏	足水日
龔	龍艸廾
捷	扌一彐止
罐	缶艸口口隹
腫	月千田土
縱	糸行从止
伏	人犬
壇	土亠回日一
觸	角四勹虫
默	黑犬
懸	目木丿糸心
赫	赤赤
瑩	火火冂王
杰	木火
孩	子亥
咖	口力口
幀	巾卜貝
悟	心五口
頻	步頁
灑	水麗
燉	火京子攴
帽	巾冃目
幼	幺力
旋	㫃疋
擁	扌亠阝隹
聶	三耳
猶	犬八酉
壹	士冂豆
霸	雨革月
席	广廿巾
叉	又丶
繫	車凵殳糸
妃	女己
擔	扌𠂊厂八言
典	冊廾
贈	貝曾
儒	人雨而
裸	衤果
奉	廾扌
叻	口力
御	行午止卩
腔	月穴工
突	穴犬
刑	一廾刀
痕	疒艮
賓	宀一㐄貝
纔	糸象比象儿丶
午	午
攤	扌堇隹
蕾	艸雨田
頸	巠頁
臟	月艸戈爿臣
宰	宀辛
囊	一中冂口口甘衤
賬	貝長
弘	弓厶
境	土立日儿
拒	扌巨
毅	立豕殳
煎	䒑月刀火
弦	弓亠幺
渝	水亼月刀
罩	四卜日十
蓉	艸穴公
憶	心立日心
卵	卯冫
遷	辵西大巳
尺	尺
禍	示咼
逾	辵亼月刀
垂	垂
潛	水旡旡日
郵	垂阝
惜	心廿日
浦	水甫
警	艸勹口攴言
扛	扌工
氧	气羊
揭	扌日勹亡
逐	辵豕
謂	言田月
昭	日刀口
宿	宀人百
統	糸了儿
裂	歹刀衣
僧	人曾
慣	心貫
裙	衤尹口
彪	虎彡
淋	水木木
束	束
牢	宀牛
齋	齊示
揍	扌廾天
仕	人士
鉤	金勹口
劫	去力
拓	扌石
扮	扌分
疊	三田冂且
鋅	金辛
喻	口亼月刀
律	行尹二
株	木朱
砂	石少
埃	土厶矢
斗	斗
坪	土干八
揮	扌冂車
箇	竹圍古
仇	人九
吞	天口
亡	亡
沾	水卜口
遙	辵肉缶
壺	士冂亞
牧	牛攴
霖	雨木木
兜	白卯儿
寨	宀甘八木
掐	扌𠂊臼
監	監
稀	禾乂𠂇巾
恰	心亼口
牴	牛氏丶
棍	木日比
啵	口水皮
朕	朕
淑	水上小又
饒	食堯
慕	艸日大心
歇	日勹亡欠
疏	疋了巛
膏	京口月
陵	阝土八夂
壩	土雨革月
纏	糸广里八土
鹹	鹵戌口
姆	女母
聰	耳囪心
捱	扌厂土土
碳	石山𠂇火
銳	金公儿
驗	馬亼口口从
齒	齒
廷	廴千土
糊	米古月
翹	堯羽
儲	人言者
楠	木十冂半
顛	真頁
蚊	虫文
祭	肉又示
龐	广龍
嘞	口革力
拾	扌亼口
裴	非衣
朋	朋
媚	女眉
芸	艸云
吟	口今
筒	竹同
丘	丘
責	丰貝
趴	足八
堯	堯
繁	每攴糸
坦	土日一
穗	禾專心
紗	糸少
屯	屯
虐	虎爪
蹲	足八酉寸
紹	糸刀口
惟	心隹
幕	艸日大巾
澆	水堯
扒	扌八
搓	扌羊工
遮	辵广廿火
庚	广彐人
哉	十戈口
涉	水步
忒	弋心
賦	貝戈止
臂	尸口辛月
樁	木廾臼
敷	甫方攴
禪	示口口甲一
佬	人耂
瑤	王肉缶
習	羽白
臥	臣人
釘	金丁
阮	阝一兀
丙	丙
歷	厂禾禾止
躍	足羽隹
署	四者
範	竹車卩
示	示
邢	一廾阝
擰	扌宀心皿丁
莎	艸水少
糞	米田艸廾
嵐	山風
濱	水宀一㐄貝
夕	夕
苯	艸本
議	言羊我
趣	走耳又
渠	水巨木
閱	門公儿
繩	糸黽
杭	木亢
疾	疒矢
崇	山宀示
擴	扌广黃
傢	人宀豕
婦	女彐冂巾
涅	水日土
裕	衤谷
嘆	口堇
艦	舟監
挪	扌冄阝
荒	艸亡巛
貞	卜貝
筋	竹月力
孕	乃子
撕	扌其斤
鈴	金令
戳	羽隹戈
帆	巾凡
籌	竹士㇕工一口寸
奎	大土土
駕	力口馬
阻	阝且
享	京子
棚	木朋
傲	人敖
欽	金欠
蹦	足山朋
焊	火日干
召	刀口
徒	行走
脂	月旨
几	几
趨	走勹屮勹屮
艘	舟申又
喵	口艸田
競	立口儿立口儿
靖	立青
奏	廾天
咒	口口几
釋	釆四幸
盲	亡目
姿	冫欠女
炫	火亠幺
賜	貝日勿
湧	水甬力
潑	水癶弓殳
坎	土欠
琦	王大丁口
拌	扌半
樊	爻木木大
缸	缶工
弗	弓八
狐	犬瓜
漿	爿肉寸水
栽	十戈木
閻	門𠂊臼
攪	扌臼爻冂見
硅	石土土
述	辵术
籠	竹龍
泛	水丿之
甫	甫
佑	人𠂇口
鮑	魚勹巳
閥	門人戈
卦	土土卜
耿	耳火
咽	口圍大
倩	人青
袖	衤由
貧	分貝
糟	米一曲日
激	水白方攴
階	阝比白
珊	王冊
潭	水西日十
蠢	廾日虫虫
植	木直
占	卜口
嘯	口尹𣶒
徑	行巠
鉛	金公
屍	尸歹匕
倚	人大丁口
灘	水堇隹
姨	女大弓
災	巛火
幢	巾立田土
鈉	金内
暢	申昜
詠	言永
齡	齒令
焉	正烏
茹	艸女口
桐	木同
痰	疒火火
捂	扌五口
鄰	米舛阝
癡	疒匕矢龴疋
揀	扌柬
艙	舟倉
謙	言兼
万	一力
織	糸立日戈
蒲	艸水甫
芽	艸牙
佈	人布
驅	馬匚三口
昊	日天
轟	三車
攔	扌門柬
碑	石卑
嚼	口爪四艮寸
燃	火肉犬火
摟	扌婁
輔	車甫
暉	日冂車
朴	木卜
碩	石頁
煲	人口木火
杖	木一乂
謎	言辵米
磷	石米舛
竄	穴臼釆
脆	月𠂊厂卩
刃	刀丶
墜	阝八豕土
姑	女古
衡	行𠂊田大
皺	勹屮勹屮皮
繳	糸白方攴
擇	扌四幸
櫻	木貝貝女
鹼	鹵亼口口从
窯	穴羊火
措	扌廿日
眠	目民
途	辵余
鄂	口口一丂阝
捅	扌甬
叢	业耳又
禾	禾
磁	石䒑幺幺
錶	金表
沃	水丿大
屢	尸婁
辯	辛言辛
肚	月土
哀	衣口
浸	水彐冂又
柄	木丙
跪	足𠂊厂卩
攬	扌監見
輯	車口耳
瓷	冫欠瓦
澀	水刀丶刀丶止止
踹	足山而
凸	圍冂
瑜	王亼月刀
磅	石亠八冂方
豈	山豆
瀉	水宀臼烏
遼	辵一火日小
豎	臣又豆
宴	宀日女
堪	土甘匚八
擱	扌門夂口
麟	鹿米舛
祿	示彑
翟	羽隹
仗	人一乂
崩	山朋
醜	酉鬼
厲	厂萬
革	革
莪	艸我
憲	宀丰四心
遺	辵中一貝
聘	耳由丂
喚	口𠂊内大
閘	門甲
刊	干刀
裁	十戈衣
郁	𠂇月阝
逝	辵扌斤
際	阝肉又示
狄	犬火
誌	言士心
塌	土日羽
崖	山厂土土
廉	广兼
婉	女宀夕卩
攀	爻木木大手
獅	犬㠯一巾
喘	口山而
氫	气巠
氮	气火火
鞍	革宀女
竈	穴土黽
竇	穴士四貝
墳	土屮貝
巫	工从
虞	虎吳
沁	水心
瑟	王王必
揪	扌禾火
棵	木果
閆	門三
拐	扌另
築	竹工凡木
癮	疒阝爪工彐心
剝	彑刀
披	扌皮
削	小月刀
籃	竹監
悠	人丨攴心
睿	卜冂一八人目
甯	宀心用
凹	圍凵
葬	艸歹匕廾
咦	口大弓
瞪	目癶豆
詹	𠂊厂八言
侃	人口巛
授	扌爪冂又
卸	午止卩
頌	公頁
慈	䒑幺幺心
闊	門水舌
纖	糸从戈韭
棗	朿朿
瞄	目艸田
婭	女亞
駱	馬夂口
馳	馬也
鞭	革人一日乂
楞	木四方
兌	公儿
危	𠂊厂卩
襲	龍衣
泊	水白
喉	口人龴矢
溶	水穴公
撫	扌無
媛	女爪二丿又
拎	扌令
察	宀肉又示
駿	馬厶八夂
繪	糸會
黴	行山一黑攴
鈞	金勹冫
憐	心米舛
昆	日比
禹	禹
娥	女我
醇	酉京子
橙	木癶豆
辨	辛刀辛
暮	艸日大日
祕	示必
薪	艸立木斤
煥	火𠂊内大
巢	巛果
鉀	金甲
脾	月卑
淵	水𣶒
愚	禺心
蜀	四勹虫
裹	衣果
藕	艸耒禺
滕	朕水
劈	尸口辛刀
堤	土是
拱	扌艸廾
夸	大一丂
傍	人亠八冂方
燥	火三口木
綫	糸戔
漁	水魚
茜	艸西
允	厶儿
杏	木口
芒	艸亡
畔	田半
豹	豸勺
澄	水癶豆
冥	冂日宀
媒	女甘木
燦	火歹又米
酥	酉禾
垮	土大一丂
枯	木古
軌	車九
塑	屰月土
卜	卜
構	木甘冄
茅	艸矛
鉅	金巨
慾	谷欠心
搏	扌甫寸
鑄	金士㇕工一口寸
沐	水木
豫	予象
蒜	艸示示
淩	水土八夂
雀	小隹
鈦	金太
亨	京了
詳	言羊
腐	广人寸肉
皓	白牛口
央	冂大
氟	气弓八
冤	冂象儿丶
据	扌尸古
浙	水扌斤
瑋	王㐄口㐄
栓	木人王
梳	木了巛
冀	北田艸廾
叄	三厶人三
輩	非車
筱	竹人丨攴
冉	冄
餡	食𠂊臼
彤	丹彡
奕	亦大
卑	卑
誓	扌斤言
蜂	虫夂丰
勺	勺
迅	辵乙十
虫	虫
恥	耳心
匹	匚儿
曦	日羊禾戈丂
仰	人匕卩
煞	𠂊彐攴火
羞	羊丑
注	水主
嫂	女申又
瞳	目立田土
黛	人弋黑
妾	立女
拂	扌弓八
挨	扌厶矢
泄	水世
綱	糸网山
茨	艸冫欠
夷	大弓
慎	心真
汽	水气
婕	女一彐止
恭	艸廾心
弊	巾⺍攴廾
屌	尸口巾
摳	扌匚三口
貳	弋二貝
旦	日一
涂	水余
氯	气彑
祁	示阝
蠟	虫巛囟釆
乍	乍
孰	京子丮
耕	耒井
飆	三犬風
稻	禾爪臼
屠	尸者
綺	糸大丁口
荊	艸一廾刀
桿	木日干
笛	竹由
捕	扌甫
蕊	艸三心
喪	土口口衤
盪	水昜皿
氨	气宀女
愣	心四方
幺	幺
瀾	水門柬
悔	心每
敦	京子攴
葵	艸癶天
煒	火㐄口㐄
磕	石去皿
顫	亠回日一頁
閩	門虫
渴	水日勹亡
曝	日日艸廾水
閔	門文
撇	扌巾⺍攴
梗	木一日乂
絡	糸夂口
貫	貫
蔚	艸尸示寸
翅	十又羽
估	人古
鎂	金羊大
復	行𠂉日夂
瓣	辛瓜辛
濫	水監
況	水口儿
淮	水隹
陀	阝它
莖	艸巠
勳	千四土火力
惑	戈口一心
簾	竹广兼
巡	辵巛
墩	土京子攴
徽	行山一糸攴
謹	言堇
脹	月長
噓	口虎丘
瞞	目廿内内
娛	女吳
蓄	艸亠幺田
梓	木辛
匪	匚非
昕	日斤
濺	水貝戔
敘	余攴
鑑	金監
溢	水水皿
彌	弓爾
覓	爪見
寇	宀一兀攴
佟	人夂冫
獵	犬巛囟釆
滄	水倉
葷	艸冂車
蓬	艸辵夂丰
薦	艸鹿烏
硫	石了巛
俏	人小月
迫	辵白
貌	豸白儿
弔	丨弓
舜	爪冂舛
炳	火丙
茄	艸力口
頤	臣頁
訣	言夬
廚	广十豆寸
炭	山𠂇火
綿	糸白巾
搗	扌鳥山
萱	艸宀二日
岡	网山
挂	扌土土
掀	扌斤欠
誘	言禾乃
翰	十日十人羽
睜	目爪尹
撓	扌堯
掩	扌大申
蹬	足癶豆
泳	水永
玫	王攴
椅	木大丁口
鈺	金玉
遜	辵子丿糸
甄	西土瓦
侍	人土寸
抑	扌匕卩
啞	口亞
敖	敖
酮	酉同
毫	京毛
侵	人彐冂又
妥	爪女
覽	監見
概	木艮旡
貢	工貝
呦	口幺力
援	扌爪二丿又
昔	廿日
晾	日京
逮	辵尹⺍
卒	卒
鬆	長彡木公
捆	扌圍木
厭	厂日月犬
峽	山大从
彷	行方
寢	宀爿彐冂又
菱	艸土八夂
梯	木八弓丨丿
僑	人丿大口冂口
籽	米子
腕	月宀夕卩
挫	扌从土
膝	月木人水
嗦	口十冂糸
璇	王㫃疋
眨	目丿之
循	行盾
臀	尸艸廾殳月
矛	矛
努	女又力
黔	黑今
乏	丿之
魅	鬼未
徹	行了月攴
凶	乂凵
胺	月宀女
廈	广頁夂
掘	扌尸出
茗	艸夕口
絨	糸戈𠂇
璐	王足夂口
擾	扌頁心夂
襯	衤立木見
雌	止匕隹
旱	日干
掰	手分手
伽	人力口
蛙	虫土土
雕	用口隹
嬰	貝貝女
痣	疒士心
譽	臼牙廾言
跡	足亦
廂	广木目
汀	水丁
隋	阝𠂇工月
緒	糸者
蘊	艸糸圍人皿
勻	勹二
祛	示去
芙	艸夫
棲	木一尹女
刁	㇕一
瑛	王艸冂大
禽	亼一乂凵禸
腺	月白水
迦	辵力口
矯	矢丿大口冂口
欺	其欠
杉	木彡
党	尚儿
竅	穴白方攴
鑲	金衣口口甘
緯	糸㐄口㐄
曏	日阝良阝
繆	糸羽人彡
玖	王𠂊丶
肆	長尹二
悉	釆心
掂	扌广卜口
菁	艸青
鎳	金自木
冶	冫厶口
絆	糸半
嘔	口匚三口
遣	辵中一㠯
岑	山今
皖	白宀一兀
糕	米羊火
斐	非文
閤	門亼口
釀	酉衣口口甘
彙	彑冂果
址	土止
蘸	艸酉隹火
茵	艸圍大
簿	竹水甫寸
旬	勹日
丈	一乂
咸	戌口
呸	口不一
胤	儿幺月
摻	扌三厶人彡
蹤	足行从止
婁	婁
鎚	金辵㠯
桓	木二日
碘	石冊廾
瞅	目禾火
廊	广良阝
焰	火𠂊臼
壘	三田土
燁	火華
淳	水京子
畏	田衤
屑	尸小月
酯	酉旨
覃	西日十
嵌	山甘欠
販	貝反
泣	水立
嗆	口倉
眾	四从
袍	衤勹巳
菴	艸大申
僵	人三田田
饞	食象比象儿丶
沫	水末
滯	水帶
臻	至廾禾
眺	目兆
寂	宀上小又
醣	酉广尹口
晏	日宀女
秤	禾干八
嗚	口烏
蘿	艸四糸隹
誅	言朱
瑾	王堇
藻	艸水三口木
螺	虫田糸
錠	金宀正
診	言人彡
恤	心血
污	水一丂
涯	水厂土土
滋	水䒑幺幺
蘆	艸虎田皿
嗜	口耂日
貿	卯貝
療	疒一火日小
滲	水三厶人彡
瀝	水厂禾禾止
陡	阝走
栗	西木
筍	竹勹日
朔	屰月
淇	水其
捻	扌今心
勃	十冂子力
矩	矢巨
沽	水古
淤	水於
描	扌艸田
膚	虎田月
契	丰刀大
靳	革斤
祠	示司
陝	阝大人人
鞏	工凡革
峻	山厶八夂
稠	禾用口
爵	爪四艮寸
秉	禾彐
刨	勹巳刀
雍	亠阝隹
群	尹口羊
麵	來夂面
盞	戔皿
役	行殳
烙	火夂口
灾	宀火
强	弓口虫
痘	疒豆
髓	骨辵𠂇工月
嫣	女正烏
募	艸日大力
苟	艸勹口
析	木斤
篩	竹㠯一巾
魁	鬼斗
斥	斥
棕	木宀示
匡	匚王
倦	人龹卩
疆	弓土三田田
蔓	艸日四又
樺	木華
牟	厶牛
芷	艸止
霆	雨廴千土
蠶	旡旡日虫虫
嘰	口幺幺戈人
靴	革化
慮	虎田心
眸	目厶牛
烟	火圍大
惱	心巛囟
巾	巾
殊	歹朱
叮	口丁
晟	日成
艇	舟廴千土
熔	火穴公
裘	求衣
芹	艸斤
儘	人尹一火皿
寡	宀頁刀
擲	扌八酉大阝
蔔	艸勹畐
硪	石我
迥	辵冂口
巖	山口口厂敢
瞬	目爪冂舛
邑	口巴
〇	口
鉻	金夂口
榕	木穴公
庸	广尹用
渾	水冂車
棠	尚木
仨	人三
祺	示其
紡	糸方
蝕	食虫
窺	穴夫見
埠	土㠯十
酚	酉分
奮	大隹田
剎	乂术刀
濁	水四勹虫
茬	艸才土
濾	水虎田心
珂	王丁口
嗅	口自犬
簫	竹尹𣶒
佰	人百
滇	水真
寅	寅
婧	女青
姦	三女
梵	木木凡
蛾	虫我
慰	尸示寸心
履	尸行𠂉日夂
駛	馬口乂
宛	宀夕卩
襪	衤艸四戈人
嫖	女西示
綸	糸亼冊
礙	石匕矢龴疋
肽	月太
獄	犬言犬
闢	門尸口辛
歎	堇欠
蟬	虫口口甲一
涮	水尸巾刀
督	上小又目
衍	行水
違	辵㐄口㐄
絞	糸文八
廿	廿
摁	扌圍大心
劣	少力
銜	行金
祈	示斤
搵	扌圍人皿
尅	克寸
貶	貝丿之
魄	白鬼
崽	山田心
斧	父斤
裔	衣内口
湛	水甘匚八
琛	王冂八木
淌	水尚
簇	竹㫃矢
償	人尚貝
沛	水巿
澗	水門日
殤	歹𠂉昜
掠	扌京
崎	山大丁口
贛	立日十夂工貝
蕩	艸水昜
菇	艸女古
砌	石七刀
眯	目米
闌	門柬
嬲	田力女田力
辱	辰寸
匠	匚斤
肘	月寸
淹	水大申
洽	水亼口
溟	水冂日宀
諗	言今心
究	穴九
慼	戌卜小心
矢	矢
蟻	虫羊我
澈	水了月攴
葦	艸㐄口㐄
瞥	巾⺍攴目
崑	山日比
墮	阝𠂇工月土
輓	車象儿
鴿	亼口鳥
錘	金垂
懼	心目目隹
坨	土它
椰	木耳阝
梢	木小月
嘟	口者阝
瀟	水艸尹𣶒
障	阝立日十
霄	雨小月
疇	田士㇕工一口寸
揣	扌山而
槐	木鬼
粟	西米
唆	口厶八夂
誦	言甬
綜	糸宀示
詢	言勹日
劃	尹二田一刀
札	木乚
駁	馬爻
拴	扌人王
攏	扌龍
聳	行从止耳
燭	火四勹虫
襖	衤宀米大
臘	月巛囟釆
吏	一口乂
堰	土匚日女
棺	木宀㠯
腥	月日生
胞	月勹巳
羨	羊水欠
韶	立日刀口
阜	㠯十
剖	立口刀
羹	羊火羊大
剃	八弓丨丿刀
寓	宀禺
峪	山谷
煜	火日立
竊	穴釆卜内禸
撩	扌一火日小
扳	扌反
桔	木士口
轄	車宀丰口
臧	戈爿臣
喀	口宀夂口
妄	亡女
陌	阝百
弧	弓瓜
弩	女又弓
撰	扌巳巳艸廾
瞿	目目隹
卞	亠卜
蛤	虫亼口
襄	衣口口甘
肅	尹𣶒
擒	扌亼一乂凵禸
哨	口小月
鑿	业臼殳金
皂	白七
佘	人示
鋸	金尸古
汞	工水
芭	艸巴
膿	月曲辰
懿	士冂豆冫欠心
蔭	艸阝今云
椒	木上小又
戎	戈𠂇
肋	月力
翎	令羽
煌	火白王
錐	金隹
疤	疒巴
瀚	水十日十人羽
闕	門屰欠
絹	糸口月
僱	人戶隹
泓	水弓厶
昧	日未
柒	水七木
棧	木戔
硯	石見
錳	金子皿
旨	旨
鱗	魚米舛
巳	巳
辜	古辛
筐	竹匚王
膊	月甫寸
遵	辵八酉寸
摺	扌羽白
輥	車日比
嗒	口艸亼口
剁	几木刀
愧	心鬼
拙	扌出
彆	巾⺍攴弓
竿	竹干
鈔	金少
鏟	金立厂生
驛	馬四幸
鱉	巾⺍攴魚
稜	禾土八夂
憤	心屮貝
綽	糸卜日十
鶯	火火冂鳥
緻	糸至攴
圭	土土
塚	土冂豕
甸	勹田
衷	衣中
燜	火門心
脊	⺍人月
憨	敢心
搽	扌艸人木
捶	扌垂
勵	厂萬力
毓	每了巛
苔	艸厶口
鉗	金甘
鉢	金本
奸	女干
坂	土反
淼	三水
黏	禾人水卜口
縷	糸婁
甭	不用
瞟	目西示
舅	臼田力
錚	金𠂊尹
阪	阝反
恕	女口心
轎	車丿大口冂口
啼	口帝
繭	艸巾糸虫
鬱	缶木木冂鬯彡
曠	日广黃
睹	目者
禿	禾儿
諦	言帝
疲	疒皮
褪	衤辵艮
鞠	革勹米
釉	釆由
彰	立日十彡
綴	糸叕
軋	車乚
酬	酉⺍巛
橘	木矛内口
啪	口扌白
睛	目青
斂	亼口口从攴
遁	辵盾
晝	尹二日一
殲	歹从戈韭
樸	木业大
哆	口多
窟	穴尸出
鈍	金屯
垢	土𠂆口
愿	厂白小心
奚	爪幺大
誼	言宀且
緋	糸非
紛	糸分
褚	衤者
腮	月田心
枉	木王
旳	日勺
鍍	金广廿又
涓	水口月
嗟	口羊工
蠱	三虫皿
笙	竹生
沸	水弓八
妓	女十又
儉	人亼口口从
猿	犬土口衤
漠	水艸日大
撬	扌三毛
巍	山禾女鬼
鉑	金白
漾	水羊永
擎	艸勹口攴手
詐	言乍
絃	糸亠幺
靶	革巴
鴉	牙鳥
俐	人禾刀
胚	月不一
楷	木比白
侶	人呂
迭	辵失
詔	言刀口
嗣	口冊司
嵩	山京口
驕	馬丿大口冂口
蠅	虫黽
蹄	足帝
穫	禾艸隹又
潰	水中一貝
褐	衤日勹亡
丞	㇕水一
芮	艸内
梭	木厶八夂
瘡	疒倉
槓	木工貝
唷	口了月
曜	日羽隹
鯨	魚京
灝	水日京頁
鎊	金亠八冂方
畜	亠幺田
廬	广虎田皿
砼	石人工
粽	米宀示
韌	㐄口㐄刀丶
囉	口四糸隹
唑	口从土
鋰	金里
鸞	䜌鳥
鈾	金由
宵	宀小月
榆	木亼月刀
嚷	口衣口口甘
釵	金又丶
焱	三火
絮	女口糸
戊	戊
鄔	烏阝
剷	立厂生刀
罕	冂八干
欒	䜌木
糾	糸丩
駝	馬它
叩	口卩
箏	竹爪尹
俯	人广人寸
瀑	水日艸廾水
濕	水日幺幺火
肇	戶攴尹二
窪	穴水土土
毋	母
摞	扌田糸
暇	日叚
岐	山十又
睬	目爪木
郊	文八阝
璧	尸口辛玉
挾	扌大从
捎	扌小月
嶼	山臼牙廾
汶	水文
糸	糸
嘀	口帝口
斃	巾⺍攴歹匕
犁	禾刀牛
怔	心正
焚	木木火
恁	人壬心
鷗	匚三口鳥
癖	疒尸口辛
灼	火勺
孽	艸㠯辛子
岱	人弋山
麓	木木鹿
匙	是匕
嚎	口京豕
爻	爻
鏢	金西示
涇	水巠
珏	王玉
摧	扌山隹
械	木戈廾
乞	乞
卯	卯
凋	冫用口
蕙	艸專心
噗	口业大
硒	石西
嗔	口真
卟	口卜
筠	竹土勹冫
諧	言比白
咔	口上卜
喧	口宀二日
癲	疒真頁
汎	水凡
瓢	西示瓜
嚕	口魚日
裳	尚衣
釗	金刀
謊	言艸亡巛
晤	日五口
竭	立日勹亡
妨	女方
玻	王皮
聾	龍耳
宸	宀辰
擅	扌亠回日一
蔘	艸三厶人彡
諫	言柬
烹	京了火
卉	屮
綾	糸土八夂
括	扌舌
檐	木𠂊厂八言
漬	水丰貝
戟	十日十戈
韜	㐄口㐄爪臼
尸	尸
椎	木隹
恬	心舌
胥	疋月
檀	木亠回日一
坯	土不一
葡	艸勹甫
仄	厂人
噯	口爪冂心夂
溴	水自犬
縛	糸甫寸
姝	女朱
嬸	女宀釆田
塢	土烏
壙	土广黃
伙	人火
蠍	虫日勹亡欠
暱	日匚艸𠂇口
垣	土二日
拘	扌勹口
呱	口瓜
昱	日立
篤	竹馬
箍	竹扌匚巾
鳩	九鳥
噁	口亞心
躁	足三口木
噬	口竹工从
鎢	金烏
孚	爪子
穀	士冂一禾殳
玥	王月
蓓	艸人立口
蛆	虫且
囚	圍人
癱	疒堇隹
鞘	革小月
瀨	水束𠂊貝
滷	水鹵
匣	匚甲
鉬	金目
銹	金禾乃
凳	癶豆几
隙	阝小日小
娣	女八弓丨丿
驟	馬耳又从
莞	艸宀一兀
曆	厂禾禾日
躥	足穴臼釆
銨	金宀女
荃	艸人王
伶	人令
謠	言肉缶
璽	爾玉
拭	扌弋工
醃	酉大申
墅	里予土
釩	金凡
懵	心艸四冂目
苷	艸甘
碾	石尸廿衤
雋	隹弓
禧	示十豆口
囡	圍女
鷺	足夂口鳥
鵑	口月鳥
脅	三力月
榨	木穴乍
黯	黑立日
侖	亼冊
荼	艸余
苞	艸勹巳
戚	戌卜小
曄	日華
饃	食艸日大
頒	分頁
倘	人尚
怯	心去
淪	水亼冊
礁	石隹火
睏	目圍木
瞻	目𠂊厂八言
躬	身弓
餌	食耳
脖	月十冂子
襟	衤木木示
尉	尸示寸
絳	糸夂㐄
軼	車失
亥	亥
屄	尸穴
蘋	艸步頁
尐	小丶
肢	月十又
悄	心小月
紐	糸丑
閹	門大申
弋	弋
厘	厂里
貯	貝宀丁
僕	人业大
憎	心曾
禎	示卜貝
隴	阝龍
緬	糸面
頰	大从頁
砷	石申
糙	米辵牛口
炯	火冂口
莘	艸辛
盔	𠂇火皿
睦	目土八土
仟	人千
炕	火亢
渦	水咼
鬢	長彡宀一㐄貝
艷	丰丰山豆𠂊巴
荔	艸三力
嗷	口敖
盅	中皿
籲	竹龠頁
鯊	水少魚
藩	艸水釆田
楨	木卜貝
奢	大者
尬	尢介
趾	足止
贖	貝士四貝
瘀	疒於
悼	心卜日十
臍	月齊
抿	扌民
憾	心戌口心
愷	心山豆
孓	了丶
滌	水人丨夂木
浣	水宀一兀
兀	兀
蹟	足丰貝
囿	圍𠂇月
嶽	山犬言犬
稚	禾隹
褒	衣人口木
痔	疒土寸
烘	火艸廾
渭	水田月
嘻	口十豆口
錨	金艸田
鍛	金厂三殳
喏	口艸𠂇口
町	田丁
麒	鹿其
熄	火自心
烯	火乂𠂇巾
艮	艮
珉	王民
捋	扌爪寸
薯	艸四者
禦	行午止卩示
蕉	艸隹火
荀	艸勹日
逍	辵小月
冼	冫先
泪	水目
拗	扌幺力
檯	木士口冂至
轍	車了月攴
鵰	用口鳥
毯	毛火火
鐸	金四幸
邸	氏丶阝
柵	木冊
炙	肉火
倭	人禾女
翊	立羽
熾	火立日戈
馱	馬大
莽	艸犬廾
笠	竹立
勉	象儿力
亢	亢
羌	羊儿
璋	王立日十
毆	匚三口殳
咚	口夂冫
癟	疒自亼冊
槳	爿肉寸木
恪	心夂口
涌	水甬
妒	女戶
醯	酉了巛皿
圩	土丁一
噹	口尚田
暑	日者
軀	身匚三口
鈷	金古
疫	疒殳
歉	兼欠
汐	水夕
績	糸丰貝
樟	木立日十
峩	山我
錒	金阝丁口
豁	宀丰口谷
窖	穴牛口
脉	月永
启	戶口
驥	馬北田艸廾
扭	扌丑
胰	月大弓
梟	鳥木
泗	水四
邇	辵爾
啟	戶口攴
帘	穴巾
隅	阝禺
葆	艸人口木
岔	分山
歆	立日欠
禰	示爾
弛	弓也
秘	禾必
渚	水者
纜	糸監見
枴	木另
畀	田几
鑼	金四糸隹
廁	广貝刀
撼	扌戌口心
雛	勹屮勹屮隹
痞	疒不口
瘟	疒日皿
樽	木八酉寸
崢	山爪尹
颳	風舌
澇	水火火冂力
歧	止十又
椿	木廾日
确	石角
咀	口且
箋	竹戔
价	人介
寮	宀一火日小
緹	糸是
繃	糸山朋
蒿	艸京口
醛	酉艸人王
肏	人肉
譟	言三口木
悍	心日干
嬋	女口口甲一
駭	馬亥
碁	其石
硼	石朋
啤	口卑
壬	壬
鄺	广黃阝
叛	半反
浚	水厶八夂
獒	敖犬
捌	扌另刀
霽	雨齊
嘮	口火火冂力
鎘	金鬲
勘	甘匚八力
剌	束刀
樵	木隹火
啄	口豕
倡	人昌
肛	月工
糜	麻米
漪	水犬大丁口
迴	辵回
駒	馬勹口
瑕	王叚
蔽	艸巾⺍攴
鐳	金雨田
糯	米雨而
茫	艸水亡
噎	口士冂豆
飼	食司
狹	犬大从
凰	凡白王
溺	水弓冫弓冫
寰	宀四一口衤
璞	王业大
霓	雨臼儿
醚	酉辵米
硝	石小月
囤	圍屯
吭	口亢
靡	麻非
厥	厂屰欠
凜	冫亠回禾
跺	足几木
沓	水日
忻	心斤
遛	辵卯田
萃	艸卒
氈	亠回日一毛
埔	土甫
扼	扌厂卩
吱	口十又
竺	竹二
綢	糸用口
霏	雨非
蛟	虫文八
圃	圍甫
晗	日今口
鉉	金亠幺
鋤	金且力
誕	言廴丿止
泠	水令
瘸	疒力口肉
琢	王豕
酉	酉
棘	朿朿
蚌	虫丰
虜	虎田力
吋	口寸
夥	果多
譁	言華
辮	辛糸辛
疣	疒𠂇
恍	心光
貽	貝厶口
糠	米广尹⺍
渺	水目少
洙	水朱
瀛	水贏女
祀	示巳
瓏	王龍
琅	王良
攥	扌竹目大糸
苛	艸丁口
苓	艸令
丕	不一
唬	口虎
夭	丿大
腌	月大申
姍	女冊
橡	木象
嗄	口頁夂
眩	目亠幺
弈	亦廾
珞	王夂口
拈	扌卜口
茸	艸耳
倔	人尸出
諜	言世木
喆	士口士口
艱	堇艮
貂	豸刀口
諒	言京
丰	丰
耙	耒巴
跋	足犬㇕
踱	足广廿又
叭	口八
恢	心𠂇火
彝	彑米糸廾
綰	糸宀㠯
扽	扌屯
磯	石幺幺戈人
旌	㫃生
濮	水人业大
孜	子攴
琨	王日比
琰	王火火
踐	足戔
舵	舟它
廝	广其斤
寐	宀爿未
璃	王亠乂凵禸
荻	艸犬火
孬	不女子
懈	心角刀牛
漕	水一曲日
磐	舟殳石
宦	宀臣
撅	扌厂屰欠
櫟	木白幺幺木
罡	四正
漱	水束欠
櫥	木广十豆寸
諱	言㐄口㐄
庶	广廿火
癬	疒魚羊
馭	馬又
掄	扌亼冊
釜	父王八
焯	火卜日十
熵	火亠八内口
騫	宀甘八馬
釐	未攴厂里
挎	扌大一丂
茉	艸末
隸	木示尹⺍
匾	匚戶冊
筑	竹工凡
膳	月善
濡	水雨而
蕪	艸無
鎬	金京口
痹	疒田几
恃	心土寸
淞	水木公
頹	禾儿頁
鋇	金貝
舀	爪臼
閑	門木
搔	扌又丶虫
矇	目艸冃豕
縈	火火冂糸
嬪	女宀一㐄貝
梧	木五口
匝	匚巾
哌	口𠂆从
羈	四革馬
屹	山乞
侑	人𠂇月
頃	匕頁
鯉	魚里
灸	𠂊丶火
甦	一日乂生
熹	十豆口火
鵲	廿日鳥
鑰	金龠
焙	火立口
蹈	足爪臼
牡	牛土
秧	禾冂大
飢	食几
狸	犬里
訶	言丁口
訥	言内
沼	水刀口
襠	衤尚田
夯	大力
毗	田比
慫	行从止心
懲	行山一王攴心
炬	火巨
逞	辵口王
曖	日爪冂心夂
簧	竹黃
脲	月尸水
鰭	魚耂日
窘	穴尹口
赦	赤攴
蔫	艸正烏
柚	木由
煨	火田衤
溯	水屰月
宙	宀由
薹	艸士口冂至
斟	甘匚八斗
柑	木甘
匿	匚艸𠂇口
剔	日勿刀
崴	山戌女
胯	月大一丂
眷	龹目
癸	癶天
緞	糸厂三殳
馴	馬巛
蟎	虫廿内内
顱	虎田皿頁
嘲	口十日十月
噤	口木木示
弒	乂术弋工
諭	言亼月刀
謬	言羽人彡
甕	亠阝隹瓦
噩	王四口
鬚	長彡彡頁
蟒	虫艸犬廾
偵	人卜貝
鎧	金山豆
攆	扌夫夫車
巔	山真頁
燮	言火火又
汲	水及
筷	竹心夬
輿	臼車廾
侄	人至
詭	言𠂊厂卩
滔	水爪臼
銑	金先
姣	女文八
丐	一亡
檸	木宀心皿丁
硃	石朱
戌	戌
敝	巾⺍攴
壟	龍土
諮	言冫欠口
疹	疒人彡
炊	火欠
涕	水八弓丨丿
瑣	王小貝
摹	艸日大手
樞	木匚三口
覈	西白方攴
杵	木午
棣	木尹⺍
羚	羊令
渤	水十冂子力
蝨	乙十虫虫
墟	土虎业
柿	木市
烷	火宀一兀
綏	糸爪女
薔	艸土从
蹙	戌卜小足
噪	口三口木
頑	一兀頁
璟	王日京
氖	气乃
攸	人丨攴
帛	白巾
膨	月十豆彡
涐	水我
甬	甬
琉	王了巛
抒	扌予
薊	艸魚刀
酌	酉勺
榭	木身寸
鐺	金尚田
爍	火白幺幺木
沅	水一兀
濠	水京豕
闇	門立日
嬉	女十豆口
殖	歹直
珀	王白
眶	目匚王
稼	禾宀豕
錛	金奔
咎	夂卜口
潞	水足夂口
絢	糸勹日
莓	艸每
嘈	口一曲日
馥	香𠂉日夂
皋	白大十
粹	米卒
瀅	水火火冂玉
祗	示氏丶
穢	禾止戌㐄
褂	衤土土卜
娼	女昌
鰲	敖魚
琱	王用口
鳶	弋鳥
叟	申又
墾	豸艮土
廓	广京子阝
弼	弓百弓
珈	王力口
旻	日文
翡	非羽
曳	申丿
偕	人比白
諶	言甘匚八
羲	羊禾戈丂
汾	水分
陂	阝皮
藺	艸門隹
軾	車弋工
蛹	虫甬
丿	丿
儷	人麗
僦	人京𠂇
郅	至阝
啖	口火火
籬	竹亠乂凵禸隹
豚	月豕
湄	水眉
熨	尸示寸火
犀	尸水牛
珺	王尹口
咂	口匚巾
釹	金女
糗	米自犬
摯	幸丮手
騏	馬其
吡	口比
冕	冃象儿
頜	亼口頁
褶	衤羽白
巿	巿
垛	土几木
髻	長彡士口
擂	扌雨田
芊	艸千
檬	木艸冃豕
砬	石立
咕	口古
嘶	口其斤
昀	日勹冫
卹	血卩
疝	疒山
尻	尸九
孑	了一
坳	土幺力
薈	艸會
槌	木辵㠯
吮	口厶儿
厂	厂
芋	艸丁一
萎	艸禾女
榻	木日羽
嗡	口公羽
漣	水辵車
妤	女予
墒	土亠八内口
瑄	王宀二日
隼	隹十
訟	言公
燬	火臼工殳
烴	火巠
巒	䜌山
吠	口犬
囑	口尸水四勹虫
幡	巾釆田
篷	竹辵夂丰
伢	人牙
仂	人力
沂	水斤
尕	乃小
聆	耳令
騁	馬由丂
嗑	口去皿
稟	亠回禾
漳	水立日十
沱	水它
卅	一巛
碌	石彑
偈	人日勹亡
蒽	艸圍大心
颱	風厶口
燴	火會
冪	冂艸日大巾
怠	厶口心
擄	扌虎田力
杠	木工
砰	石干八
鹵	鹵
曙	日四者
稽	禾𠂇旨
簪	竹旡旡日
偎	人田衤
潁	匕水頁
恙	羊心
敞	尚攴
徙	行止止
嬴	贏女
瘺	疒尸雨
祚	示乍
巽	巳巳艸廾
拇	扌母
兢	克克
踮	足广卜口
觴	角𠂉昜
汕	水山
纓	糸貝貝女
綻	糸宀正
亓	一几
磺	石黃
囂	四口頁
啜	口叕
氰	气青
羥	羊巠
螢	火火冂虫
闞	門敢
璉	王辵車
壑	歹谷又土
嗪	口廾禾
呤	口令
峨	山我
濂	水广兼
閨	門土土
姊	女𠂔
驪	馬麗
敕	束攴
嘖	口丰貝
瞼	目亼口口从
謁	言日勹亡
讒	言象比象儿丶
愉	心亼月刀
溥	水甫寸
緇	糸巛田
鄢	正烏阝
捨	扌舍
罔	网亡
衙	行五口
懇	豸艮心
厝	厂廿日
鄙	口十回阝
勛	口貝力
餃	食文八
錕	金日比
桀	舛木
痠	疒厶八夂
澎	水十豆彡
宥	宀𠂇月
聿	尹二
頡	士口頁
骸	骨亥
彿	行弓八
煽	火戶羽
澱	水尸艸廾殳
驍	馬堯
驊	馬華
檻	木監
隕	阝口貝
饋	食中一貝
餉	食宀口
鈥	金火
狙	犬且
惶	心白王
酣	酉甘
輒	車耳乚
杳	木日
顰	步頁卑
煦	日勹口火
鍔	金口口一丂
庇	广比
芥	艸介
苡	艸厶人
戍	戈人
蝗	虫白王
暄	日宀二日
鱷	魚王四口
床	广木
楽	白⺍木
泯	水民
衹	衤氏
陋	阝丙乚
戮	羽人彡戈
壤	土衣口口甘
墉	土广尹用
揖	扌口耳
攙	扌象比象儿丶
菡	艸了⺍凵
伎	人十又
脛	月巠
愕	心口口一丂
紳	糸申
呷	口甲
唧	口艮卩
朧	月龍
詣	言旨
烽	火夂丰
慨	心艮旡
菂	艸白勺
嘸	口無
乒	丘丿
朦	月艸冃豕
諡	言八丂皿
粱	水刀八米
宓	宀必
囗	圍
峙	山土寸
侗	人同
征	行正
鋯	金牛口
詰	言士口
淒	水一尹女
畦	田土土
骶	骨氏丶
膘	月西示
庾	广臼人
淬	水卒
掖	扌亠人夕丶
柬	柬
犢	牛士四貝
逵	辵土八土
悳	直心
秩	禾失
颯	立風
湜	水是
蕃	艸釆田
朽	木丂
塹	車斤土
杞	木己
蛛	虫朱
啡	口非
晦	日每
傈	人西木
佷	人艮
餿	食申又
昶	永日
痂	疒力口
扉	戶非
嫉	女疒矢
酈	麗阝
蓆	艸广廿巾
蕁	艸彐工口寸
鍼	金戌口
謨	言艸日大
广	广
垠	土艮
萘	艸大示
蜷	虫龹卩
嗤	口屮一虫
幌	巾日光
篆	竹彑豕
臼	臼
傭	人广尹用
鍺	金者
諷	言風
諳	言立日
慚	心車斤
怖	心布
灶	火土
宁	宀丁
裱	衤表
扈	戶口巴
嫡	女帝口
磬	士尸殳石
嗖	口申又
鍥	金丰刀大
哺	口甫
踝	足果
叱	口匕
婢	女卑
婿	女疋月
擀	扌十日十人干
挽	扌象儿
氾	水卩
歹	歹
矗	三直
叨	口刀
喙	口彑豕
晰	日木斤
晁	日兆
箐	竹青
鼬	臼釆由
閏	門王
辷	辵一
揩	扌比白
砣	石它
罈	缶西日十
氬	气亞
偃	人匚日女
濛	水艸冃豕
蝸	虫咼
銻	金八弓丨丿
氐	氏丶
迸	辵并
酪	酉夂口
嘜	口來夂
咿	口人尹
幔	巾日四又
戇	立日十夂工貝心
淖	水卜日十
渥	水尸至
瑰	王鬼
蔗	艸广廿火
嗓	口三又木
郜	牛口阝
籮	竹四糸隹
鉚	金卯
膛	月尚土
孢	子勹巳
黒	黑
幟	巾立日戈
涔	水山今
嬡	女爪冂心夂
饗	阝良阝食
瓚	王先先貝
蛻	虫公儿
浠	水乂𠂇巾
汛	水乙十
剿	巛果刀
菿	艸至刀
噌	口曾
円	冂亠
掣	牛巾刀手
娑	水少女
蔬	艸疋了巛
枷	木力口
啉	口木木
俑	人甬
腋	月亠人夕丶
癒	疒亼月刀心
憫	心門文
灞	水雨革月
吆	口幺
憊	人𤰇心
舫	舟方
瀏	水卯金刀
羿	羽廾
為	爲
璜	王黃
拄	扌主
郴	木木阝
蟾	虫𠂊厂八言
腚	月宀正
誡	言戈廾
吝	文口
沏	水七刀
渙	水𠂊内大
穹	穴弓
媞	女是
嘌	口西示
岫	山由
筵	竹廴丿止
裊	鳥衣
矜	矛今
掬	扌勹米
皿	皿
纂	竹目大糸
徊	行回
鰓	魚田心
誨	言每
焗	火尸㇕口
鬍	長彡古月
撂	扌田夂口
覷	虎业見
嗽	口束欠
曇	日雨云
悖	心十冂子
耘	耒云
蜃	辰虫
郢	口王阝
罘	四不
鍘	金貝刀
銓	金人王
鏽	金尹𣶒
雒	夂口隹
勐	子皿力
鑾	䜌金
蔻	艸宀一兀攴
榴	木卯田
蹺	足堯
伺	人司
尒	人小
饑	食幺幺戈人
諞	言戶冊
瀦	水豕者
胜	月生
芣	艸不
榛	木廾禾
弌	弋一
簍	竹婁
筏	竹人戈
銬	金耂丂
奐	𠂊内大
癩	疒束𠂊貝
淅	水木斤
澹	水𠂊厂八言
禱	示士㇕工一口寸
辟	尸口辛
姥	女耂
欖	木監見
嗝	口鬲
譏	言幺幺戈人
粕	米白
燊	三火木
甾	巛田
坷	土丁口
莢	艸大从
靄	雨言日勹亡
顎	口口一丂頁
嶄	山車斤
髖	骨宀艸見丶
仆	人卜
佚	人失
脯	月甫
痢	疒禾刀
煸	火戶冊
灃	水丰丰山豆
汰	水太
濯	水羽隹
萼	艸口口一丂
楔	木丰刀大
軻	車丁口
輻	車畐
呲	口止匕
唰	口尸巾刀
疃	田立田土
煊	火宀二日
淶	水來
亍	一丁
圳	土巛
煉	火柬
洵	水勹日
犟	弓口虫牛
顳	三耳頁
槎	木羊工
甌	匚三口瓦
峭	山小月
気	气乂
猥	犬田衤
惺	心日生
締	糸帝
楣	木眉
嘩	口華
僚	人一火日小
忿	分心
孵	卯冫爪子
紊	文糸
罄	士尸殳缶
髯	長彡冄
贅	敖貝
捺	扌大示
懋	木矛木心
魘	厂日月犬鬼
齲	齒禹
帷	巾隹
嶸	山火火冂木
雉	矢隹
舸	舟丁口
膈	月鬲
洩	水申丿
寞	宀艸日大
蹇	宀甘八足
櫓	木魚日
蚜	虫牙
畸	田大丁口
箕	竹其
匆	囪
壕	土京豕
撣	扌口口甲一
堇	堇
蕞	艸日耳又
涎	水廴丿止
渲	水宀二日
寳	宀王尔貝
闋	門癶天
耽	耳冂儿
菅	艸宀㠯
仝	人工
猩	犬日生
詮	言人王
疵	疒止匕
瀧	水龍
遐	辵叚
袂	衤夬
霾	雨豸里
虔	虎文
蹴	足京𠂇
鉸	金文八
舶	舟白
斕	文門柬
謐	言必皿
燎	火一火日小
熠	火羽白
闔	門去皿
殃	歹冂大
軫	車人彡
噼	口尸口辛
遏	辵日勹亡
銼	金从土
舛	舛
匕	匕
謔	言虎爪
隘	阝水皿
殑	歹克
騾	馬田糸
檜	木會
囝	圍子
喈	口比白
稈	禾日干
澍	水十豆寸
珩	王行
欏	木四糸隹
畈	田反
鵠	牛口鳥
衢	行目目隹
譴	言辵中一㠯
泌	水必
宕	宀石
邈	辵豸白儿
苄	艸亠卜
菀	艸宀夕卩
礬	爻木木大石
岷	山民
贍	貝𠂊厂八言
俘	人爪子
衾	今衣
衕	行同
鈀	金巴
狩	犬宀寸
襬	衤四厶月比
蠡	彑豕虫虫
邰	厶口阝
殆	歹厶口
鬃	長彡宀示
啶	口宀正
晌	日宀口
睫	目一彐止
飭	食𠂉力
鈿	金田
獾	犬艸口口隹
鯤	魚日比
琍	王禾刀
捍	扌日干
芾	艸巿
彧	弋口一彡
蝠	虫畐
嘣	口山朋
岢	山丁口
鑣	金鹿火
鷲	京𠂇鳥
訛	言化
詡	言羽
潯	水彐工口寸
靛	青宀正
莆	艸甫
礪	石厂萬
氦	气亥
佯	人羊
膀	月亠八冂方
瀆	水士四貝
緗	糸木目
姻	女圍大
繽	糸宀一㐄貝
葭	艸叚
鑒	監金
贓	貝戈爿臣
徳	行十四心
関	門䒑大
耆	耂日
捫	扌門
拚	扌厶廾
籤	竹从戈韭
夙	凡夕
腑	月广人寸
謾	言日四又
蟄	幸丮虫
樾	木走戉
咣	口光
噙	口亼一乂凵禸
猝	犬卒
訖	言乞
熒	火火冂火
潼	水立田土
窒	穴至
翌	羽立
奼	女丿七
夔	八頁止巳夂
髂	骨宀夂口
熏	千四土火
刈	乂刀
鉭	金日一
鍬	金禾火
舷	舟亠幺
肟	月一丂
鱔	魚善
誑	言犬王
氓	亡民
豢	龹豕
忱	心冂儿
洧	水𠂇月
雇	戶隹
閭	門呂
媳	女自心
蠹	一中冂石虫虫
荐	艸才子
蟮	虫善
踰	足亼月刀
彡	彡
鍶	金田心
対	文寸
庖	广勹巳
鶩	矛攴鳥
埂	土一日乂
琥	王虎
賁	屮貝
哏	口艮
俟	人厶矢
懾	心三耳
汙	水丁一
紺	糸甘
抻	扌申
缶	缶
絛	人丨攴糸
鏤	金婁
汴	水亠卜
忝	天心
璨	王歹又米
虯	虫丩
躡	足三耳
喱	口厂里
嵇	禾𠂇山
鉞	金戉
鈊	金心
鴛	夕卩鳥
誣	言工从
諍	言𠂊尹
怵	心术
湍	水山而
葳	艸戌女
藜	艸禾丿刀人水
輟	車叕
僻	人尸口辛
鏃	金㫃矢
瓤	衣口口甘瓜
鶉	京子鳥
翦	䒑月刀羽
羯	羊日勹亡
熳	火日四又
澶	水亠回日一
滸	水言午
廴	廴
燾	士㇕工一口寸火
撾	扌辵咼
拯	扌㇕水一
芡	艸欠
枰	木干八
俸	人廾扌
翱	白大十羽
奠	八酉大
銥	金衣
肱	月𠂇厶
瘧	疒虎爪
屙	尸阝丁口
邕	巛口巴
埒	土爪寸
茱	艸朱
槿	木堇
梔	木𠂆巴
楹	木乃又皿
僥	人堯
倖	人幸
慍	心圍人皿
玟	王文
礎	石木木疋
矽	石夕
蛭	虫至
哽	口一日乂
髁	骨果
骰	骨殳
氡	气夂冫
鏜	金尚土
飧	夕食
訕	言山
漚	水匚三口
翩	戶冊羽
祟	出示
殉	歹勹日
塬	土厂白小
琬	王宀夕卩
剋	克刀
芩	艸今
様	木羊水
硎	石一廾刀
冂	冂
峁	山卯
淦	水金
皰	皮勹巳
収	丩又
苒	艸冄
箔	竹水白
鐨	金弓八貝
洎	水自
輦	夫夫車
薆	艸爪冂心夂
跤	足文八
嗌	口水皿
顥	日京頁
懟	业土寸心
牲	牛生
氳	气圍人皿
牒	爿世木
戦	⺍甲一戈
漩	水㫃疋
殞	歹口貝
玳	王人弋
芪	艸氏
皙	木斤白
礫	石白幺幺木
賄	貝𠂇月
僳	人西米
饈	食羊丑
胍	月瓜
鮎	魚卜口
詒	言厶口
悵	心長
涸	水圍古
綬	糸爪冂又
攘	扌衣口口甘
嚄	口艸隹又
喓	口西女
歟	臼牙廾欠
牋	爿戔
鐲	金四勹虫
変	亦夂
淥	水彑
宀	宀
剜	宀夕卩刀
孖	子子
卍	㇕丨一丨
綣	糸龹卩
圻	土斤
苣	艸巨
芍	艸勺
菩	艸立口
蠔	虫京豕
哂	口西
佣	人用
仞	人刀丶
諏	言耳又
冽	冫歹刀
廡	广無
綃	糸小月
耦	耒禺
桉	木宀女
粲	歹又米
喳	口木日一
啐	口卒
儺	人堇隹
鏗	金臣又土
諛	言臼人
庋	广十又
粑	米巴
籹	米女
瀘	水虎田皿
鋈	水丿大金
滘	水冂八工口
戾	戶犬
亟	了口又一
嬈	女堯
堀	土尸出
莧	艸見
蘑	艸麻石
輾	車尸廿衤
跛	足皮
崾	山西女
顓	山而頁
鉍	金必
鎔	金穴公
鯽	魚艮卩
憬	心日京
愀	心禾火
湮	水西土
洇	水圍大
祜	示古
闡	門口口甲一
亙	二月
囍	十豆口十豆口
撻	扌辵土羊
芏	艸土
莣	艸亡心
蒞	艸水人立
檫	木宀肉又示
饕	口丂虎食
盹	目屯
脩	人丨攴月
畲	人示田
鎵	金宀豕
謗	言亠八冂方
糰	米圍專
灩	水丰丰山豆去皿
寤	宀爿五口
縉	糸晉
娉	女由丂
垟	土羊
硌	石夂口
盎	冂大皿
睢	目隹
徠	行來
斛	角斗
泮	水半
汊	水又丶
灤	水䜌木
繕	糸善
歿	歹勹又
碴	石木日一
逕	辵巠
哮	口耂子
嘬	口日耳又
嶂	山立日十
乓	丘丶
逯	辵彑
閾	門戈口一
葽	艸西女
枳	木口八
杓	木勺
鄴	业木阝
岬	山甲
誥	言牛口
汏	水大
売	士冂儿
埭	土尹⺍
螯	敖虫
孛	十冂子
啷	口良阝
笥	竹司
鵒	谷鳥
狡	犬文八
竦	立束
癰	疒巛口巴隹
瀹	水龠
潙	水爲
硐	石同
蹶	足厂屰欠
蹋	足日羽
篡	竹目大厶
俚	人里
伈	人心
魷	魚𠂇
鰻	魚日四又
讕	言門柬
恣	冫欠心
羧	羊厶八夂
紂	糸寸
緲	糸目少
戩	晉戈
児	丨日儿
呿	口去
胄	由月
禺	禺
矚	目尸水四勹虫
笆	竹巴
鉈	金它
竣	立厶八夂
甑	曾瓦
悸	心禾子
煬	火昜
縐	糸勹屮勹屮
玓	王勺
萇	艸長
蓯	艸行从止
韭	韭
暝	日冂日宀
凼	水凵
睨	目臼儿
仩	人上
倌	人宀㠯
銦	金圍大
鍇	金比白
肪	月方
馗	九首
孺	子雨而
緝	糸口耳
殮	歹亼口口从
琮	王宀示
芫	艸一兀
菈	艸扌立
檣	木土从
賚	來貝
掱	三手
秸	禾士口
儼	人口口厂敢
皎	白文八
龕	亼口龍
諼	言爪二丿又
瘓	疒𠂊内大
癆	疒火火冂力
煅	火厂三殳
慵	心广尹用
涙	水戶大
惢	三心
耨	耒辰寸
蜇	扌斤虫
莒	艸呂
蘅	艸行𠂊田大
苕	艸刀口
橇	木三毛
翳	匚矢殳羽
哐	口匚王
賑	貝辰
崛	山尸出
篁	竹白王
偌	人艸𠂇口
釧	金巛
鈮	金尸匕
諺	言立厂彡
庵	广大申
炷	火主
濄	水辵咼
洳	水女口
隧	阝辵八豕
塒	土日土寸
茆	艸卯
橈	木堯
靨	厂日月犬面
蜈	虫吳
喹	口大土土
咲	口䒑大
冑	由冃
乄	丿丶
偠	人西女
澧	水曲豆
屜	尸行世
卐	乚一丨一
纈	糸士口頁
姒	女厶人
瓔	王貝貝女
柘	木石
枋	木方
虻	虫亡
釕	金了
廕	广阝今云
惰	心𠂇工月
懺	心从戈韭
洮	水儿水
蚤	又丶虫
婊	女表
斡	十日十人斗
韃	革辵土羊
轅	車土口衤
栩	木羽
攴	攴
哧	口赤
睞	目來
僖	人十豆口
傣	人廾水
倏	人丨攴犬
銫	金𠂊巴
銃	金了儿
諤	言口口一丂
苹	艸干八
蕨	艸厂屰欠
茴	艸回
藐	艸豸白儿
芠	艸文
酵	酉耂子
蛔	虫回
崮	山圍古
嶠	山丿大口冂口
膦	月米舛
鮭	魚土土
匈	勹乂凵
譙	言隹火
洹	水二日
沢	水尺
璁	王囪心
蒯	艸朋刀
醞	酉圍人皿
椋	木京
叵	匚口
齦	齒艮
嗶	口畢
唾	口垂
哖	口𠂉㐄
噔	口癶豆
笫	竹𠂔
惚	心勿心
澮	水會
閫	門圍木
瑙	王巛囟
棹	木卜日十
蜥	虫木斤
蛀	虫主
螟	虫冂日宀
唏	口乂𠂇巾
畹	田宀夕卩
黍	禾人水
鑊	金艸隹又
腓	月非
詎	言巨
庥	广人木
濰	水糸隹
緘	糸戌口
攣	䜌手
轂	士冂一車殳
蓴	艸專
蒔	艸日土寸
佇	人宀丁
鈐	金今
貉	豸夂口
瀕	水步頁
闃	門目犬
翀	羽中
妊	女壬
紓	糸予
荇	艸行
蔸	艸白卯儿
艿	艸乃
櫛	木竹艮卩
斫	石斤
咻	口人木
箴	竹戌口
适	辵舌
飴	食厶口
訝	言牙
淙	水宀示
嫦	女尚巾
弁	厶廾
韉	革艸鹿烏
萜	艸巾卜口
薏	艸立日心
趺	足夫
賒	貝人示
郗	乂𠂇巾阝
饌	食巳巳艸廾
虢	爪寸虎
慷	心广尹⺍
濼	水白幺幺木
実	宀二大
寥	宀羽人彡
褋	衤世木
摑	扌圍戈口一
邯	甘阝
蔑	艸四戈人
楮	木者
圧	厂土
砥	石氏丶
迄	辵乞
儆	人艸勹口攴
讎	隹言隹
銪	金𠂇月
臊	月三口木
鴕	鳥它
誆	言匚王
咫	尺口八
鍪	矛攴金
婺	矛攴女
綹	糸夂卜口
搪	扌广尹口
葑	艸土土寸
噫	口立日心
瞰	目敢
攵	攴
僮	人立田土
佗	人它
鐫	金隹弓
塾	京子丮土
旎	㫃尸匕
壅	亠阝隹土
懦	心雨而
発	癶二儿
繚	糸一火日小
繹	糸四幸
酆	丰丰山豆阝
藹	艸言日勹亡
箬	竹艸𠂇口
爰	爪二丿又
鋮	金成
鏘	金爿肉寸
魴	魚方
詼	言𠂇火
謖	言田八夂
炔	火夬
燼	火尹一火皿
妲	女日一
勱	萬力
蓼	艸羽人彡
鸕	虎田皿鳥
螭	虫亠乂凵禸
峒	山同
県	目乚小
狽	犬貝
觥	角光
羔	羊火
熘	火卯田
衿	衤今
騖	矛攴馬
盂	丁一皿
髦	長彡毛
萸	艸臼人
磧	石丰貝
蜆	虫見
踞	足尸古
昴	日卯
僾	人爪冂心夂
卮	𠂆卩
氷	水丶
詬	言𠂆口
癥	疒行山一王攴
湫	水禾火
綵	糸爪木
娓	女尸毛
恚	土土心
莜	艸人丨攴
蘚	艸魚羊
尢	尢
匭	匚車九
籟	竹束𠂊貝
魑	鬼亠乂凵禸
頦	亥頁
汜	水巳
縝	糸真
芰	艸十又
椏	木亞
榫	木隹十
椽	木彑豕
蟠	虫釆田
啫	口者
蹊	足爪幺大
晞	日乂𠂇巾
詈	四言
肴	乂𠂇月
銠	金耂
鈑	金反
獠	犬一火日小
誚	言小月
諂	言𠂊臼
痿	疒禾女
焓	火今口
湃	水手一丰
湟	水白王
祉	示止
縵	糸日四又
妗	女今
擻	扌婁攴
菘	艸木公
菏	艸水丁口
葯	艸糸勺
砦	止匕石
鶚	口口一丂鳥
睪	四幸
釁	臼同冂酉分
鏞	金广尹用
啻	帝口
旖	㫃大丁口
饔	亠阝隹食
劭	刀口力
姘	女并
畿	幺幺戈田
坭	土尸匕
霈	雨水巿
呔	口太
崧	山木公
箸	竹者
稔	禾今心
籩	竹辵自穴方
乂	乂
鏵	金華
塍	朕土
詫	言宀丿七
庹	广廿尺
疚	疒𠂊丶
怛	心日一
瀋	水宀釆田
黽	黽
窿	穴阝夂一生
芐	艸下
霰	雨廿月攴
歩	止少
噘	口厂屰欠
啾	口禾火
崙	山亼冊
俅	人求
鎰	金水皿
腱	月廴尹二
鱸	魚虎田皿
処	夂几
瘁	疒卒
浹	水大从
漓	水亠乂凵禸
寔	宀是
禕	示㐄口㐄
闆	門三口
迂	辵丁一
菰	艸子瓜
碇	石宀正
嗬	口艸人丁口
笄	竹一廾
筧	竹見
鐮	金广兼
凇	冫木公
洌	水歹刀
袒	衤日一
鄄	西土阝
櫚	木門呂
呋	口夫
囁	口三耳
唳	口戶犬
篙	竹京口
氛	气分
鋌	金廴千土
詘	言出
賡	广彐人貝
禛	示真
闥	門辵土羊
嬤	女麻幺
垚	三土
垃	土立
蕎	艸丿大口冂口
蚴	虫幺力
跖	足石
鄖	口貝阝
踉	足良
牘	爿士四貝
佃	人田
腈	月青
腊	月廿日
膺	广人隹月
焐	火五口
洱	水耳
衲	衤内
邏	辵四糸隹
蛩	工凡虫
琶	王王巴
菟	艸象儿丶
薌	艸阝良阝
稷	禾田八夂
簣	竹中一貝
笈	竹及
鱟	臼爻冂魚
鄣	立日十阝
痙	疒巠
惲	心冂車
冨	冂畐
韞	㐄口㐄日皿
蘼	艸麻非
螅	虫自心
嚯	口雨隹
篪	竹𠂆虎
夊	夂
誹	言非
讖	言从戈韭
燻	火千四土火
沮	水且
轡	車糸糸口
挹	扌口巴
逑	辵求
鞅	革冂大
桜	木⺍女
蚧	虫介
骯	骨亢
笏	竹勿
鎦	金卯田
酋	八酉
鎏	水了巛金
滁	水阝余
媸	女屮一虫
媧	女咼
并	并
苫	艸卜口
楸	木禾火
檳	木宀一㐄貝
賾	臣丰貝
迓	辵牙
匱	匚中一貝
蛘	虫羊
踵	足千田土
炅	日火
罹	四心隹
笱	竹勹口
鈹	金皮
肼	月井
臏	月宀一㐄貝
鮃	魚干八
旃	㫃丹
懊	心宀米大
涫	水宀㠯
瀰	水弓爾
遽	辵虎豕
陛	阝比土
紸	糸主
觳	士冂一角殳
鬩	鬥臼儿
摶	扌專
揸	扌木日一
苊	艸厂卩
萄	艸勹缶
薜	艸尸口辛
囈	口艸土八土丮云
嚦	口厂禾禾止
崆	山穴工
佽	人冫欠
銖	金朱
獺	犬束𠂊貝
脘	月宀一兀
芻	勹屮勹屮
贇	文戈止貝
惻	心貝刀
闈	門㐄口㐄
嫵	女無
舂	廾臼
璦	王爪冂心夂
蔦	艸鳥
橢	木阝𠂇工月
达	辵大
唇	辰口
豕	豕
呎	口尺
嵊	山禾北
睋	目我
幃	巾㐄口㐄
况	冫口儿
褰	宀甘八衣
冗	冂几
恵	專心
薨	艸四冂歹匕
蓀	艸子丿糸
葒	艸糸工
鏨	車斤金
椴	木厂三殳
齶	齒口口一丂
噲	口會
雎	且隹
鏂	金匚三口
腩	月十冂半
鮫	魚文八
謫	言帝口
瘴	疒立日十
憚	心口口甲一
満	水廿巾凵
浼	水象儿
閬	門良
媼	女圍人皿
絀	糸出
芎	艸弓
酊	酉丁
笞	竹厶口
侮	人每
胱	月光
肓	亡月
痧	疒水少
袢	衤半
黿	一兀黽
髡	長彡兀
擢	扌羽隹
麴	來夂勹米
厴	厂日月犬甲
嘁	口戌卜小
罅	缶虎爪丁
佼	人文八
侷	人尸㇕口
釔	金乙
鑠	金白幺幺木
亳	京丿七
悴	心卒
閌	門亢
壎	土千四土火
菓	艸果
梆	木丰阝
乩	卜口乚
呶	口女又
賂	貝夂口
誄	言耒
疽	疒且
淄	水巛田
逅	辵𠂆口
逄	辵夂㐄
亜	亞
堺	土田介
擷	扌士口頁
菽	艸上小又
蓖	艸囟比
菔	艸月卩又
苧	艸宀丁
蟆	虫艸日大
齪	齒足
嘭	口十豆彡
尜	小大小
嵋	山眉
佤	人瓦
鼾	鼻干
鎩	金乂木殳
凊	冫青
猷	八酉犬
閎	門𠂇厶
閿	門爪冂又
卩	卩
縭	糸亠乂凵禸
螚	厶月比虫
萁	艸其
葩	艸白巴
蛐	虫曲
勖	冃目力
岜	山巴
笪	竹日一
舐	舌氏
佶	人士口
倨	人尸古
餒	食爪女
鳧	鳥几
詿	言土土
溉	水艮旡
赭	赤者
檠	艸勹口攴木
桅	木𠂊厂卩
眥	止匕目
訾	止匕言
嘹	口一火日小
嚀	口宀心皿丁
犇	三牛
伝	人云
鱘	魚彐工口寸
諟	言是
庠	广羊
慳	心臣又土
慟	心千田土力
葙	艸木目
杈	木又丶
砧	石卜口
蛉	虫令
蟀	虫亠幺⺍十
咭	口士口
嚙	口齒
飫	食丿大
鈰	金市
惕	心日勿
惘	心网亡
惦	心广卜口
潦	水一火日小
窠	穴果
裨	衤卑
迨	辵厶口
矸	石干
贗	厂人鳥貝
蜓	虫廴千土
嘵	口堯
唚	口彐冂又
餼	食气米
褻	衣土八土丮
袞	衣公
懍	心亠回禾
褔	衤畐
蚩	屮一虫
櫱	屮㠯辛木
殯	歹宀一㐄貝
耒	耒
芄	艸丮
榷	木冂隹
奄	大申
碚	石立口
喑	口立日
鋨	金我
繇	爪缶丿糸
裾	衤尸古
窈	穴幺力
豉	豆十又
箌	竹至刀
讜	言尚黑
劾	亥力
憧	心立田土
裑	衤身
裼	衤日勿
孿	䜌子
嫠	未攴厂女
琇	王禾乃
荏	艸人壬
蘢	艸龍
杪	木少
榔	木良阝
隹	隹
餳	食昜
鉺	金耳
鎌	金兼
旆	㫃巿
癇	疒門月
燧	火辵八豕
遑	辵白王
橐	一中冂石木
圪	土乞
嗇	土从
駢	馬并
藪	艸婁攴
芃	艸凡
槭	木戌卜小
棰	木垂
噥	口曲辰
嗥	口白大十
峴	山見
岣	山勹口
佉	人去
魈	鬼小月
頎	斤頁
鏌	金艸日大
颼	風申又
詵	言先
諢	言冂車
覚	⺍冂見
瀬	水束頁
珥	王耳
駟	馬四
茤	艸多
砭	石丿之
碓	石隹
蟑	虫立日十
蚓	虫弓丨
嗵	口辵甬
嵴	山⺍人月
憩	舌自心
俁	人吳
臚	月虎田皿
昝	夂卜日
隗	阝鬼
繾	糸辵中一㠯
紉	糸刀丶
壊	土十四衣
琚	王尸古
葫	艸古月
鞣	革矛木
顴	艸口口隹頁
蕕	艸犬八酉
醴	酉曲豆
饜	厂日月犬食
齠	齒刀口
顒	禺頁
嘗	尚旨
嵛	山亼月刀
牯	牛古
簟	竹西日十
笮	竹乍
囪	囪
儈	人會
鷂	爪缶鳥
譲	言衣八甘
麝	鹿身寸
沌	水屯
勰	三力田心
婀	女阝丁口
縞	糸京口
瑁	王冃目
綦	其糸
齷	齒尸至
喋	口世木
躋	足齊
瓴	令瓦
毖	比必
悽	心一尹女
愫	心丰糸
悚	心束
搴	宀甘八手
朶	乃木
増	土曾
菋	艸口未
驀	艸日大馬
醪	酉羽人彡
囀	口車專
趿	足及
蹌	足倉
嗍	口屰月
杲	日木
暘	日昜
骷	骨古
爨	臼同冂木木大火
羸	贏羊
誶	言卒
廄	广艮殳
瀲	水亼口口从攴
攫	扌目目隹又
茼	艸同
齜	齒止匕
圜	圍四一口衤
秣	禾末
僭	人旡旡日
囟	囟
鑭	金門柬
鰳	魚革力
鰨	魚日羽
慊	心兼
媯	女爲
鞀	革刀口
樅	木行从止
団	圍寸
罌	貝貝缶
儔	人士㇕工一口寸
羶	羊亠回日一
汨	水日
閼	門於
閽	門氏日
閡	門亥
譬	尸口辛言
縹	糸西示
摒	扌尸并
齬	齒五口
嘧	口宀必山
嵬	山鬼
瞑	目冂日宀
穡	禾土从
氪	气克
笳	竹力口
魃	鬼犬㇕
佸	人舌
艉	舟尸毛
穌	魚禾
浯	水五口
溱	水廾禾
阡	阝千
璩	王虎豕
醮	酉隹火
硤	石大从
蠊	虫广兼
圉	圍幸
嚓	口宀肉又示
纍	三田糸
賙	貝用口
豺	豸才
獐	犬立日十
旄	㫃毛
広	广厶
糝	米三厶人彡
泖	水卯
溏	水广尹口
裉	衤艮
戸	戶
琺	王水去
芟	艸殳
棖	木長
柜	木巨
蚨	虫夫
蟶	虫耳口王
俎	人人且
肫	月屯
糍	米䒑幺幺
槊	屰月木
涑	水束
涪	水立口
漉	水鹿
緄	糸日比
彗	丰丰彐
鞦	革禾火
莔	艸四冂
躉	萬足
櫪	木厂禾禾止
齔	齒匕
屾	山山
鶻	骨鳥
泱	水冂大
泫	水亠幺
鴆	冂儿鳥
帚	彐冂巾
埕	土口王
珪	王土土
瑗	王爪二丿又
茁	艸出
檄	木白方攴
竽	竹丁一
稗	禾卑
佺	人人王
鍆	金門
鯢	魚臼儿
戠	立日戈
咨	冫欠口
淀	水宀正
謇	宀甘八言
逖	辵犬火
羋	丨羊
靼	革日一
莋	艸人乍
唵	口大申
吩	口分
哞	口厶牛
羆	四厶月比火
嶧	山四幸
迤	辵𠂉也
秈	禾山
簞	竹口口甲一
佞	人二女
鉿	金亼口
艫	舟虎田皿
諉	言禾女
瘍	疒昜
憒	心中一貝
郯	火火阝
邋	辵巛囟釆
闐	門真
孃	女衣口口甘
縊	糸水皿
垌	土同
璀	王山隹
芘	艸比
蹩	巾⺍攴足
昉	日方
鱈	魚雨彐
鮒	魚人寸
涿	水豕
鼐	乃鼎
戛	頁戈
髪	長彡𠂇又
瑀	王禹
驄	馬囪心
璣	王幺幺戈人
芨	艸及
蠓	虫艸冃豕
蚪	虫斗
吒	口丿七
瞋	目真
毎	𠂉母
倥	人穴工
猓	犬果
頫	兆頁
褥	衤辰寸
嬖	尸口辛女
孀	女雨木目
縋	糸辵㠯
珣	王勹日
璘	王米舛
菠	艸水皮
卣	卜圍龴
嚶	口貝貝女
跚	足冊
嶷	山匕矢龴疋
牖	爿戶甫
徨	行白王
鉄	金失
豸	豸
溧	水西木
寀	宀爪木
阱	阝井
愍	民攴心
皴	厶八夂皮
撳	扌金欠
蘺	艸亠乂凵禸隹
櫸	木臼牙廾扌
磣	石三厶人彡
蠐	虫齊
咑	口扌丁
踔	足卜日十
黜	黑出
崍	山來
魎	鬼一内内
偸	人亼月巛
兗	亠公儿
淝	水月巴
鷸	矛内口鳥
続	糸士冂儿
梘	木見
虺	兀虫
磋	石羊工
蠛	虫艸四戈人
蠖	虫艸隹又
哃	口同
吽	口牛
徘	行非
粼	米舛巛
烊	火羊
紆	糸丁一
紈	糸丮
埗	土步
鄹	耳又从阝
瓁	王艸隹又
鸛	艸口口隹鳥
蓑	艸衣冄
酢	酉乍
醌	酉日比
樘	木尚土
楦	木宀二日
蜒	虫廴丿止
唲	口臼儿
咜	口它
彫	用口彡
偲	人田心
鐿	金立日心
胂	月申
忤	心午
潶	水黑
紜	糸云
艽	艸九
醭	酉业大
蜡	虫廿日
蚝	虫毛
嚨	口龍
毬	毛求
鍖	金甘匚八
鏍	金田糸
癜	疒尸艸廾殳
沭	水术
滓	水宀辛
娌	女里
繒	糸曾
跫	工凡足
鏊	敖金
葶	艸京丁
酞	酉太
榱	木衣冄
槨	木京子阝
郟	大从阝
踴	足甬力
兎	丿口儿丶
倳	人一中彐
煳	火古月
嬛	女四一口衤
嫚	女日四又
驃	馬西示
柰	木示
桁	木行
蜱	虫卑
餚	食乂𠂇月
鯀	魚丿糸
郞	良阝
恫	心同
憔	心隹火
剡	火火刀
姫	女臣
彀	士冂一弓殳
珅	王申
萿	艸水舌
雹	雨勹巳
橄	木敢
匚	匚
蟛	虫十豆彡
咴	口𠂇火
噈	口京𠂇
冏	内口
髕	骨宀一㐄貝
値	人直
俶	人上小又
皚	白山豆
錈	金龹卩
遒	辵八酉
畑	火田
衩	衤又丶
嬙	女土从
媄	女羊大
圮	土己
耔	耒子
揆	扌癶天
苤	艸不一
苴	艸且
苻	艸人寸
婪	木木女
櫫	豕者木
碉	石用口
咼	咼
倬	人卜日十
饉	食堇
彳	行
譎	言矛内口
奘	爿士大
痱	疒非
疙	疒乞
浞	水足
湔	水䒑月刀
潺	水尸三子
袷	衤亼口
爿	爿
鸝	麗鳥
驤	馬衣口口甘
覲	堇見
鄞	堇阝
蕗	艸足夂口
梶	木尸毛
邨	屯阝
鹺	鹵羊工
鼉	口口田一黽
鴰	舌鳥
伲	人尸匕
劬	勹口力
炤	火刀口
単	⺍甲一
閶	門昌
恿	甬心
坍	土丹
垸	土宀一兀
鬟	長彡四一口衤
耪	耒亠八冂方
芑	艸己
逋	辵甫
蚶	虫甘
曷	日勹亡
侈	人多
刖	月刀
獯	犬千四土火
觶	角口口甲一
鰍	魚禾火
旒	㫃了巛
忖	心寸
惆	心用口
閂	門一
邐	辵麗
鬮	鬥龜
驁	敖馬
掇	扌叕
鶘	古月鳥
鞫	革勹言
槲	木角斗
齟	齒且
噺	口立木斤
韙	是㐄口㐄
冄	冄
鸚	貝貝女鳥
鉦	金正
鋟	金彐冂又
錙	金巛田
猗	犬大丁口
堃	方方土
沔	水丁乚㇕
灕	水亠乂凵禸隹
窨	穴立日
厾	乙去
緦	糸田心
耄	耂毛
杴	木欠
蚵	虫丁口
蛄	虫古
蠣	虫厂萬
篦	竹囟比
俳	人非
錸	金來
鐐	金一火日小
獬	犬角刀牛
胝	月氏丶
礱	龍石
濉	水目隹
洺	水夕口
邃	辵穴八豕
屐	尸行十又
経	糸又土
殄	歹人彡
瞽	十豆十又目
鷙	幸丮鳥
験	馬亼口人
蠆	萬虫
芴	艸勿
楝	木柬
鶇	東鳥
耷	大耳
曛	日千四土火
稹	禾真
氤	气圍大
込	辵人
臆	月立日心
髙	京口
埸	土日勿
拊	扌人寸
荑	艸大弓
芤	艸子乚
榧	木匚非
砑	石牙
垡	人戈土
倮	人果
徇	行勹日
鑷	金三耳
鑌	金宀一㐄貝
腆	月冊廾
胗	月人彡
瘢	疒舟殳
遨	辵敖
弢	弓屮又
緙	糸革
駑	女又馬
擤	扌鼻
匏	大一丂勹巳
尷	尢監
蝴	虫古月
虼	虫乞
曈	日立田土
澩	臼爻冂水
餱	食人龴矢
粿	米果
渀	水奔
宄	宀九
隳	阝𠂇工月人心
堋	土朋
菹	艸水且
酐	酉干
櫳	木龍
哚	口几木
眭	目土土
鴦	冂大鳥
峰	山夂丰
侞	人女口
飩	食屯
餾	食卯田
銣	金女口
胛	月甲
腴	月臼人
獰	犬宀心皿丁
詁	言古
諑	言豕
訃	言卜
疳	疒甘
癤	疒竹艮卩
惴	心山而
怺	心永
窕	穴兆
陟	阝步
悪	亞心
鼙	十豆十又卑
聵	耳中一貝
鴣	古鳥
蕈	艸西日十
蘄	艸口口甲一斤
薺	艸齊
釅	酉口口厂敢
楂	木木日一
楫	木口耳
碭	石昜
戔	戔
呻	口申
叺	口人
咄	口出
崞	山京子
嶗	山火火冂力
骼	骨夂口
籙	竹金彑
魍	鬼网亡
僉	亼口口从
饅	食日四又
餛	食日比
鍐	金乂凵八夂
狎	犬甲
麾	麻毛
羝	羊氏丶
糲	米厂萬
憷	心木木疋
煋	火日生
燚	四火
窣	穴卒
窸	穴釆心
褡	衤艸亼口
闍	門者
閞	門厶廾
嬗	女亠回日一
絵	糸會
邛	工阝
玎	王丁
瑚	王古月
琿	王冂車
玘	王己
茈	艸止匕
藎	艸尹一火皿
椐	木尸古
螞	虫馬
蜘	虫矢口
嗉	口丰糸
唁	口言
躚	足辵西大巳
筮	竹工从
箜	竹穴工
瓮	公瓦
鈸	金犬㇕
錮	金圍古
鍤	金千臼
鯁	魚一日乂
鰱	魚辵車
粳	米一日乂
遄	辵山而
裰	衤叕
鞴	革𤰇
蘩	艸每攴糸
麩	來夂夫
碲	石帝
觜	止匕角
跏	足力口
唎	口禾刀
崚	山土八夂
仵	人午
歙	亼口羽欠
鏇	金㫃疋
諄	言京子
竜	立申
蠲	水皿四勹虫
粞	米西
湢	水畐
涳	水穴工
蟊	矛虫虫
媲	女囟比
緱	糸人龴矢
繅	糸巛果
盍	去皿
扦	扌千
萵	艸咼
菪	艸宀石
棱	木土八夂
輳	車廾天
蛞	虫舌
笤	竹刀口
傀	人鬼
飪	食壬
胭	月圍大
謄	朕言
殳	殳
旮	九日
悻	心幸
巛	巛
埝	土今心
圯	土巳
栲	木耂丂
朮	术
榊	木示申
砹	石艸乂
図	圍冫乂
跣	足先
邾	朱阝
氚	气巛
俷	人月巴
譕	言無
瓿	立口瓦
潢	水黃
漷	水京子阝
辶	辵
禳	示衣口口甘
鬻	弓米弓鬲
綆	糸一日乂
彘	彑匕矢匕
殛	歹了口又一
堊	亞土
琵	王王比
頊	王頁
拮	扌士口
枡	木升
砟	石乍
骱	骨介
笸	竹匚口
頷	今口頁
鋃	金良
狻	犬厶八夂
鴇	匕十鳥
鴟	氏丶鳥
邙	亡阝
悌	心八弓丨丿
淠	水田几
嫫	女艸日大
妣	女比
餮	歹人彡食
赳	走丩
埽	土彐冂巾
圾	土及
荖	艸耂
薅	艸女辰寸
樗	木雨一丂
柞	木乍
欹	大丁口欠
蠼	虫目目隹又
跆	足厶口
嗐	口宀丰口
黙	里犬火
嵯	山羊工
牝	牛匕
怹	人也心
鏑	金帝口
瘛	疒丰刀心
巻	龹己
懌	心四幸
瀞	水青𠂊尹
漵	水余攴
漈	水肉又示
滂	水亠八冂方
繻	糸雨而
糶	出米羽隹
嫘	女田糸
橛	木厂屰欠
骺	骨𠂆口
笊	竹爪
倀	人長
倜	人用口
皈	白反
鈳	金丁口
鯛	魚用口
怙	心古
滹	水虎爪丁
蔠	艸糸夂冫
撃	車殳手
槁	木京口
酃	雨口口口阝
奩	大匚三口
鴯	而鳥
郾	匚日女阝
畋	田攴
髀	骨卑
穰	禾衣口口甘
獗	犬厂屰欠
謅	言勹屮勹屮
癭	疒貝貝女
羰	羊山𠂇火
愴	心倉
窬	穴亼月刀
嬿	女燕
砉	丰石
抉	扌夬
莩	艸爪子
迣	辵世
柩	木匚𠂊丶
蚰	虫由
螳	虫尚土
蛑	虫厶牛
咆	口勹巳
篋	竹匚大从
価	人西
翕	亼口羽
郄	乂𠂇厶阝
朐	月勹口
夤	夕寅
窳	穴瓜瓜
劼	士口力
踅	扌斤足
蘧	艸辵虎豕
杼	木予
磽	石堯
鳪	卜鳥
蚋	虫内
跗	足人寸
侔	人厶牛
艚	舟一曲日
郇	勹日阝
裎	衤口王
冢	冂豕
陔	阝亥
埵	土垂
瑭	王广尹口
醺	酉千四土火
喟	口田月
咐	口人寸
蜚	非虫
旯	日九
嶙	山米舛
甥	生田力
篾	竹四戈人
皤	白釆田
敫	白方攴
鵜	八弓丨丿鳥
洄	水回
裟	水少衣
弭	弓耳
媾	女甘冄
緡	糸民日
莨	艸良
櫺	木雨口口口
霹	雨尸口辛
邳	不一阝
蟪	虫專心
歳	止戌小
蚣	虫公
跎	足它
呉	吳
嶝	山癶豆
嶁	山婁
郃	亼口阝
貘	豸艸日大
読	言士冂儿
紶	糸去
婞	女幸
靑	青
苾	艸必
霑	雨水卜口
蝽	虫廾日
犧	牛羊禾戈丂
恂	心勹日
夬	夬
翮	鬲羽
両	一巾凵
邴	丙阝
玠	王介
蕤	艸豕生
鷯	一火日小鳥
蚱	虫乍
趵	足勺
帰	刀彐冂巾
罟	四古
矍	目目隹又
峋	山勹日
嶋	山鳥
髏	骨婁
嚳	臼爻冂牛口
皁	白十
齎	齊貝
萆	艸卑
槔	木白大十
磴	石癶豆
蟣	虫幺幺戈人
畛	田人彡
岈	山牙
犍	牛廴尹二
釤	金彡
臃	月亠阝隹
譖	言旡旡日
廛	广里八土
愎	心𠂉日夂
茚	艸爪卩
軛	車厂卩
匴	匚竹目廾
曩	日衣口口甘
暾	日京子攴
罱	四十冂半
岵	山古
畬	余田
粢	冫欠米
庀	广匕
湎	水面
鐾	尸口辛金
総	糸公心
炱	厶口火
墻	土土从
摜	扌貫
苜	艸目
硨	石車
錁	金果
窆	穴丿之
聴	耳十四心
瑠	王卯田
搧	扌戶羽
藿	艸雨隹
薱	艸业土寸
葰	艸人厶八夂
茭	艸文八
菑	艸巛田
霎	雨立女
蛺	虫大从
蜿	虫宀夕卩
昃	日厂人
簸	竹其皮
佹	人𠂊厂卩
儕	人齊
剣	亼口人刀
艋	舟子皿
齏	齊韭
鶿	䒑幺幺鳥
炆	火文
惋	心宀夕卩
湓	水分皿
褆	衤是
蓁	艸廾禾
萣	艸宀正
柊	木夂冫
泅	水圍人
紱	糸犬㇕
擯	扌宀一㐄貝
搡	扌三又木
帯	帶
酹	酉爪寸
雩	雨一丂
靂	雨厂禾禾止
兕	圍凵儿
帙	巾失
簌	竹束欠
穂	禾專心
僂	人婁
鄱	釆田阝
獍	犬立日儿
廩	广亠回禾
瀠	水火火冂糸
韝	㐄口㐄甘冄
顙	三又木頁
綈	糸八弓丨丿
堝	土咼
辻	辵十
蔵	艸戊臣
晷	日夂卜口
筇	竹工阝
賃	人壬貝
鐙	金癶豆
脒	月米
炻	火石
泔	水甘
専	專
墀	土尸水牛
挈	丰刀手
玹	王亠幺
騅	馬隹
嘏	古叚
蓽	艸畢
転	車云
弍	弋二
蟯	虫堯
圏	圍龹己
豊	曲豆
衄	血丑
儻	人尚黑
狆	犬中
痤	疒从土
塋	火火冂土
煢	火火冂乙十
惇	心京子
溲	水申又
鷚	羽人彡鳥
丌	几
掾	扌彑豕
萩	艸禾火
崤	山乂𠂇月
仃	人丁
倗	人朋
鈁	金方
艏	舟首
狷	犬口月
肷	月欠
鯖	魚青
麋	鹿米
逶	辵禾女
辺	辵刀
縲	糸田糸
絎	糸行
銎	工凡金
鞔	革象儿
櫨	木虎田皿
瓠	大一丂瓜
蚯	虫丘
圇	圍亼冊
圊	圍青
蹕	足畢
罨	四大申
簹	竹尚田
簋	竹艮皿
氘	气八
邉	辵自穴口
徦	行叚
艄	舟小月
煺	火辵艮
泚	水止匕
湝	水比白
褳	衤辵車
璠	王釆田
夼	大巛
蠕	虫雨而
蹼	足业大
暌	日癶天
眇	目少
儐	人宀一㐄貝
鈽	金布
釙	金卜
詆	言氏丶
馘	首戈口一
襦	衤雨而
遢	辵日羽
逡	辵厶八夂
婼	女艸𠂇口
縟	糸辰寸
鬲	鬲
殫	歹口口甲一
螫	赤攴虫
騕	馬西女
藶	艸厂禾禾止
酩	酉夕口
砘	石屯
戢	口耳戈
噦	口止戌㐄
躂	足辵土羊
跩	足申丿
旰	日干
篳	竹畢
鍑	金𠂉日夂
鎪	金申又
脳	月⺍乂凵
鴝	勹口鳥
応	广心
愬	屰月心
滎	火火冂水
濞	水鼻
窶	穴婁
穸	穴夕
弾	弓⺍甲一
薍	艸爪龴冂厶又乚
蔟	艸㫃矢
蕖	艸水巨木
硭	石艸亡
吲	口弓丨
氙	气山
璺	臼同冂玉
鷦	隹火鳥
徂	行且
錆	金青
刎	勿刀
燔	火釆田
洸	水光
瀵	水米田艸廾
宬	宀成
綪	糸青
玦	王夬
蔞	艸婁
繋	車殳糸
榿	木山豆
硇	石囟
跬	足土土
牸	牛宀子
簑	竹衣冄
仮	人反
傛	人穴公
辵	辵
舾	舟西
颺	風昜
膾	月會
憮	心無
泐	水阝力
褸	衤婁
衽	衤壬
闘	門豆寸
擘	尸口辛手
綞	糸垂
縑	糸兼
鵡	戈止鳥
玢	王分
喥	口广廿又
笹	竹世
篔	竹口貝
餞	食戔
錟	金火火
舯	舟中
隈	阝田衤
戞	頁戈
薤	艸歹韭
剽	西示刀
僰	朿朿人
枇	木比
砝	石去
劌	止戌㐄刀
蟈	虫圍戈口一
囹	圍令
罾	四曾
笓	竹比
佧	人上卜
俜	人由丂
仡	人乞
儋	人𠂊厂八言
舳	舟由
胙	月乍
愜	心匚大从
沬	水未
潒	水象
瀼	水衣口口甘
鄆	冂車阝
叚	叚
隠	阝爪彐心
垓	土亥
枸	木勹口
蝟	虫田月
秫	禾术
笶	竹矢
餑	食十冂子
愆	行水心
猊	犬臼儿
詛	言且
瘩	疒艸亼口
疥	疒介
迢	辵刀口
隰	阝日幺幺火
畚	厶大田
甏	十豆彡瓦
堠	土人龴矢
醅	酉立口
椛	木艸化
輅	車夂口
梃	木廴千土
霊	雨二业
曌	日月穴工
舎	人土口
涘	水厶矢
哿	力口丁口
珙	王艸廾
葚	艸甘匚八
蒝	艸厂白小
萑	艸隹
櫝	木士四貝
蚺	虫冄
螄	虫㠯一巾
蚍	虫比
嶇	山匚三口
幗	巾圍戈口一
筌	竹人王
鵂	人木鳥
鴒	令鳥
謳	言匚三口
痌	疒同
愾	心气米
捯	扌至刀
摭	扌广廿火
葜	艸丰刀大
榦	十日十人木
藁	艸京口木
醢	酉𠂇口皿
喞	口白匕卩
屼	山兀
烀	火爪丁
繴	尸口辛糸
紇	糸乞
絯	糸亥
坼	土斥
柟	木冄
巰	巠了巛
鬯	鬯
鐠	金並日
鯃	魚五口
糅	米矛木
嫗	女匚三口
鬨	鬥艸廾
嶅	敖山
騮	馬卯田
莠	艸禾乃
茳	艸水工
暁	日屮兀
偅	人千田土
錡	金大丁口
鏹	金弓口虫
亀	龜
鶼	兼鳥
烜	火二日
湁	水扌亼口
袼	衤夂口
甓	尸口辛瓦
乸	也母
紾	糸人彡
螂	虫良阝
暹	辵日隹
帔	巾皮
佾	人八月
肜	月彡
胳	月夂口
瘠	疒⺍人月
翥	者羽
聃	耳冄
髟	長彡
栢	木百
酡	酉它
櫧	木言者
杷	木巴
篠	竹人丨夂木
箛	竹子瓜
鋏	金大从
鐓	金京子攴
凪	凡止
颶	風目廾
糀	米艸化
淰	水今心
滃	水公羽
済	水齊
湴	水並
鷥	糸糸鳥
琯	王宀㠯
卌	一二二
艨	舟艸冃豕
誃	言多
慄	心西木
鵓	十冂子鳥
薷	艸雨而
萢	艸水勹巳
楛	木艸古
櫬	木立木見
柁	木它
黠	黑士口
迕	辵午
観	𠂉一隹見
稲	禾爪丨日
俓	人巠
鵯	卑鳥
偓	人尸至
鄯	善阝
悕	心乂𠂇巾
悩	心⺍乂凵
澪	水雨令
滏	水父王八
寛	宀艸見
襝	衤亼口口从
険	阝亼口人
醵	酉虎豕
碣	石日勹亡
晡	日甫
矬	矢从土
篼	竹白卯儿
徉	行羊
舴	舟乍
鷄	爪幺大鳥
胩	月上卜
狒	犬弓八
訳	言尺
麂	鹿几
忉	心刀
蓜	艸酉己
囔	口一中冂口口甘衤
躒	足白幺幺木
唦	口水少
噉	口敢
畎	田犬
乗	千艸木
毽	毛廴尹二
脿	月表
忔	心乞
熸	火旡旡日
湉	水心舌
緶	糸人一日乂
孌	䜌女
纛	丰母目木丿糸
荘	艸爿士
豳	豕豕山
幄	巾尸至
徼	行白方攴
猖	犬昌
鰩	魚爪缶
癍	疒王文王
悱	心非
湞	水卜貝
孱	尸三子
謦	士尸殳言
柙	木甲
雫	雨下
嚧	口虎田皿
瞠	目尚土
覬	山豆見
侏	人朱
戧	倉戈
効	文八力
焜	火日比
屮	屮
坩	土甘
琤	王𠂊尹
菝	艸扌犬㇕
茯	艸人犬
蒍	艸爲
蓿	艸宀人百
戡	甘匚八戈
蜻	虫青
圄	圍五口
筘	竹扌口
簦	竹癶豆
僨	人屮貝
鍰	金爪二丿又
猾	犬骨
冲	冫中
戕	爿戈
痊	疒人王
渫	水世木
洶	水勹乂凵
迹	辵亦
疋	疋
隍	阝白王
鬣	長彡巛囟釆
耩	耒甘冄
駅	馬尺
抜	扌𠂇又
揺	扌爪干凵
蓶	艸口隹
茽	艸人中
蕹	艸亠阝隹
蓙	艸广从土
薬	艸白⺍木
槸	木土八土丮
醍	酉是
轆	車鹿
麮	來夂去
桷	木角
歴	厂木木止
尥	尢勺
噱	口虎豕
唿	口勿心
禸	禸
黝	黑幺力
缽	缶本
傕	人冂隹
従	行䒑止
敓	公儿攴
鋝	金爪寸
蠃	贏虫
庢	广至
瘞	疒大从土
痋	疒虫
燿	火羽隹
漃	水宀上小又
縌	糸辵屰
郷	阝艮阝
抔	扌不
椹	木甘匚八
柢	木氏丶
呴	口勹口
蹉	足羊工
銭	金戔
鰥	魚四水
愔	心立日
溻	水日羽
漯	水田糸
窀	穴屯
堔	土冂八木
騸	馬戶羽
軹	車口八
貲	止匕貝
翾	四一口衤羽
鐃	金堯
廋	广申又
鷓	广廿火鳥
痾	疒阝丁口
糢	米艸日大
惔	心火火
襘	衤會
陘	阝巠
紟	糸今
璵	王臼牙廾
萋	艸一尹女
豨	豕乂𠂇巾
崦	山大申
坌	分土
鯧	魚昌
恛	心回
洣	水米
邂	辵角刀牛
繢	糸中一貝
廾	廾
蓍	艸耂日
榀	木三口
檁	木亠回禾
榍	木尸小月
磔	石舛木
嗏	口艸人木
峇	山亼口
岌	山及
笢	竹民
皛	三白
舨	舟反
亶	亠回日一
癯	疒目目隹
焼	火屮兀
滈	水京口
滝	水立申
褟	衤日羽
嫿	女尹二田一
菥	艸木斤
菖	艸昌
栳	木耂
杌	木兀
椥	木矢口
桴	木爪子
螓	虫廾禾
跽	足己心
筅	竹先
逭	辵宀㠯
廻	廴回
弖	弓一
紿	糸厶口
嚭	十豆口不口
赧	赤卩又
鋆	土勹冫金
贄	幸丮貝
鬘	長彡日四又
騶	馬勹屮勹屮
葺	艸口耳
莛	艸廴千土
酔	酉九十
検	木亼口人
呺	口口丂
敤	果攴
幛	巾立日十
剴	山豆刀
籜	竹扌四幸
働	人千田土力
舥	舟巴
腙	月宀示
斎	齊示
汩	水圍一
禤	示四羽
劦	三力
妺	女末
媔	女面
胬	女又肉
儿	儿
玷	王卜口
琲	王非
萠	艸朋
蔇	艸艮旡
栖	木西
柝	木斥
砵	石本
嚅	口雨而
箝	竹扌甘
凭	人壬几
佝	人勹口
徥	行是
疔	疒丁
堍	土象儿丶
埌	土良
髑	骨四勹虫
穏	禾爪彐心
僤	人口口甲一
仫	人丿厶
傯	人囪心
颮	風勹巳
韵	立日勹冫
翫	羽白一兀
彅	弓䒑月刀刀
嬬	女雨而
馹	馬日
檎	木亼一乂凵禸
踊	足甬
魡	魚勺
懨	心厂日月犬
澔	水白牛口
渢	水風
幇	土土寸巾
髭	長彡止匕
珎	王尔
虆	艸三田糸
槇	木真
囲	圍井
暀	日行主
儚	人艸四冂夕
傖	人倉
偝	人北月
糴	人米羽隹
鐔	金西日十
肭	月内
狍	犬勹巳
匐	勹畐
謌	言丁口丁口
懐	心亠四衣
漖	水耂子攴
獣	⺍田一口犬
鼡	⺍几扌
濆	水屮貝
戻	戶大
陲	阝垂
牁	爿丁口
繲	糸角刀牛
坻	土氏丶
掟	扌宀正
嚏	口十冂田疋
佻	人兆
敉	米攴
汸	水方
陬	阝耳又
驂	馬三厶人彡
悊	扌斤心
薫	艸千田土火
蕝	艸糸𠂊巴
厎	厂氏丶
覘	卜口見
呰	止匕口
嗞	口䒑幺幺
鸀	四勹虫鳥
甡	生生
盥	臼水皿
躱	身乃木
仳	人比
欷	乂𠂇巾欠
鍜	金叚
魼	魚去
斉	齊
慬	心堇
営	⺍冂呂
栄	⺍冂木
汔	水乞
乀	丶
荽	艸爪女
桎	木至
蜞	虫其
蛸	虫小月
盱	目丁一
溷	水圍豕
袈	力口衣
覡	工从見
攖	扌貝貝女
蝲	虫束刀
蝂	虫爿反
囷	圍禾
趼	足一廾
嘽	口口口甲一
簭	竹工从公
鐖	金幺幺戈人
脕	月象儿
夐	𠂊内目夂
弚	八丨弓
澥	水角刀牛
扃	戶冂口
拏	女又手
耜	耒㠯
茛	艸艮
叶	口十
喰	口食
眚	生目
徭	行爪缶
胴	月同
觚	角瓜
繯	糸四一口衤
壢	土厂禾禾止
蒎	艸水𠂆从
靉	雨云爪冂心夂
樋	木辵甬
鵪	大申鳥
蝰	虫大土土
氅	尚攴毛
晩	日象儿
黥	黑京
嵫	山䒑幺幺
贔	三貝
倶	人目廾
鰣	魚日土寸
訐	言干
旂	㫃斤
斿	㫃子
邶	北阝
犖	火火冂牛
溦	水山一几攴
窞	穴𠂊臼
紒	糸介
堞	土世木
聒	耳舌
蹂	足矛木
笂	竹丮
箹	竹糸勺
僬	人隹火
猙	犬爪尹
鰈	魚世木
袱	衤人犬
遴	辵米舛
纊	糸广黃
紼	糸弓八
壚	土虎田皿
愨	士冂一殳心
駙	馬人寸
蘀	艸扌四幸
蓐	艸辰寸
蔀	艸立口阝
軽	車又土
嘂	四口丩
巋	山㠯止彐冂巾
嵂	山行尹二
徴	行山王攴
郤	谷阝
鏝	金日四又
瘕	疒叚
滒	水丁口丁口
叕	叕
璫	王尚田
莃	艸乂𠂇巾
樻	木中一貝
嗾	口㫃矢
舄	臼烏
疸	疒日一
悝	心里
殂	歹且
迋	辵王
墼	車凵殳土
楀	木禹
奭	大百百
臸	至至
蜩	虫用口
鴞	口丂鳥
黼	业巾⺍甫
嵖	山木日一
睺	目人龴矢
侀	人一廾刀
鋱	金弋心
鉯	金厶人
塱	良月土
頖	半頁
憍	心丿大口冂口
悾	心穴工
忸	心丑
滆	水鬲
浭	水一日乂
潵	水廿月攴
洊	水才子
浥	水口巴
迡	辵尸匕
妁	女勺
毐	士母
捩	扌戶犬
奓	大多
哫	口足
鯓	魚身
渼	水羊大
紘	糸𠂇厶
豌	豆宀夕卩
駘	馬厶口
頼	束頁
蹚	足尚土
躊	足士㇕工一口寸
嚜	口黑土
毘	田比
嶆	山一曲日
簬	竹足夂口
犵	犬乞
鮱	魚耂
讞	言虎鬲犬
剤	齊刀
竑	立𠂇厶
瀡	水阝辵𠂇工月
顁	宀正頁
衯	衤分
襞	尸口辛衣
姉	女巿
彖	彑豕
姙	女人壬
帑	女又巾
髹	長彡人木
揶	扌耳阝
呬	口四
瞌	目去皿
鼯	臼釆五口
猱	犬矛木
縻	麻糸
怦	心干八
忡	心中
渋	水止⺍
洫	水血
濘	水宀心皿丁
榖	士冂一木殳
甍	艸四冂瓦
蒗	艸水良
櫞	木糸彑豕
蝮	虫𠂉日夂
嗼	口艸日大
呪	口口儿
嶒	山曾
顗	山豆頁
歓	𠂉一隹欠
龠	龠
痍	疒大弓
懣	水廿内内心
渟	水京丁
褦	衤厶月比
娸	女其
嬢	女衣八甘
邗	干阝
堙	土西土
抨	扌干八
蝌	虫禾斗
哘	口行
矓	目龍
臾	臼人
螣	朕虫
夌	土八夂
瑢	王穴公
鞞	革卑
蕓	艸雨云
剞	大丁口刀
綔	大一丂丿糸
囮	圍化
眄	目丁乚㇕
嶈	山爿肉寸
黐	禾人水亠乂凵禸
懞	心艸冃豕
湡	水禺
淆	水乂𠂇月
沆	水亢
袙	衤白
姤	女𠂆口
鬈	長彡龹卩
酗	酉乂凵
篝	竹甘冄
穠	禾曲辰
伉	人亢
徜	行尚
貊	豸百
悃	心圍木
継	糸米乚
扞	扌干
蕻	艸長艸廾
蒶	艸糸分
唖	口亞
賅	貝亥
睽	目癶天
箅	竹田几
傜	人爪缶
鏚	金戌卜小
臌	月十豆十又
犴	犬干
匍	勹甫
瘌	疒束刀
曽	曾
濋	水木木疋
潕	水無
戣	癶天戈
姮	女二日
塄	土四方
桄	木光
吁	口丁一
佴	人耳
仉	人几
湲	水爪二丿又
祓	示犬㇕
紲	糸世
垜	土乃木
齧	丰刀齒
栫	木才子
枘	木内
権	木𠂉一隹
檞	木角刀牛
刳	大一丂刀
犒	牛京口
剰	千艸木刀
秕	禾比
佌	人止匕
鯪	魚土八夂
癘	疒萬
粄	米反
炘	火斤
悢	心良
湅	水柬
礽	示乃
皯	皮干
薠	艸火頁
芓	艸子
喁	口禺
稞	禾果
皞	白白大十
鯗	羊魚
悒	心口巴
忑	下心
縶	幸丮糸
瓘	王艸口口隹
聡	耳公心
鞚	革穴工
榎	木頁夂
槻	木夫見
鄲	口口甲一阝
黟	黑多
鎹	金辵䒑大
濇	水土从
労	⺍冂力
汭	水内
扆	戶衣
隩	阝宀米大
繐	糸專心
娩	女象儿
搠	扌屰月
枵	木口丂
螈	虫厂白小
睥	目卑
臬	自木
傺	人肉又示
邠	分阝
鮞	魚而
鰷	魚人丨夂木
鯇	魚宀一兀
沚	水止
澠	水黽
瑨	王晉
耬	耒婁
挻	扌廴丿止
靺	革末
葃	艸日乍
屺	山己
迮	辵乍
脡	月廴千土
朓	月兆
痩	疒申又
巣	⺍果
挲	水少手
祆	示天
芞	艸气
茌	艸人士
栝	木舌
螃	虫亠八冂方
昪	日厶廾
幘	巾丰貝
儇	人四一口衤
獷	犬广黃
嫄	女厂白小
殧	歹京𠂇
丼	井丶
墁	土日四又
捜	扌申又
鞨	革日勹亡
欐	木麗
磡	石甘匚八力
覧	臣𠂉丶見
歔	虎业欠
艶	曲豆𠂊巴
髎	骨羽人彡
黌	臼爻冂黃
躰	身本
鱧	魚曲豆
麈	鹿主
淏	水日天
禊	示丰刀大
烝	㇕水一火
纋	糸頁心夂
繰	糸三口木
趔	走歹刀
玡	王牙
掊	扌立口
蟋	虫釆心
迚	辵中
暐	日㐄口㐄
毳	三毛
儰	人艸爲
錬	金東
鱖	魚厂屰欠
訇	勹言
汚	水丂一
陴	阝卑
紑	糸不
犛	未攴厂牛
埴	土直
搐	扌亠幺田
藸	艸豕者
蒛	艸缶夬
蕅	艸水禺
軔	車刀丶
靦	面見
蛯	虫耂
喨	口京几
黻	业巾⺍犬㇕
鍚	金昜
凖	冫隹十
廨	广角刀牛
瘳	疒羽人彡
鶺	⺍人月鳥
滻	水立厂生
窓	穴厶心
屨	尸行婁
騭	阝步馬
婠	女宀㠯
孥	女又子
埤	土卑
琊	王牙阝
晢	扌斤日
呣	口母
昜	昜
籀	竹扌卯田
媵	朕女
癶	癶
覿	士四貝見
騒	馬又虫
揄	扌亼月刀
拶	扌巛夕
萏	艸𠂊臼
覇	西革月
厓	厂土土
躇	足艸者
簀	竹丰貝
偭	人面
儡	人三田
侘	人宀丿七
勍	京力
纀	糸人业大
圬	土一丂
垳	土行
搛	扌兼
楯	木盾
椈	木勹米
尨	𠂇彡
銚	金兆
痦	疒五口
懮	心頁心夂
氶	㇕水
塩	土𠂉口皿
蒨	艸人青
樨	木尸水牛
崕	山厂土土
巉	山象比象儿丶
犠	牛羊我
笅	竹爻
弇	亼口廾
貅	豸人木
舭	舟比
廆	广鬼
怍	心乍
愮	心爪缶
悛	心厶八夂
滀	水亠幺田
寘	宀真
夛	彐夕
彑	彑
亏	一丂
垎	土夂口
蒴	艸屰月
柃	木令
鉒	金主
魨	魚屯
鯡	魚非
邡	方阝
沋	水𠂇
氿	水九
絪	糸圍大
紝	糸壬
纘	糸先先貝
墠	土口口甲一
塲	土𠂉昜
駆	馬匚乂
撟	扌丿大口冂口
蔌	艸束欠
瞢	艸四冂目
雱	雨方
砕	石九十
啁	口用口
岠	山巨
簨	竹巳巳艸廾
俉	人五口
翛	人丨攴羽
傝	人日羽
垕	𠂆口土
艟	舟立田土
誋	言己心
冴	冫牙
怩	心尸匕
滉	水日光
沴	水人彡
浄	水𠂊尹
澉	水敢
衧	衤丁一
阼	阝乍
牂	爿羊
姞	女士口
垧	土宀口
逹	辵幸
栭	木而
砒	石比
狃	犬丑
澌	水其斤
綮	戶攴糸
趄	走且
絜	丰刀糸
掭	扌天心
戁	堇隹心
茺	艸了儿
螻	虫婁
崋	山華
覦	亼月刀見
庣	广兆
烺	火良
熻	火亼口羽
潸	水木木月
沕	水勿
褑	衤爪二丿又
繖	糸廿月攴
孋	女麗
妢	女分
檉	木耳口王
霪	雨水爪壬
尪	尢王
崟	山金
呑	丿大口
玀	犬四糸隹
瘥	疒羊工
怫	心弓八
褙	衤北月
隣	阝米舛
郪	一尹女阝
耋	耂至
珧	王兆
遘	辵甘冄
蕺	艸口耳戈
椀	木宀夕卩
剄	巠刀
慝	匚艸𠂇口心
嗛	口兼
牾	牛五口
侉	人大一丂
倓	人火火
脰	月豆
賸	朕貝
鰰	魚示申
憡	心竹朿
烔	火同
燠	火宀米大
濊	水止戌㐄
遅	辵尸羊
闀	門艸廾巳
婗	女臼儿
紕	糸比
殪	歹士冂豆
掤	扌朋
葸	艸田心
貰	世貝
蓊	艸公羽
柈	木半
楗	木廴尹二
划	戈刀
匜	匚也
躔	足广里八土
伾	人不一
瑆	王日生
皵	廿日皮
茇	艸犬㇕
蕆	艸戊貝
棬	木龹卩
簕	竹革力
傒	人爪幺大
獼	犬弓爾
卆	九十
袤	衣矛
悗	心象儿
洑	水人犬
瀷	水羽田艸廾
祌	示中
褘	衤㐄口㐄
韡	㐄口㐄華
縴	糸亠幺冂牛
瑝	王白王
葎	艸行尹二
椚	木門
礴	石艸水甫寸
賻	貝甫寸
鯠	魚來
鄜	鹿阝
忕	心大
屣	尸行止止
翬	羽冂車
圷	土下
酤	酉古
柷	木口儿
躅	足四勹虫
昺	日丙
罍	三田缶
傋	人甘冄
俙	人乂𠂇巾
脙	月求
肄	匕矢尹二
麿	麻呂
癔	疒立日心
蛍	⺍冂虫
湳	水十冂半
濈	水口耳戈
祅	示丿大
丮	丮
縁	糸彐豕
璿	王卜冂一八人目
睚	目厂土土
癿	白乚
鱒	魚八酉寸
瘙	疒又丶虫
忪	心公
阯	阝止
娠	女辰
覯	甘冄見
蕢	艸中一貝
棼	木木分
欑	木先先貝
蜴	虫日勿
躕	足广十豆寸
甁	并瓦
簰	竹爿卑
侳	人从土
儴	人衣口口甘
鄶	會阝
鏐	金羽人彡
鰾	魚西示
迯	辵夕卜
亰	京
裒	衣臼
庤	广土寸
癃	疒阝夂一生
浘	水尸毛
扂	戶卜口
祫	示亼口
閺	門日文
臠	䜌肉
挿	扌千日
棌	木爪木
歭	止土寸
蝙	虫戶冊
戥	日生戈
忮	心十又
惈	心果
襻	衤爻木木大手
褫	衤𠂆虎
禚	示羊火
掲	扌日勹匕
攛	扌穴臼釆
扱	扌及
鞎	革艮
唴	口羊儿
曚	日艸冃豕
昳	日失
岼	山干八
礐	臼爻冂石
伋	人及
鮀	魚它
誸	言弓亠幺
庁	广丁
慲	心廿内内
慥	心辵牛口
祧	示兆
褕	衤亼月刀
堥	矛攴土
夃	乃又
妧	女一兀
媺	女山一几攴
毿	三厶人彡毛
拫	扌艮
搦	扌弓冫弓冫
砢	石丁口
籐	竹朕水
穜	禾立田土
倻	人耳阝
癈	疒癶弓殳
漭	水艸犬廾
襤	衤監
憙	十豆口心
趫	走丿大口冂口
瑱	王真
耱	耒麻石
攮	扌一中冂口口甘衤
釃	酉麗
嶌	山鳥
偛	人千臼
犽	犬牙
羑	羊𠂊丶
怏	心冂大
灄	水三耳
洿	水大一丂
渉	水止少
潃	水行夂月
瀙	水立木見
戭	寅戈
袛	衤氏丶
綍	糸十冂子
嫜	女立日十
弆	去廾
捭	扌卑
栱	木艸廾
蜮	虫戈口一
蜢	虫子皿
舁	臼廾
仏	人厶
鞤	土土寸革
塝	土亠八冂方
搣	扌戌火
撹	扌⺍冂見
茪	艸光
棻	艸分木
酴	酉余
槧	車斤木
栴	木𠂉丹
翃	𠂇厶羽
歯	齒
嗕	口辰寸
嚌	口齊
秭	禾𠂔
畠	白田
夎	从土夂
猻	犬子丿糸
譃	言虎业
瘼	疒艸日大
涜	水士冂儿
褓	衤人口木
艸	艸
姏	女甘
垤	土至
哢	口王廾
簏	竹鹿
釢	金乃
熲	匕火頁
癀	疒黃
鏖	鹿金
潲	水禾小月
殠	歹自犬
堣	土禺
玕	王干
驫	三馬
荄	艸亥
薀	艸水圍人皿
酲	酉口王
囫	圍勿
蹓	足卯田
罽	四厂火火刀
嶢	山堯
崁	山土欠
崡	山了⺍凵
牤	牛亡
黧	禾丿刀黑
僸	人木木示
劊	會刀
钀	金虎鬲犬
銗	金𠂆口
腄	月垂
脇	月三力
脧	月厶八夂
孳	䒑幺幺子
涬	水幸
厳	⺍厂敢
涴	水宀夕卩
襁	衤弓口虫
闅	門目攴
菤	艸龹卩
莙	艸尹口
腠	月廾天
腧	月亼月刀
鮪	魚𠂇月
瘰	疒田糸
疧	疒氏
疰	疒主
摽	扌西示
蕘	艸堯
梺	木木下
檑	木雨田
輞	車网亡
霂	雨水木
黷	黑士四貝
眈	目冂儿
犤	牛四厶月比
儞	人爾
敍	余攴
衞	行㐄口一巾
飮	食卜欠
鐡	金十戈口䒑
脥	月大从
亹	亠臼同冂且
膂	㫃从月
廃	广癶二儿
癉	疒口口甲一
愭	心耂日
褗	衤匚日女
衪	衤也
妯	女由
縼	糸㫃疋
蓂	艸冂日宀
篥	竹西木
簃	竹禾多
儱	人龍
螽	夂冫虫虫
爝	火爪四艮寸
垰	土卜二卜
堨	土日勹亡
趠	走卜日十
拝	扌一丰
鞮	革是
酎	酉寸
暠	日京口
鼩	臼釆勹口
劓	鼻刀
燐	火米舛
涗	水公儿
漥	水穴土土
袴	衤大一丂
襆	衤业大
姺	女先
娭	女厶矢
趲	走先先貝
払	扌厶
楢	木八酉
貺	貝口儿
艤	舟羊我
膻	月亠回日一
胼	月并
疻	疒口八
煇	火冂車
羼	尸三羊
埏	土廴丿止
珷	王戈止
珽	王廴千土
驩	馬艸口口隹
騩	馬鬼
苖	艸由
蒢	艸阝余
栻	木弋工
齢	齒令
喌	口口⺍巛
嗿	口今貝
幪	巾艸冃豕
嶉	山口隹
矧	矢弓丨
犦	牛日艸廾水
簷	竹𠂊厂八言
鼴	臼釆匚日女
魊	鬼戈口一
齁	鼻勹口
偊	人禹
倞	人京
悆	余心
鍭	金人龴矢
艂	舟夂丰
脟	月爪寸
虓	九虎
鰹	魚臣又土
褊	衤戶冊
妀	己女
繧	糸雨云
縄	糸黽
綎	糸廴千土
塏	土山豆
垍	土自
琀	王今口
蒹	艸兼
磻	石釆田
匸	匚
躓	足斤斤貝
笘	竹卜口
貔	豸囟比
獮	犬爾
鮓	魚乍
痼	疒圍古
汧	水一廾
涷	水東
窅	穴目
垗	土兆
瑅	王是
藒	艸禾日勹亡
蓧	艸人丨夂木
薸	艸水西示
槙	木真
椄	木立女
礅	石京子攴
跂	足十又
蹣	足廿内内
畤	田土寸
晫	日卜日十
黹	业巾⺍
賎	貝戔
惣	牛勿心
皝	白王光
傞	人羊工
衎	行干
諵	言十冂半
竝	立立
洢	水人尹
郿	眉阝
姽	女𠂊厂卩
堷	土立日
珵	王口王
捃	扌尹口
芼	艸毛
槤	木辵車
柸	木不一
梏	木牛口
忐	上心
嘓	口圍戈口一
晧	日牛口
麇	鹿禾
潗	水隹木
陜	阝大从
弐	戈二
赬	赤卜貝
埆	土角
玞	王夫
駄	馬太
薢	艸角刀牛
厜	厂垂
厖	厂𠂇彡
劂	厂屰欠刀
匼	匚亼口
蚡	虫分
崶	山土土寸
勲	千田土力火
蜑	廴丿止虫
傴	人匚三口
儵	人丨攴黑
劒	亼口口从刀丶
郛	爪子阝
颻	爪缶風
鵺	亠人夕丶鳥
奨	爿爪寸大
湀	水癶天
灉	水巛口巴隹
矞	矛内口
娯	女吳
邽	土土阝
択	扌尺
苠	艸民
蝣	虫㫃子
嚗	口日艸廾水
偁	人爪魚
狨	犬戈𠂇
訏	言丁一
諴	言戌口
瀣	水歹又韭
綝	糸木木
堎	土土八夂
壱	士冂匕
聹	耳宀心皿丁
捔	扌角
菍	艸今心
杮	木巿
勅	束力
輊	車至
栃	木𠂆一力
磙	石衣公
齮	齒大丁口
罣	四土土
瞴	目無
飳	食主
譫	言𠂊厂八言
遹	辵矛内口
翯	羽京口
繍	糸尹𣶒
堧	土而大
捊	扌爪子
掮	扌戶月
恧	而心
蜾	虫果
咥	口至
辿	辵山
詀	言卜口
蘾	艸土衣四水
蘞	艸亼口口从攴
樫	木臣又土
睃	目厶八夂
頲	廴千土頁
怓	心女又
禔	示是
禘	示帝
弸	弓朋
繘	糸矛内口
莰	艸土欠
棈	木青
棤	木廿日
楩	木人一日乂
枹	木勹巳
郫	卑阝
偟	人白王
脽	月隹
獊	犬倉
膷	月阝良阝
粺	米卑
掎	扌大丁口
靷	革弓丨
菉	艸彑
橀	木了巛皿
碥	石戶冊
躑	足八酉大阝
跕	足卜口
褁	果衤
顕	日业頁
鷡	無鳥
甃	禾火瓦
篨	竹阝余
倷	人大示
偍	人是
鶲	公羽鳥
瓞	瓜失
獴	犬艸冃豕
鮇	魚未
炰	勹巳火
糬	米四者
焮	火斤欠
泙	水干八
挙	⺍廾手
洚	水夂㐄
祔	示人寸
闓	門山豆
玗	王丁一
挵	扌王廾
棓	木立口
篚	竹匚非
銕	金大弓
瘵	疒肉又示
惛	心氏日
棨	戶攴木
駸	馬彐冂又
揵	扌廴尹二
萭	艸禹
藠	艸三白
蔿	艸爲
藦	艸麻手
榯	木日土寸
斝	口口冂斗
暍	日日勹亡
賥	貝卒
舲	舟令
狚	犬日一
鰕	魚叚
怱	囪心
讃	言夫夫貝
癧	疒厂禾禾止
瘐	疒臼人
渃	水艸𠂇口
浡	水十冂子
涢	水口貝
渕	水䒑大刀
衶	衤中
擐	扌四一口衤
挼	扌爪女
莕	艸木口
葥	艸䒑月刀
栯	木𠂇月
桕	木臼
蚷	虫巨
咡	口耳
篌	竹人龴矢
俥	人車
脭	月口王
狁	犬厶儿
鯔	魚巛田
訞	言丿大
埫	土尚
摛	扌亠乂凵禸
苨	艸尸匕
厰	厂尚攴
尰	尢千田土
躞	足言火火又
囃	口衣木隹
婓	非女
偢	人禾火
鉶	金一廾刀
钁	金目目隹又
舺	舟甲
狌	犬生
頩	并頁
憱	心京𠂇
隉	阝臼工
翋	羽立
姁	女勹口
嫋	女弓冫弓冫
喤	口白王
眳	目夕口
釭	金工
鋂	金每
洀	水舟
湇	水立月
祏	示石
墘	土十日十乞
逜	辵五口
捽	扌卒
揎	扌宀二日
轌	車雨彐
轢	車白幺幺木
吷	口夬
倂	人并
飜	釆田乙冫非
釈	釆尺
臑	月雨而
猹	犬木日一
竷	立日十夂㐄夂
瘽	疒堇
淯	水了月
宍	宀宀
裃	衤卜二卜
袘	衤𠂉也
嬶	女鼻
嬾	女束𠂊貝
絘	糸冫欠
蓇	艸骨
茖	艸夂口
朢	臣月王
啕	口勹缶
賍	貝广土
稃	禾爪子
籣	竹門柬
脤	月辰
鮚	魚士口
鮐	魚厶口
鳽	一廾鳥
堽	土四正
縠	士冂一糸殳
苳	艸夂冫
樿	木口口甲一
匰	匚口口甲一
蜊	虫禾刀
帴	巾戔
嵎	山禺
伀	人公
盦	今酉皿
凮	凡白
颸	風田心
厹	九厶
惝	心尚
溽	水辰寸
涊	水刀丶心
婥	女卜日十
珦	王宀口
輜	車巛田
碹	石宀二日
鯝	魚圍古
綀	糸束
縡	糸宀辛
栞	干干木
殢	歹帶
拠	扌夂几
搌	扌尸廿衤
遰	辵帶
爇	艸土八土丮火
韁	革三田田
轔	車米舛
橪	木肉犬火
煕	臣巳火
蝳	虫丰母
蜉	虫爪子
嗩	口小貝
噍	口隹火
啍	口京子
髃	骨禺
盉	禾皿
猁	犬禾刀
匂	勹匕
痃	疒亠幺
懆	心三口木
惓	心龹卩
渱	水虫工
浛	水今口
祊	示方
祤	示羽
閟	門必
娖	女口止
繦	糸弓口虫
坫	土卜口
珛	王𠂇月
珹	王成
揲	扌世木
攠	扌麻非
扠	扌又丶
茩	艸𠂆口
茀	艸弓八
巘	山虎鬲犬
鋩	金艸亡
錧	金宀㠯
遯	辵月豕
脬	月爪子
鮂	魚圍人
廒	广敖
怭	心必
皕	百百
垝	土𠂊厂卩
垵	土宀女
搢	扌晉
攄	扌虎田心
拡	扌广厶
鞐	革卜二卜
蟿	車凵殳虫
暦	厂木木日
晄	日光
眛	目未
罥	四口月
罠	四民
嶵	山四非
啎	午五口
筰	竹人乍
簩	竹火火冂力
僛	人其欠
俍	人良
龢	龠禾
彴	行勺
舢	舟山
臓	月艸戊臣
毞	比毛
豋	肉又豆
庨	广耂子
緳	广丰刀糸
羕	羊永
愯	心隹又
欻	火火欠
懠	心齊
悰	心宀示
溂	水束刀
滵	水宀必山
禋	示西土
祾	示土八夂
冘	冂儿
冞	冂米
臦	臣臣
墬	阝彑豕土
縸	糸艸日大
鬏	長彡禾火
椇	木目廾
蠑	虫火火冂木
賕	貝求
臢	月先先貝
悈	心戈廾
忭	心亠卜
瓅	王白幺幺木
藾	艸束𠂊貝
苶	艸人小
杻	木丑
噭	口白方攴
唼	口立女
峠	山卜二卜
笵	竹水卩
偰	人丰刀大
谻	谷丮
餠	食并
巟	亡巛
凘	冫其斤
麤	三鹿
纇	米糸頁
悧	心禾刀
溘	水去皿
寑	宀人彐冂又
彠	彐工口寸艸隹又
陥	阝𠂊丨日
弶	弓京
荍	艸丩攴
桫	木水少
昻	日工卩
鎛	金甫寸
鈏	金弓丨
鵟	犬王鳥
廑	广堇
垞	土宀丿七
騑	馬非
騲	馬艸日十
莁	艸工从
醑	酉疋月
彯	西示彡
霙	雨艸冂大
雰	雨分
跢	足多
甽	田巛
黢	黑厶八夂
斁	四幸攴
盻	目八丂
睒	目火火
秪	禾氏丶
僈	人日四又
虒	𠂆虎
膮	月堯
胲	月亥
觔	角力
忞	文心
謧	言亠乂凵禸
冱	冫互
怞	心由
悇	心余
漻	水羽人彡
縕	糸圍人皿
妘	女云
婻	女十冂半
紵	糸宀丁
矻	石乞
呫	口卜口
蹁	足戶冊
曀	日士冂豆
籦	竹金千田土
傌	人馬
鉏	金且
脞	月从土
鯷	魚是
鰉	魚白王
庳	广卑
恉	心旨
冖	冂
檗	尸口辛木
瞀	矛攴目
絿	糸求
隷	士示尹⺍
鵐	工从鳥
垙	土光
墦	土釆田
瑧	王廾禾
鞡	革扌立
莅	艸人立
軺	車刀口
郕	成阝
齕	齒乞
蟳	虫彐工口寸
嶮	山亼口口从
徧	行戶冊
瘊	疒人龴矢
慓	心西示
溍	水晉
沄	水云
灡	水艸門柬
渇	水日勹匕
濧	水业土寸
泆	水失
溞	水又丶虫
屛	尸并
姌	女冄
縗	糸衣冄
綅	糸彐冂又
楳	木甘木
朿	朿
旼	日文
瞍	目申又
鍉	金是
銛	金舌
鮠	魚𠂊厂卩
詷	言同
潟	水臼烏
泇	水力口
孅	女从戈韭
瑊	王戌口
駰	馬圍大
抃	扌亠卜
葖	艸穴犬
楅	木畐
酺	酉甫
棶	木來
輠	車果
椑	木卑
枠	木九十
楤	木囪心
黶	厂日月犬黑
虷	虫干
吪	口化
屴	山力
簠	竹甫皿
皜	白京口
儗	人匕矢龴疋
臒	月艸隹又
猢	犬古月
膬	月三毛
瘯	疒㫃矢
恅	心耂
粋	米九十
裀	衤圍大
襜	衤𠂊厂八言
閦	門三人
剟	叕刀
恝	丰刀心
蒻	艸弓冫弓冫
唪	口廾扌
踺	足廴尹二
欥	日欠
嵁	山甘匚八
眙	目厶口
氕	气丿
譾	言䒑月刀羽
迉	辵尸
絧	糸同
賛	夫夫貝
頬	大䒑頁
耵	耳丁
瑒	王昜
藨	艸鹿火
圀	圍八方
踣	足立口
嘚	口行日一寸
黰	黑真
崱	山貝刀
鼽	鼻九
粍	米毛
瑬	水了巛玉
瀍	水广里八土
戽	戶斗
閖	門水
弝	弓巴
揃	扌䒑月刀
櫌	木頁心夂
鱺	魚麗
觖	角夬
豇	豆工
趧	走是
慹	幸丮心
珸	王五口
毦	耳毛
擗	扌尸口辛
蔕	艸帶
蔱	艸乂木殳
棫	木戈口一
轤	車虎田皿
柎	木人寸
硏	石干干
礌	石雨田
磉	石三又木
敺	匚三口攴
蹀	足世木
躪	足艸門隹
晥	日宀一兀
罶	四卯田
犝	牛立田土
秖	禾氏
倴	人奔
牮	人弋牛
僗	人火火冂力
頠	𠂊厂卩頁
焔	火𠂊丨日
熀	火日光
袽	衤女口
鄩	彐工口寸阝
弳	弓巠
嫪	女羽人彡
枒	木牙
燹	豕豕火
瘑	疒咼
焌	火厶八夂
泂	水冂口
潚	水尹𣶒
奡	頁大八
殈	歹血
琭	王彑
攉	扌雨隹
萉	艸月巴
楱	木廾天
檟	木西貝
輶	車八酉
啢	口一内内
慁	圍豕心
圐	圍四方
踽	足禹
跘	足半
喦	三口山
暅	日心二日
幓	巾三厶人彡
瞹	目爪冂心夂
皊	白令
鐚	金亞心
鑴	金山隹内口
舡	舟工
鱲	魚巛囟釆
鄘	广尹用阝
洘	水耂丂
洈	水𠂊厂卩
襌	衤口口甲一
躄	尸口辛足
媦	女田月
婸	女昜
坏	土不
坶	土母
撙	扌八酉寸
艼	艸丁
蒠	艸自心
蒺	艸疒矢
栁	木夕卩
碏	石廿日
虸	虫子
躦	足先先貝
棐	非木
幬	巾士㇕工一口寸
够	勹口多
恓	心西
汒	水亡
袗	衤人彡
圣	又土
殙	歹氏日
敔	五口攴
摰	土八土丮手
趯	走羽隹
擭	扌艸隹又
撚	扌肉犬火
鄀	艸𠂇口阝
蘘	艸衣口口甘
蒟	艸立勹口
蒄	艸冃兀寸
覅	西女勿
猋	三犬
敊	上小攴
敹	歹米攴
跐	足止匕
羉	四䜌
崥	山卑
歃	千臼欠
鍈	金艸冂大
凧	凡巾
颭	風卜口
膰	月釆田
鰺	魚三厶人彡
烠	火𠂇月
燋	火隹火
鵷	宀夕卩鳥
娷	女垂
繺	幺𠂊彐攴火
繶	糸立日心
墚	土水刀八木
琁	王𠂉疋
晛	日見
帡	巾并
筲	竹小月
餤	食火火
訬	言少
瘖	疒立日
陊	阝多
頇	干頁
鬺	鬲𠂉昜
璈	王敖
璆	王羽人彡
莿	艸朿刀
蒤	艸水余
醐	酉古月
蜍	虫余
啀	口厂土土
餥	非食
暎	日艸冂大
畯	田厶八夂
幏	巾宀豕
皦	白白方攴
僇	人羽人彡
瓟	瓜勹巳
褩	舟殳衣
鯸	魚人龴矢
爣	火尚黑
潩	水田艸廾
襴	衤門柬
褌	衤冂車
塈	艮旡土
纆	糸黑土
縦	糸行䒑止
垪	土并
蓱	艸水并
遝	辵四水
眴	目勹日
筭	竹王廾
稂	禾良
鮦	魚同
謚	言水皿
殍	歹爪子
墈	土甘匚八力
堌	土圍古
垀	土爪丁
玊	王丶
顢	廿内内頁
韂	革𠂊厂八言
芿	艸人乃
喒	口夂卜日
噰	口亠阝隹
噂	口八酉寸
曵	申丿丶
晙	日厶八夂
巂	山隹内口
箢	竹宀夕卩
鼢	臼釆分
俛	人象儿
餖	食豆
鋀	金豆
鋐	金宀𠂇厶
憓	心專心
憺	心𠂊厂八言
綷	糸卒
紞	糸冂儿
擿	扌辵帝口
韮	艸韭
蕣	艸爪冂舛
朸	木力
蹯	足釆田
仭	人刀丶
鏾	金廿月攴
臗	月宀艸見丶
痏	疒𠂇月
誾	門言
蝥	矛攴虫
貮	戈貝
摋	扌乂木殳
葍	艸畐
遖	辵十冂半
靬	革干
蕡	艸屮貝
蒡	艸亠八冂方
蕷	艸予頁
輇	車人王
剗	戔刀
掔	臣又手
蚿	虫亠幺
咮	口朱
鶡	日勹亡鳥
秏	禾毛
毪	毛厶牛
傉	人辰寸
儽	人三田糸
皐	白⺍十
僋	人今貝
鉐	金石
鉱	金广厶
猄	犬京
鱓	魚口口甲一
鰯	魚弓冫弓冫
鷟	㫃矢鳥
癙	疒臼釆
怳	心口儿
燂	火西日十
洓	水朿
淛	水牛巾刀
渓	水爪夫
褖	衤彑豕
冦	冃兀攴
巹	㇕水一己
阨	阝厂卩
纚	糸麗
碃	石青
磲	石水巨木
蹖	足廾臼
唶	口廿日
呾	口日一
踟	足矢口
岍	山一廾
劁	隹火刀
銤	金米
猰	犬丰刀大
訌	言工
濩	水艸隹又
塨	土艸廾心
靸	革及
菳	艸金
薿	艸匕矢龴疋
槄	木爪臼
鄠	雨一丂阝
蟥	虫黃
晻	日大申
睆	目宀一兀
穊	禾艮旡
鞗	人丨攴革
侅	人亥
貑	豸叚
艅	舟余
憝	京子攴心
譹	言京豕
羮	羊火二大
鄫	曾阝
懽	心艸口口隹
糨	米弓口虫
燏	火矛内口
袨	衤亠幺
毣	羽毛
嫽	女一火日小
抮	扌人彡
嚆	口艸京口
眊	目毛
眕	目人彡
眵	目多
瞷	目門日
箖	竹木木
釿	金斤
鱝	魚屮貝
皸	冂車皮
嫻	女門木
瓨	工瓦
騍	馬果
揠	扌匚日女
鶾	十日十𠂉鳥
菧	艸广氏丶
轕	車艸日勹亡
樛	木羽人彡
犮	犬㇕
甗	虎鬲瓦
蟜	虫丿大口冂口
蟓	虫象
嗢	口日皿
昣	日人彡
嫳	巾⺍攴女
嶪	山业木
箶	竹古月
箙	竹月卩又
仱	人今
狳	犬余
猟	犬⺍几扌
狖	犬穴
嚲	京子口口甲一
諝	言疋月
廙	广田艸廾
潽	水並日
寖	宀水彐冂又
縩	糸肉又示
墺	土宀米大
扐	扌力
栘	木多
圁	圍言
曨	日龍
鼷	臼釆爪幺大
眢	夕卩目
諆	言其
絰	糸至
剅	豆刀
藟	艸三田
薡	艸鼎
輐	車宀一兀
迍	辵屯
岞	山乍
熈	丿臣巳火
牓	爿亠八冂方
郈	𠂆口阝
錼	金大示
脁	月兆
敻	𠂊内目攴
欬	亥欠
潅	水𠂉一隹
洨	水文八
寃	宀象儿丶
頞	宀女頁
窊	穴瓜
臩	臣臣大八
焄	尹口火
茻	四屮
摂	扌耳⺍
枻	木世
晅	日二日
侁	人先
銍	金至
猞	犬舍
讌	言燕
汋	水勺
艴	弓八𠂊巴
妬	女石
嚢	一中冂八甘衤
遶	辵堯
斲	卯亞斤
髫	長彡刀口
蓰	艸行止止
桲	木十冂子
椆	木用口
羍	大羊
厗	厂辛
勔	面力
蝻	虫十冂半
喍	口止匕木
嶲	山隹弓
敳	山豆攴
嶰	山角刀牛
瞵	目米舛
矊	目糸白巾
牥	牛方
嶨	臼爻冂山
擧	臼牙廾手
僽	人禾火心
侂	人广丿七
魵	魚分
邅	辵亠回日一
醤	爿爪寸酉
慠	心敖
煓	火山而
熥	火辵甬
沷	水犬㇕
沘	水比
瀯	水火火冂呂
疎	疋束
妠	女内
妭	女犬㇕
緵	糸乂凵八夂
霅	雨言
昫	日勹口
嶔	山金欠
僩	人門月
鍠	金白王
猦	犬風
縢	朕糸
膣	月穴至
諲	言西土
淜	水朋
墝	土堯
覩	者見
璪	王三口木
莵	艸丿口儿丶
蔤	艸宀必山
榼	木去皿
醾	酉麻米
椌	木穴工
牻	牛𠂇彡
酇	先先貝阝
穭	禾魚日
侹	人廴千土
倧	人宀示
粔	米巨
炟	火日一
焠	火卒
沇	水厶儿
窋	穴出
孲	子亞
暋	民攴日
姱	女大一丂
綼	糸卑
荸	艸十冂子
萯	艸𠂊貝
桯	木口王
筬	竹成
泝	水斥
塅	土厂三殳
埶	土八土丮
盩	幸攴皿
玶	王干八
駔	馬且
驌	馬尹𣶒
掫	扌耳又
硜	石巠
螵	虫西示
蠋	虫四勹虫
圌	圍山而
塁	田⺍土
罫	四土土卜
罝	四且
骹	骨文八
簳	竹十日十人干
筦	竹宀一兀
倢	人一彐止
偨	人止匕木
儹	人先先貝
俤	人八弓丨丿
腷	月畐
狛	犬白
肸	月八十
顚	真頁
廌	鹿烏
瘝	疒四水
澣	水十日十人干
漎	水行从止
賨	宀示貝
岊	巴山
媥	女戶冊
趑	走冫欠
鞬	革廴尹二
蝀	虫東
嚥	口燕
嚫	口立木見
贐	貝尹一火皿
傃	人丰糸
偞	人世木
歛	亼口口从欠
鈃	金一廾
鏷	金业大
鈩	金戶
谿	爪幺大谷
讘	言三耳
頏	亢頁
塭	土日皿
埇	土甬
耟	耒巨
掞	扌火火
鞁	革皮
茝	艸臣
苅	艸乂刀
輣	車朋
衊	血艸四戈人
筊	竹文八
偩	人𠂊貝
侭	人尺冫
獏	犬艸日大
狴	犬比土
鄮	卯貝阝
鱠	魚會
廯	广魚羊
溚	水艸亼口
鵼	穴工鳥
祂	示也
粛	尹𣶒
屓	尸貝
翭	羽人龴矢
娀	女戈𠂇
綖	糸廴丿止
玭	王比
晊	日至
盳	目亡
簻	竹辵咼
簜	竹水昜
儜	人宀心皿丁
鏻	金米舛
漶	水中中心
垾	土日干
墽	土白方攴
塡	土真
駺	馬良
摐	扌行从止
撖	扌敢
劐	艸隹又刀
櫙	木艸匚三口
輖	車用口
孁	雨口口口女
齵	齒禺
蝤	虫八酉
蚆	虫巴
蹍	足尸廿衤
躐	足巛囟釆
跼	足尸㇕口
囅	口口甲一尸廿衤
唅	口今口
畳	田冂且
秬	禾巨
秡	禾犬㇕
錞	金京子
钃	金尸水四勹虫
獪	犬會
腃	月龹卩
龒	龍示
糈	米疋月
惉	水卜口心
澴	水四一口衤
禖	示甘木
賮	尹一火貝
繊	糸十戈业
莇	艸且力
礓	石三田田
迵	辵同
輋	山大車
筢	竹扌巴
犄	牛大丁口
嬃	彡頁女
惏	心木木
潾	水米舛
阢	阝兀
耥	耒尚
駉	馬冂口
萳	艸十冂半
鄚	艸日大阝
蒈	艸比白
蕫	艸立田土
榲	木圍人皿
嚠	口卯金刀
暕	日柬
巓	山真頁
睎	目乂𠂇巾
眹	目䒑大
勧	𠂉一隹力
箟	竹日比
鋙	金五口
鶵	勹屮勹屮鳥
遆	辵帝
潬	水口口甲一
鍌	水先金
窉	穴丙
姡	女舌
菺	艸戶月
轘	車四一口衤
栟	木并
咇	口必
蹜	足宀人百
爞	火三虫
陑	阝而
媱	女爪缶
繝	糸門月
殗	歹大申
郚	五口阝
朅	去日勹亡
鬪	鬥豆寸
駏	馬巨
騋	馬來
騂	馬辛
珝	王羽
斠	甘冄斗
酄	艸口口隹阝
蘂	艸三心木
蔃	艸弓口虫
椪	木並
厤	厂禾禾
蟌	虫囪心
螗	虫广尹口
幰	巾宀丰四心
犓	牛勹屮勹屮
讐	隹隹言
倅	人卒
徯	行爪幺大
頴	匕示頁
瘜	疒自心
憕	心癶豆
濔	水爾
潎	水巾⺍攴
濶	水門舌
祣	示𠂉从
褵	衤亠乂凵禸
鸊	尸口辛鳥
覗	司見
彉	弓黃
芔	三屮
紩	糸失
妎	女介
偡	人甘匚八
錍	金卑
鱕	魚釆田
耖	耒少
騛	馬乙冫非
輂	艸廾車
輈	車舟
棪	木火火
雿	雨兆
蝓	虫亼月刀
呍	口云
踡	足龹卩
甞	尚甘
晬	日卒
罛	四瓜
岋	山及
犋	牛目廾
鼱	臼釆青
儃	人亠回日一
偐	人立厂彡
餀	食艸乂
鷉	𠂆虎鳥
鑞	金巛囟釆
麑	鹿臼儿
怮	心幺力
窾	穴士示欠
襐	衤象
裞	衤公儿
裲	衤一内内
袧	衤勹口
糺	糸乚
薖	艸辵咼
蔊	艸火日干
襾	西
枓	木斗
砏	石分
蜎	虫口月
曊	日弓八貝
倛	人其
腜	月甘木
脎	月乂木
雘	丹艸隹又
惵	心世木
愐	心面
泃	水勹口
阽	阝卜口
緺	糸咼
絣	糸并
坲	土弓八
瓛	王虎鬲犬
驓	馬曾
騄	馬彑
搋	扌𠂆虎
靰	革兀
剳	艸亼口刀
蔉	艸衣公
醁	酉彑
梣	木山今
榶	木广尹口
螘	虫山豆
蠵	虫山隹内口
吰	口𠂇厶
蹡	足爿肉寸
噛	口齒
勗	日且力
鷃	日宀女鳥
幠	巾無
黲	黑三厶人彡
罜	四主
巌	山⺍厂敢
崒	山卒
峛	山歹刀
牦	牛毛
稊	禾八弓丨丿
伷	人由
僔	人八酉寸
錺	金艸方
飂	風羽人彡
獥	犬白方攴
狔	犬尸匕
腍	月今心
朏	月出
謣	言雨一丂
謢	言隹又
謵	言羽白
庌	广牙
麀	鹿匕
灊	水旡旡鬲
滭	水畢
湩	水千田土
溓	水兼
潏	水矛内口
祴	示戈廾
闉	門西土
頵	尹口頁
阬	阝亢
丱	䒑
緌	糸禾女
綯	糸勹缶
蓷	艸扌隹
杕	木大
佖	人必
迻	辵多
訧	言𠂇
桊	龹木
怐	心勹口
沺	水田
墣	土业大
瑳	王羊工
騵	馬厂白小
揜	扌亼口廾
薗	艸圍土口衤
蒩	艸禾且
棽	木木今
槪	木白匕旡
盬	臣丿舌皿
蝜	虫𠂊貝
圂	圍豕
牚	尚牙
矰	矢曾
牬	牛𠂔
牿	牛牛口
篸	竹三厶人彡
犨	隹隹牛
餻	食羊火
鑚	金夫夫貝
鈚	金比
鑱	金象比象儿丶
犰	犬九
猭	犬彑豕
鵩	月卩又鳥
廞	广金欠
羖	羊殳
熇	火京口
瀿	水每攴糸
覜	兆見
澦	水予頁
湑	水疋月
祲	示彐冂又
褞	衤日皿
繑	糸丿大口冂口
婌	女上小又
坰	土冂口
琄	王口月
珖	王光
踇	足每
咍	口厶口
笭	竹令
鉧	金母
觫	角束
鮥	魚夂口
緖	糸者丶
塙	土京口
毊	士尸殳丿大口冂口
蔎	艸言殳
莐	艸水冂儿
荵	艸刀丶心
醽	酉雨口口口
蚖	虫一兀
鸆	虎吳鳥
嘒	口丰丰彐
碞	三口石
昄	日反
黮	黑甘匚八
睾	丿四幸
郳	臼儿阝
倕	人垂
狟	犬二日
猵	犬戶冊
頄	九頁
鱚	魚十豆口
讙	言艸口口隹
瘈	疒丰刀大
庛	广止匕
鷁	水皿鳥
惙	心叕
愶	心三力月
漑	水白匕旡
澼	水尸口辛
盝	彑皿
緤	糸世木
邘	丁一阝
朹	木九
蚚	虫斤
饐	食士冂豆
涒	水尹口
慭	來犬心
琈	王爪子
珓	王文八
驎	馬米舛
挍	扌文八
鞄	革勹巳
蔝	艸目米
柂	木𠂉也
豲	豕厂白小
豗	兀豕
皻	虎且皮
嚬	口步頁
暩	日肉又示
崌	山尸古
巇	山虎豆戈
箑	竹一彐止
筯	竹且力
傎	人真
攽	分攴
鯑	魚乂𠂇巾
鳦	鳥乙
瘲	疒行从止
羱	羊厂白小
渮	水艸丁口
漼	水山隹
浟	水人丨攴
袚	衤犬㇕
姈	女令
枲	厶口木
坬	土瓜
珌	王必
顠	西示頁
梛	木冄阝
筥	竹呂
俴	人戔
僿	人宀甘八土
鯫	魚耳又
迖	辵犬
氂	未攴厂毛
挀	扌𠂆从
捖	扌宀一兀
蒚	艸鬲
藂	艸耳又从
轀	車圍人皿
梲	木公儿
枌	木分
霢	雨月𠂆从
攲	大丁口十又
耎	而大
黺	业巾⺍分
牷	牛人王
臿	千臼
秺	禾宀丿七
筳	竹廴千土
毹	亼月刀毛
鞶	舟殳革
猧	犬咼
毚	象比象儿丶
旍	㫃令
泭	水人寸
惌	宀夕卩心
禡	示馬
韔	㐄口㐄長
檃	阝爪工彐木
姧	女女干
媓	女白王
緂	糸火火
杅	木丁一
醱	酉癶弓殳
礞	石艸冃豕
厞	厂非
螝	虫鬼
蜣	虫羊儿
筈	竹舌
鮨	魚旨
諌	言東
愲	心骨
怊	心刀口
紃	糸巛
鬐	長彡耂日
髧	長彡冂儿
菶	艸廾扌
惎	其心
酨	十戈酉
杬	木一兀
醨	酉亠乂凵禸
楪	木世木
尞	一火日小
蠀	虫冫欠貝
昡	日亠幺
帨	巾公儿
髄	骨辵𠂇月
箊	竹於
臈	月艸日勹亡
夆	夂丰
鄗	京口阝
瓬	方瓦
犘	麻牛
癐	疒會
憟	心西米
忳	心屯
熜	火囪心
湋	水㐄口㐄
窫	穴丰刀大
禷	示米犬頁
襶	衤十戈田艸廾
襡	衤四勹虫
閊	門山
婍	女大丁口
挐	女口手
媖	女艸冂大
綛	糸刀丶心
鄕	阝白匕阝
殭	歹三田田
拑	扌甘
揝	扌夂卜日
掻	扌又虫
萺	艸冃目
蘹	艸心衣四水
檽	木雨而
矼	石工
砫	石主
簙	竹十甫寸
諀	言卑
剫	广廿又刀
垺	土爪子
蠧	士冂石虫虫
玼	王止匕
糵	艸㠯辛米
醸	酉衣八甘
歅	西土欠
柅	木尸匕
觱	戌口角
疁	田羽人彡
虩	小日小虎
幙	巾艸日大
嵃	山立厂彡
嶓	山釆田
巃	山龍
犂	禾丿刀牛
魋	鬼隹
鐶	金四一口衤
鋋	金廴丿止
艒	舟冃目
臞	月目目隹
獟	犬堯
鸑	犬言犬鳥
鰮	魚圍人皿
鮗	魚夂冫
鮡	魚兆
懪	心日艸廾水
烱	火内口
慆	心爪臼
浤	水宀𠂇厶
寪	宀爲
繀	糸山隹
嫭	女虎爪丁
梠	木呂
橚	木尹𣶒
犪	牛八頁止巳夂
閷	乂木門人
鐕	金旡旡日
鐋	金水昜
夘	夕卩
誷	言网亡
瑑	王彑豕
搒	扌亠八冂方
葝	艸巠力
薋	艸冫欠貝
酏	酉也
楉	木艸𠂇口
繄	匚矢殳糸
齛	齒世
噀	口巳巳艸廾
氀	婁毛
氍	目目隹毛
眽	目𠂆从
睠	目龹卩
箒	竹彐冂巾
忥	气心
侴	亼丑刀
獦	犬艸日勹亡
鯥	魚土八土
觿	角山隹内口
浢	水豆
淔	水直
潐	水隹火
禨	示幺幺戈人
閇	門下
阹	阝去
繵	糸亠回日一
抆	扌文
芅	艸弋
廼	廴西
檛	木辵咼
篛	竹弓冫弓冫
僆	人辵車
伬	人尺
餕	食厶八夂
錏	金亞
媬	女人口木
殣	歹堇
塥	土鬲
褧	耳火衣
髣	長彡方
聱	敖耳
珶	王八弓丨丿
攦	扌麗
挓	扌宀丿七
捥	扌宀夕卩
尭	屮兀
藙	艸立豕殳
蓪	艸辵甬
楬	木日勹亡
檓	木臼工殳
砯	石水丶
祡	止匕示
蝪	虫昜
甿	田亡
旿	日午
帾	巾者
箷	竹㫃也
烋	人木火
餂	食舌
钂	金尚黑
獳	犬雨而
朘	月厶八夂
鱣	魚亠回日一
匊	勹米
廗	广帶
忣	心及
韣	㐄口㐄四勹虫
癹	癶殳
姎	女冂大
絻	糸象儿
纕	糸衣口口甘
笴	竹丁口
鋳	金丰寸
膍	月囟比
糌	米夂卜日
縎	糸骨
塿	土婁
耠	耒亼口
璮	王亠回日一
驦	馬雨木目
抾	扌去
搷	扌真
擫	扌厂日月犬
搨	扌日羽
摡	扌艮旡
靾	革世
蓳	艸堇
蟼	艸勹口攴虫
棯	木今心
敧	大丁口攴
匽	匚日女
匢	匚勿
嚚	四口臣
崝	山青
崀	山良
簉	竹辵牛口
篽	竹行午止卩
儌	人白方攴
儦	人鹿火
鄬	爲阝
狣	犬兆
胕	月人寸
腯	月盾
腟	月宀至
雊	勹口隹
廇	广卯田
熅	火圍人皿
褮	火火冂衣
漙	水專
渻	水少目
漴	水山宀示
裄	衤行
裗	衤了巛
鶤	冂車鳥
韎	㐄口㐄末
弽	弓世木
嫇	女冂日宀
繣	糸尹二田一
弃	了廾
蒱	艸扌甫
菼	艸火火
穄	禾肉又示
鑛	金广黃
鰒	魚𠂉日夂
涽	水氏日
犎	土土寸牛
壝	土辵中一貝
壌	土衣八甘
摴	扌雨一丂
抇	扌日
萐	艸一彐止
靻	革且
栵	木歹刀
尃	甫寸
櫑	木三田
楡	木亼月巛
霫	雨羽白
蝃	虫叕
羂	四糸口月
嵕	山乂凵八夂
岧	山刀口
蠈	貝戈𠂇虫
賵	貝冃目
箘	竹圍禾
籔	竹婁攴
兪	亼月巛
飣	食丁
瓥	瓜豕虫虫
舠	舟刀
颲	風歹刀
猺	犬爪缶
鮄	魚弓八
褭	衣馬
鸇	亠回日一鳥
惤	心弓亠幺
裯	衤用口
邲	必阝
繠	三心糸
敯	民日攴
剼	三厶人彡刀
极	木及
茠	艸人木
蔍	艸鹿
杙	木弋
柤	木且
靃	雨隹隹
儤	人日艸廾水
佁	人厶口
鐇	金釆田
鋲	金斤廾
狺	犬言
詧	肉又言
讋	龍言
瘃	疒豕
沶	水示
殏	歹求
刲	土土刀
堉	土了月
垿	土广予
棸	耳又木
莍	艸求
蕸	艸辵叚
芧	艸予
榃	木木田
槬	木大一丂瓜
檇	木隹弓
麭	來夂勹巳
楟	木京丁
槮	木三厶人彡
鷖	匚矢殳鳥
螬	虫一曲日
峘	山二日
矱	矢艸隹又
玁	犬口口厂敢
狪	犬同
鯯	魚牛巾刀
羗	羊儿厶
緛	糸而大
媂	女帝
砮	女又石
茋	艸氏丶
篴	竹辵豕
鉋	金勹巳
胑	月口八
腇	月禾女
訄	九言
迆	辵也
刓	一兀刀
捗	扌步
扢	扌乞
擸	扌巛囟釆
茿	艸工凡
雚	艸口口隹
芺	艸丿大
蓹	艸行午止卩
橁	木竹勹日
磑	石山豆
硿	石穴工
蟫	虫西日十
螠	虫水皿
跅	足斥
蹛	足帶
咢	口口一丂
噣	口四勹虫
罞	四矛
崿	山口口一丂
睩	目彑
筻	竹一日乂
稙	禾直
筩	竹甬
魆	鬼戉
侫	人亡女
伔	人冂几
僝	人尸三子
儠	人巛囟釆
胠	月去
臛	月雨隹
猀	犬水少
鰅	魚禺
讟	言士四貝言
譓	言專心
裛	衣口巴
庈	广今
癓	疒行山一几攴
煆	火叚
慴	心羽白
璗	水昜玉
屧	尸行世木
緀	糸一尹女
娵	女耳又
媟	女世木
繜	糸八酉寸
珇	王且
磞	石山朋
戉	戉
鱆	魚立日十
迿	辵勹日
縺	糸辵車
墕	土正烏
璱	王王王必
耰	耒頁心夂
顜	甘冄頁
葹	艸㫃也
檮	木士㇕工一口寸
楒	木田心
椸	木㫃也
櫠	木广癶弓殳
耏	而彡
逴	辵卜日十
惄	上小又心
蛜	虫人尹
喩	口亼月巛
矙	目門敢
牣	牛刀丶
倰	人土八夂
鯈	人丨攴魚
皀	白匕
饛	食艸冃豕
鎡	金䒑幺幺
狶	犬乂𠂇巾
胐	月出
鱨	魚尚旨
麕	鹿圍禾
慒	心一曲日
墯	心𠂇工月土
嫈	火火冂女
瀀	水頁心夂
滮	水虎彡
澨	水竹工从
宨	宀兆
歠	叕酉欠
櫆	木鬼斗
柀	木皮
蹐	足⺍人月
詗	言冂口
疢	疒火
耇	耂勹口
騤	馬癶天
捄	扌求
莟	艸今口
杤	木一力
槱	木酉火
榤	木舛木
豭	豕叚
蠙	虫宀一㐄貝
嵜	山立丁口
睟	目卒
髇	骨京口
鵞	我鳥
儓	人士口冂至
臮	自从
斶	斤四勹虫
鈒	金及
鉾	金厶牛
獫	犬亼口口从
胣	月𠂉也
朣	月立田土
鯣	魚日勿
鵻	鳥隹
襃	衣爪口木
竸	立日儿立日儿
旐	㫃兆
憯	心旡旡日
愓	心昜
憿	心白方攴
窐	穴土土
禫	示西日十
闠	門中一貝
劙	彑豕虫虫刀
杄	木千
碪	石甘匚八
磥	石田糸
籛	竹金戔
鶖	禾火鳥
偖	人者
鉼	金并
詖	言皮
痓	疒至
疕	疒匕
擏	扌艸勹口攴
拵	扌才子
葱	艸囪心
礑	石尚田
磏	石兼
虤	虎虎
虡	虎业八
勴	虎田心力
蟐	虫尚巾
嗊	口工貝
咈	口弓八
暿	日十豆口
盷	目勹冫
犅	牛网山
犏	牛戶冊
嵆	禾𠂇山
谺	谷牙
鑯	金从戈韭
魶	魚内
鰡	魚卯田
甮	勿用
褢	衣鬼
炣	火丁口
熛	火西示
焞	火京子
澒	水工頁
潖	水王王巴
浰	水禾刀
瀺	水象比象儿丶
闤	門四一口衤
翆	羽九十
緁	糸一彐止
嫕	女匚矢心
莤	艸酉
礉	石白方攴
虰	虫丁
旴	日丁一
鐻	金虎豕
狦	犬冊一
蠪	龍虫
洴	水并
肂	歹尹二
疌	一彐止
瑔	王白水
騊	馬勹缶
颿	馬風
冓	甘冄
荂	艸大一丂
薁	艸宀米大
酖	酉冂儿
輴	車盾
靆	雨云辵尹⺍
踼	足昜
緜	白巾丿糸
谼	谷艸廾
鶹	卯田鳥
玈	亠幺𠂉从
爁	火監
溹	水十冂糸
滖	水衣冄
漒	水弓口虫
犚	尸示寸牛
翴	羽辵車
姶	女亼口
絫	三厶糸
斮	廿日斤
蓏	艸瓜瓜
郙	甫阝
桭	木辰
椓	木豕
柶	木四
砠	石且
蚳	虫氏丶
咺	口二日
羇	四革大丁口
睄	目小月
垈	人弋土
弅	分廾
旟	㫃臼牙廾
絓	糸土土
郖	豆阝
墡	土善
垏	土尹二
鬒	長彡真
駣	馬兆
鼒	才鼎
萷	艸小月刀
柾	木正
覊	西革馬
揅	石一廾手
鹸	鹵亼口人
胔	止匕肉
蚗	虫夬
踘	足勹米
嗈	口巛口巴
黚	黑甘
崏	山氏日
穣	禾衣八甘
傱	人行从止
膃	月圍人皿
腨	月山而
獞	犬立田土
愊	心畐
憭	心一火日小
滍	水屮一虫
禓	示昜
雝	巛口巴隹
繷	糸曲辰
塤	土口貝
玔	王巛
璲	王辵八豕
瑂	王眉
搰	扌骨
扡	扌也
垔	西土
虖	虎爪丁
睧	目氏日
鉥	金术
怗	心卜口
恀	心多
浿	水貝
垽	水斤土
泒	水瓜
戤	乃又皿戈
絽	糸呂
瓩	瓦千
埻	土京子
埪	土穴工
騨	馬⺍甲一
尠	甘匚八少
藰	艸卯金刀
轓	車釆田
樆	木亠乂凵禸
硴	石艸化
敁	卜口攴
蚑	虫十又
齗	齒斤
鷶	四貝鳥
籖	竹十戈韭
篊	竹水艸廾
鰊	魚柬
褱	衣四水
麌	鹿吳
籺	米乞
浺	水心中
鴳	宀女鳥
鷫	尹𣶒鳥
脀	㇕水一月
絁	糸𠂉也
縿	糸三厶人彡
玒	王工
揤	扌艮卩
橿	木三田田
榠	木冂日宀
箎	竹虎
腤	月立日
蜰	月巴虫
渽	水十戈口
丏	丁乚㇕
嫢	夫見女
壖	土雨而
髢	長彡也
珋	王卯
摵	扌戌卜小
搉	扌冂隹
鞙	革口月
橞	木專心
輌	車一巾凵
棆	木亼冊
郲	來阝
椨	木广人寸
霒	雨云今
椵	木叚
蟅	虫广廿火
踦	足大丁口
喿	三口木
帊	巾巴
黓	黑弋
岨	山且
峿	山五口
鵙	貝鳥
犆	牛直
笯	竹女又
儳	人象比象儿丶
傔	人兼
僪	人矛内口
嵞	余山山
劔	亼口口从刀丶
爼	爻且
饂	食日皿
狤	犬士口
魣	魚予
穈	麻禾
罃	火火冂缶
憸	心亼口口从
愼	心真
懰	心卯金刀
漧	水十日十乞
淴	水勿心
礿	示勺
鼆	冂日宀黽
瑃	王廾日
桟	木戔
杣	木山
瞶	目中一貝
衖	行艸廾
鋗	金口月
腞	月彑豕
訒	言刀丶
泬	水穴
坉	土屯
挴	扌每
茢	艸歹刀
靮	革勺
靿	革幺力
茘	艸三刀
醲	酉曲辰
硠	石良
逌	辵卜圍龴
蝋	虫⺍几扌
啅	口卜日十
踧	足上小又
囋	口先先貝
晼	日宀夕卩
笝	竹圍又
衃	血不
毇	臼米殳
儑	人日幺幺火
鶬	倉鳥
鎞	金囟比
艎	舟白王
旓	㫃小月
楶	冫欠口木
憀	心羽人彡
汫	水井
泲	水𠂔
瀌	水鹿火
韘	㐄口㐄世木
鳲	尸鳥
翣	羽立女
婐	女果
坴	土八土
掯	扌止月
蕼	艸長尹二
苙	艸立
榾	木骨
柲	木必
梫	木彐冂又
咶	口舌
馝	香必
筶	竹牛口
侲	人辰
僶	人黽
悁	心口月
夒	頁止巳夂
堐	土厂土土
栔	丰刀木
揊	扌畐
薣	艸十豆十又
醧	酉匚三口
轒	車屮貝
輁	車艸廾
軦	車口儿
憖	來犬心
礵	石雨木目
硊	石𠂊厂卩
磳	石曾
畷	田叕
罳	四田心
黵	黑𠂊厂八言
簁	竹行止止
侐	人血
豃	谷敢
癋	疒亞心
麃	鹿火
粻	米長
粃	米比
燀	火口口甲一
悀	心甬
汯	水𠂇厶
悹	宀㠯心
窴	穴真
禬	示會
袹	衤百
衭	衤夫
襗	衤四幸
襋	衤朿朿
嫮	女雨一丂
綌	糸谷
琔	王宀正
珢	王艮
挃	扌至
拸	扌多
薕	艸广兼
碡	石丰母
蝘	虫匚日女
唗	口走
鋘	金吳
鈶	金厶口
膕	月圍戈口一
肕	月刀丶
痁	疒卜口
痟	疒小月
憪	心門月
宧	宀臣
櫜	一中冂夂卜口木
坋	土分
埢	土龹卩
鷇	士冂一鳥殳
畺	三田田
髽	長彡从土
鬋	長彡䒑月刀
鬅	長彡朋
髴	長彡弓八
耞	耒力口
騇	馬舍
揳	扌丰刀大
鞳	革艸亼口
蔾	艸禾丿刀木
蓨	艸人丨攴月
薝	艸𠂊厂八言
芛	艸尹
蘟	艸阝爪工彐心
橾	木三口木
軑	車大
輵	車日勹亡
朳	木八
橧	木曾
梡	木宀一兀
槢	木羽白
礛	石監
豷	豕士冂豆
礒	石羊我
哳	口扌斤
跱	足土寸
踖	足廿日
踾	足畐
踛	足土八土
鼈	巾⺍攴黽
罿	四立田土
睌	目象儿
穟	禾辵八豕
箯	竹人一日乂
躾	身羊大
魌	鬼其
伭	人亠幺
畣	亼口田
彾	行令
膴	月無
狢	犬夂口
雑	九木隹
觭	角大丁口
鶁	京鳥
帟	亦巾
凔	冫倉
痷	疒大申
痗	疒每
愒	心日勹亡
煟	火田月
濳	水先先日
滫	水人丨攴月
戺	戶巳
穽	穴井
袵	衤人壬
袾	衤朱
袟	衤失
矠	矛廿日
纒	糸厂黑土
妦	女丰
嫴	女古辛
媢	女冃目
梩	木里
呥	口冄
嵥	山舛木
釽	金爪
諕	言虎
恇	心匚王
忺	心欠
抎	扌云
搊	扌勹屮勹屮
拹	扌三力
靱	革刀丶
苉	艸匚儿
薐	艸禾土八夂
蘤	艸白爲
檝	木口耳戈
欉	木业耳又
鸉	木昜鳥
霨	雨尸示寸
豝	豕巴
磜	石肉又示
螋	虫申又
齸	齒水皿
哱	口十冂子
唣	口白七
颽	山豆風
簗	竹水刀八木
齇	鼻虎且
猨	犬爪二丿又
猇	犬虎
粂	𠂊丶米
齌	齊火
秶	冫欠禾
廘	广鹿
懁	心四一口衤
熯	火堇
盓	水丁一皿
溔	水羊火
慂	水甬心
袺	衤士口
邥	冂儿阝
衋	尹二百百血
閈	門干
弨	弓刀口
帤	女口巾
嫶	女隹火
繂	糸亠幺⺍十
俇	人犬王
僎	人巳巳艸廾
搫	舟殳手
朒	月肉
痄	疒乍
埳	土𠂊臼
埣	土卒
塀	土尸并
聑	耳耳
駹	馬𠂇彡
驏	馬尸三子
摲	扌車斤
摓	扌辵夂丰
莝	艸从土
薶	艸豸里
蘱	艸米犬頁
藋	艸羽隹
輑	車尹口
軷	車犬㇕
柍	木冂大
桼	木人水
磌	石真
磹	石西日十
嫛	匚矢殳女
暶	日㫃疋
黫	黑西土
歜	四勹虫欠
岝	山乍
嶦	山𠂊厂八言
牼	牛巠
氠	气申
偫	人行土寸
讆	行㐄口㐄言
彸	行公
巵	𠂆巴
獩	犬止戌㐄
猫	犬艸田
猼	犬甫寸
鯰	魚今心
韹	立日白王
斻	㫃几
鄌	广尹口阝
爌	火广黃
渿	水木示
硰	水少石
渰	水亼口廾
寍	宀心皿
衱	衤及
隮	阝齊
隒	阝兼
盄	丨弓皿
琫	王廾扌
扜	扌丁一
茷	艸人戈
柧	木瓜
暰	日行从止
穬	禾广黃
餧	食禾女
鎃	金水𠂆从
胻	月行
魛	魚刀
翿	士㇕工一口寸羽
耹	耳今
搘	扌耂日
搕	扌去皿
苀	艸亢
醂	酉木木
軓	車凡
軧	車氏丶
楥	木爪二丿又
霠	雨立今
砆	石夫
毉	匚矢殳工从
蠏	虫角刀牛
啑	口一彐止
蹢	足帝口
鴠	日一鳥
昢	日出
帢	巾亼口
罧	四木木
髆	骨甫寸
鄦	無阝
犌	牛叚
礜	臼牙廾石
僄	人西示
俋	人口巴
鄃	亼月刀阝
徛	行大丁口
谹	谷𠂇厶
錭	金用口
鯵	魚厶大彡
羓	羊巴
煠	火世木
瀸	水从戈韭
潠	水巳巳艸廾
寱	宀爿自木
窵	穴鳥
禗	示田心
闚	門夫見
劀	矛内口刀
纎	糸十戈韭
塼	土專
莏	艸扌少
荓	艸并
芀	艸刀
俔	人見
倠	人隹
胵	月至
誂	言兆
痀	疒勹口
赩	赤𠂊巴
壿	士八酉寸
璊	王廿内内
驒	馬口口甲一
馰	馬勺
抶	扌失
蓺	艸土八土丮
藇	艸臼牙廾
虀	艸齊韭
翲	西示羽
龗	雨口口口龍
樒	木宀必山
鴎	匚乂鳥
翽	止戌㐄羽
嚘	口頁心夂
剕	非刀
晐	日亥
岻	山氏丶
嶍	山羽白
箾	竹小月刀
餲	食日勹亡
鑢	金虎田心
玃	犬目目隹又
鱄	魚專
觺	匕矢龴疋角
鯒	魚甬
臝	贏果
毃	京口殳
廎	广匕頁
麞	鹿立日十
慱	心專
禜	火火冂示
澁	水三止
淈	水尸出
袿	衤土土
褾	衤西示
襚	衤辵八豕
褷	衤行止止
綟	糸戶犬
堈	土网山
蕑	艸門月
枅	木一廾
霣	雨口貝
碈	石氏日
硍	石艮
蜼	虫隹
貤	貝也
猲	犬日勹亡
魬	魚反
謑	言爪幺大
悺	心宀㠯
洭	水匚王
阞	阝力
壻	土疋月
髷	長彡曲
駜	馬必
挋	扌臣
抌	扌冂儿
撏	扌彐工口寸
蔏	艸亠八内口
蘪	艸鹿米
橑	木一火日小
輀	車而
雽	雨爪丁
碔	石戈止
顑	戌口頁
齯	齒臼儿
蜋	虫良
螾	虫寅
鄤	日四又阝
猒	日月犬
眐	目正
嶊	山扌隹
岒	山今
巕	山䒑㠯辛子
嵙	山禾斗
犞	牛丿大口冂口
牰	牛由
稰	禾疋月
籯	竹贏
侻	人公儿
谽	谷今口
猘	犬牛巾刀
腅	月火火
弮	龹弓
爚	火龠
窔	穴文八
褯	衤广廿巾
袸	衤才子
闟	門亼口羽
隃	阝亼月刀
弉	爿士廾
婤	女用口
緷	糸冂車
掗	扌亞
荁	艸二日
菵	艸网亡
欂	木艸水甫寸
磎	石爪幺大
螖	虫骨
郋	自阝
鑐	金雨而
瘏	疒者
泜	水氏丶
絇	糸勹口
聢	耳宀正
琖	王戔
瑫	王爪臼
攩	扌尚黑
挧	扌羽
兡	克百
菨	艸立女
橖	木尚木
軥	車勹口
麰	來夂厶牛
柮	木出
硲	石谷
齰	齒廿日
踆	足厶八夂
踠	足宀夕卩
肙	口月
呟	口亠幺
蟞	巾⺍攴虫
鷩	巾⺍攴鳥
瞁	目目犬
郔	廴丿止阝
皭	白爪四艮寸
鑁	金米凵八夂
狉	犬不一
魠	魚丿七
坒	比土
譐	言八酉寸
麛	鹿弓耳
灈	水目目隹
溵	水身殳
澭	水亠阝隹
潳	水尸者
鶱	宀甘八鳥
扅	戶多
閵	門隹
韥	㐄口㐄士四貝
屘	尸毛子
凾	了口又凵
彃	弓畢
猪	犬者
册	冊
葀	艸扌舌
跓	足主
尟	是少
旵	日山
郥	貝阝
侜	人舟
鼸	臼釆兼
鉊	金刀口
魦	魚少
綑	糸圍木
趎	走朱
擩	扌雨而
拤	扌上卜
靭	革刀丶
鄸	艸四冂夕阝
莚	艸廴丿止
葅	艸人人且
蘠	艸爿土从
轃	車廾禾
輹	車𠂉日夂
枍	木八丂
霬	雨田艸廾
礂	石十豆口
翈	甲羽
畇	田勹冫
峮	山尹口
甒	無瓦
犩	禾女鬼牛
鼪	臼釆生
敜	今心攴
鈎	金勹厶
獡	犬臼烏
肣	月今
讔	言阝爪工彐心
瘭	疒西示
廐	广艮旡
痎	疒亥
忨	心一兀
齹	羊工齒
糒	米𤰇
爊	火鹿火
漹	水正烏
漰	水山朋
禴	示龠
闒	門日羽
鄝	羽人彡阝
揕	扌甘匚八
荴	艸扌夫
薙	艸矢隹
嘄	口鳥木
獶	犬頁心夂
悋	心文口
姼	女多
髲	長彡皮
镼	長尸出
瑲	王倉
馺	馬及
珒	王尹二
螒	十日十人虫
蕀	艸朿朿
藅	艸四言刀
蕠	艸女口糸
榑	木甫寸
樕	木束欠
覂	西丿之
鑋	車巠金
輬	車京
轇	車羽人彡
棭	木亠人夕丶
顬	雨而頁
霿	雨矛夂目
鄏	辰寸阝
躣	足目目隹
嘐	口羽人彡
曻	日舛
骭	骨干
濌	千田土水日
稭	禾比白
簥	竹丿大口冂口
傿	人正烏
鼫	臼釆石
齉	鼻一中冂口口甘衤
忁	行日出大水
膞	月專
猯	犬山而
腒	月尸古
邍	辵夂田彑
夗	夕卩
譸	言士㇕工一口寸
庲	广來
慉	心亠幺田
灪	水缶木木冂鬯彡
窌	穴卯
祩	示朱
嶞	阝𠂇工月山
楖	木艮卩
硾	石垂
呇	水口
氆	毛並日
飋	風王王必
訹	言术
漘	水辰月
皷	十豆皮
髳	長彡矛
瑖	王厂三殳
駈	馬丘
騬	馬禾北
璸	王宀一㐄貝
璚	王矛内口
揥	扌帝
菎	艸日比
葂	艸象儿力
槵	木中中心
欋	木目目隹
奅	大卯
碻	石京口
虴	虫丿七
踑	足其
躙	足門隹
嗃	口京口
昦	日大八
帩	巾小月
眒	目申
瞛	目行从止
鼶	臼釆𠂆虎
雔	隹隹
牉	爿半
貒	豸山而
舽	舟夂㐄
狿	犬廴丿止
腶	月厂三殳
膌	月⺍人月
曶	勿日
皽	亠回日一皮
竫	立𠂊尹
癗	疒雨田
劘	麻非刀
慺	心婁
爔	火羊禾戈丂
慞	心立日十
淢	水戈口一
汃	水八
扊	戶火火
袑	衤刀口
闛	門尚土
陓	阝大一丂
彄	弓匚三口
斨	爿斤
縒	糸羊工
紽	糸它
摝	扌鹿
剸	專刀
硥	石𠂇彡
鴀	不鳥
蟭	虫隹火
虙	虎必
踶	足是
噅	口爲
覣	禾女見
鱴	魚艸四戈人
鱍	魚癶弓殳
詅	言令
痡	疒甫
愖	心甘匚八
涍	水耂子
澖	水門木
鷊	鬲鳥
髾	長彡小月
摮	敖手
騽	馬羽白
掝	扌戈口一
黇	黃卜口
疐	十冂田疋
鞧	革八酉
胾	十戈肉
蕋	艸三止
藘	艸虎田心
蔨	艸圍龹卩
薃	艸水京口
柣	木失
梒	木今口
怷	术心
棳	木叕
覤	虎見
噳	口虎吳
唌	口廴丿止
噇	口立田土
晱	日火火
鸅	四幸鳥
崣	山禾女
穱	禾爪四艮寸
魖	鬼虎业
匁	丿刀丶
歊	京口欠
籵	米十
瀎	水艸四戈人
橤	三心木
韍	㐄口㐄犬㇕
屭	尸三貝
翏	羽人彡
絏	糸申丿
蠁	阝良阝虫
扤	扌兀
荎	艸至
棷	木耳又
跧	足人王
肵	月斤
觼	角𠂊内目夂
忯	心氏
漦	未攴厂水
壷	士冂亞
駼	馬余
馻	馬厶儿
薚	艸歹昜
薉	艸止戌㐄
樲	木弋二貝
槾	木日四又
鶫	柬鳥
欃	木象比象儿丶
霐	雨水弓厶
梮	木尸㇕口
磿	厂禾禾石
礔	石尸口辛
瑿	匚矢殳玉
蠎	虫艸奔
跦	足朱
曣	日燕
睖	目土八夂
逬	辵并
犑	牛目犬
犉	牛京子
籧	竹辵虎豕
牏	爿亼月刀
韽	今酉立日
鎉	金日羽
腢	月禺
胏	月𠂔
鱊	魚矛内口
鯞	魚彐冂巾
鰼	魚羽白
鱳	魚白幺幺木
鸁	贏鳥
懅	心虎豕
濎	水鼎
蠥	屮㠯辛虫
絖	糸光
机	木几
璥	王艸勹口攴
捁	扌牛口
椙	木昌
桵	木爪女
笲	竹厶廾
釴	金弋
陼	阝者
鬷	鬲乂凵八夂
斄	未攴厂來
趌	走士口
圠	土乚
聏	耳而
撗	扌黃
撌	扌中一貝
揟	扌疋月
擽	扌白幺幺木
菆	艸耳又
鞿	革幺幺戈人
蟇	艸日大虫
鴱	艸乂鳥
醰	酉西日十
樠	木廿内内
槫	木專
橝	木西日十
軱	車瓜
慙	車斤心
磝	石敖
豶	豕屮貝
蟷	虫尚田
蛈	虫失
蠰	虫衣口口甘
幖	巾西示
嶕	山隹火
岉	山勿
罏	缶虎田皿
犗	牛宀丰口
穮	禾鹿火
舑	舌冄
篹	竹目大卩
帠	臼巾
侇	人大弓
膫	月一火日小
獝	犬矛内口
鮖	魚石
鰐	魚口口一丂
欴	良欠
羢	羊戈𠂇
懱	心艸四戈人
熂	火气米
爓	火門𠂊臼
洍	水臣
鶷	宀丰口鳥
禂	示用口
邆	辵癶豆
隶	尹⺍
陾	阝而大
阰	阝比
鶭	糸方鳥
坽	土令
蹔	車斤足
奫	大水𣶒
蠬	虫龍
犕	牛𤰇
詑	言它
浧	水口王
沜	水爿
歾	歹勿
墐	土堇
趮	走三口木
赸	走山
鬙	長彡曾
謷	敖言
剚	一中彐刀
靽	革半
蚅	虫厂卩
鮆	止匕魚
蟧	虫火火冂力
畟	田八夂
鴫	田鳥
曒	日白方攴
暲	日立日十
幨	巾𠂊厂八言
瞏	四土口衤
穖	禾幺幺戈人
稌	禾余
馞	香十冂子
簒	竹目大丿厶
鸒	臼牙廾鳥
獌	犬日四又
贕	卯冫士四貝
粊	比米
鰞	魚烏
譪	言艸日勹亡
庉	广屯
羒	羊分
膋	火火冂月
惸	心勹日子
濿	水厂萬
灨	水立日十夂工貝
竃	穴土黽
襂	衤三厶人彡
隞	阝敖
敶	阝東攴
縅	糸戌女
纑	糸虎田皿
繟	糸口口甲一
塴	土山朋
蓫	艸辵豕
餫	食冂車
膇	月辵㠯
湆	水立日
襏	衤癶弓殳
堼	土土寸土
尌	十豆寸
珫	王了儿
驞	馬宀一㐄貝
薵	艸士㇕工一口寸
荺	艸土勹冫
靫	革又丶
虈	艸四口頁
苵	艸失
躠	艸㠯辛足
楲	木戌女
樀	木帝口
匳	匚亼口口从
蝒	虫面
劋	三口木刀
逿	辵昜
羃	四艸日大巾
崰	山巛田
眅	目反
秮	禾厶口
峊	㠯山
鼵	臼釆穴犬
鬿	鬼斤
倹	人亼口人
剱	亼口人刀丶
胈	月犬㇕
玂	犬艸口口甲一斤
謋	言舛木
廮	广貝貝女
燡	火四幸
恔	心文八
灂	水爪四艮寸
襮	衤日艸廾水
袶	衤夂㐄
韐	㐄口㐄亼口
頚	又土頁
緎	糸戈口一
掜	扌臼儿
碨	石田衤
蚄	虫方
暵	日堇
篿	竹專
鰶	魚肉又示
詍	言世
迾	辵歹刀
奊	土土乚大
瓡	幸瓜
刵	耳刀
騞	馬丰石
騜	馬白王
璒	王癶豆
摎	扌羽人彡
蔪	艸車斤
蒧	艸戊卜口
醊	酉叕
軘	車屯
轠	車三田
轞	車監
桝	木舛
奲	大者口口甲一
蜨	虫一彐止
遉	辵卜貝
喣	口勹口火
礨	三田石
矘	目尚黑
岪	山弓八
骾	骨一日乂
矲	矢四厶月比
穋	禾羽人彡
鳰	人鳥
歈	亼月刀欠
艑	舟戶冊
狫	犬耂
猈	犬卑
腏	月叕
爢	麻非火
麖	鹿京
粁	米千
慛	心山隹
燗	火門月
漋	水阝夂一生
禠	示𠂆虎
襛	衤曲辰
裺	衤大申
剭	尸至刀
媕	女亼口廾
搤	扌水皿
膵	月艸卒
癠	疒齊
碆	水皮石
駥	馬戈𠂇
驉	馬虎业
摠	扌囪心
勩	世貝力
臡	堇隹肉
酳	酉幺月
樧	木乂术殳
礧	石三田
卼	兀𠂊厂卩
磍	石宀丰口
顣	戌卜小頁
朁	旡旡日
蠸	虫艸口口隹
蠨	虫艸尹𣶒
跿	足走
躆	足虎豕
喭	口立厂彡
酅	山隹内口阝
缹	缶火
鯬	禾丿刀魚
鬾	鬼十又
臲	自木𠂊厂卩
欱	亼口欠
韱	从戈韭
犿	犬亠卜
鶀	鳥其
庮	广酉
煣	火矛木
閜	門丁口
楘	矛攴木
翂	羽分
邿	土寸阝
撋	扌門王
蚇	虫尺
郘	呂阝
蹸	足米舛
覛	𠂆从見
膢	月婁
歍	烏欠
迒	辵亢
瘣	疒鬼
汱	水犬
汦	水氏
阤	阝也
趡	走隹
堩	土心二日
聝	耳戈口一
琡	王上小又
璅	王巛果
抭	扌宀几
頍	十又頁
蔮	艸圍戈口一
薎	艸四冂人戈
蕍	艸水亼月刀
芵	艸夬
轗	車戌口心
軞	車毛
檍	木立日心
鵸	大丁口鳥
鬳	虎鬲
蝯	虫爪二丿又
蛫	虫𠂊厂卩
蜛	虫尸古
蠾	虫尸水四勹虫
跍	足古
蹝	足行止止
朄	申柬
晜	日八弓丨丿
瞫	目西日十
篭	竹立申
饁	食去皿
鑕	金斤斤貝
覶	爪龴冂厶又見
獿	犬頁止巳夂
腛	月尸至
鯲	魚於
譺	言匕矢龴疋
廧	广土从
鄁	北月阝
憢	心堯
逤	辵水少
襣	衤鼻
覭	冂日宀見
鼏	冂鼎
鱀	艮旡魚
娙	女巠
鴽	女口鳥
趍	走多
蕦	艸彡頁
碄	石木木
螁	虫辵艮
虭	虫刀
蛁	虫刀口
罺	四巛果
鈆	金公
縏	舟殳糸
鵔	鳥厶八夂
訿	言止匕
衵	衤日
郠	一日乂阝
壴	十豆
髠	長彡几
挬	扌十冂子
兙	克十
莥	艸犬丑
欶	束欠
欝	爻木木四艮寸
砐	石及
蟖	虫其斤
瓽	尚瓦
嵺	山羽人彡
嵾	山三厶人彡
骴	骨止匕
箚	竹亼口刀
笐	竹亢
顖	囟心頁
傰	人山朋
錻	金戈止
胘	月亠幺
鴥	鳥穴
斖	文臼同冂且
齍	齊皿
癵	疒䜌肉
懥	心十冂田疋
爟	火艸口口隹
炾	火口儿
悷	心戶犬
瀄	水竹艮卩
澓	水行𠂉日夂
襢	衤亠回日一
堾	土廾日
扨	扌刀丶
蛓	十戈虫
栂	木母
蛣	虫士口
蠉	虫四一口衤
鋄	金一火又
譝	言黽
翍	羽皮
鶝	畐鳥
瑓	王柬
髺	長彡舌
駬	馬耳
瑵	王又丶虫
擖	扌艸日勹亡
攭	扌彑豕虫虫
剒	廿日刀
葴	艸戌口
芚	艸屯
蓚	艸人丨夂彡
醓	酉冂儿皿
櫹	木艸尹𣶒
輘	車土八夂
杁	木人
桹	木良
鷞	大四乂鳥
贙	虎虎貝
蹞	足匕頁
咉	口冂大
巏	山艸口口隹
嵲	山自木
崷	山八酉
矉	目宀一㐄貝
犐	牛禾斗
篎	竹目少
鵅	夂口鳥
鰜	魚兼
螤	文虫日人
漮	水广尹⺍
漅	水巛果
縰	糸行止止
盭	幺幸攴皿
藄	艸其糸
朼	木匕
磈	石鬼
跈	足人彡
巑	山先先貝
誻	言水日
鴐	力口鳥
陫	阝非
耾	耳𠂇厶
抪	扌布
藲	艸木匚三口
臷	十戈至
藈	艸目癶天
蘬	艸㠯止彐冂巾
鵏	甫鳥
楕	木𠂇工月
椣	木冊廾
梴	木廴丿止
麷	來夂丰丰山豆
蠠	面虫虫
鵄	至鳥
蟟	虫一火日小
蠦	虫虎田皿
齖	齒牙
瞡	目夫見
稑	禾土八土
傂	人𠂆虎
偯	人衣口
蠫	豸刀虫虫
舼	舟艸廾
艐	舟乂凵八夂
鱵	魚竹戌口
欿	𠂊臼欠
諔	言上小又
譈	言京子攴
廦	广尸口辛
鶊	广彐人鳥
渜	水而大
溠	水羊工
寁	宀一彐止
刔	夬刀
鵖	艮鳥
翪	羽乂凵八夂
縓	糸厂白小
絋	糸广厶
葟	艸白王
釱	金大
凩	凡木
諓	言戔
豏	豆兼
瓀	王雨而
蓻	艸幸丮
雗	十日十𠂉隹
苲	艸乍
蓎	艸广尹口
醶	酉亼口口从
輲	車山而
梻	木人弓八
砄	石夬
貣	弋貝
齝	齒厶口
蹅	足木日一
嵅	山戌口
甀	垂瓦
篞	竹水日土
伜	人九十
顩	亼口口从頁
鎺	金示且
舩	舟公
膙	月弓口虫
鵤	角鳥
袌	衣勹巳
怢	心失
怋	心民
懘	水帶心
湨	水目犬
阸	阝戶乙
婘	女龹卩
諅	其言
梜	木大从
砅	石水
硉	石尹二
嵽	山帶
穨	禾几中一貝
泧	水戉
溾	水鬼
邧	一兀阝
镻	長失
鬄	長彡日勿
駪	馬先
騉	馬日比
薞	艸歹食
蘡	艸貝貝女
釂	酉爪四艮寸
檕	車凵殳木
橅	木無
豥	豕亥
尳	尢骨
齾	虎鬲犬齒
躟	足衣口口甘
踤	足卒
鷕	口隹鳥
嚪	口門𠂊臼
啒	口尸出
峞	山𠂊厂卩
秠	禾不一
轝	臼牙廾車
鵀	人壬鳥
酓	今酉
忀	行衣口口甘
狾	犬扌斤
魳	魚一巾
鰋	魚匚日女
蝱	亡虫虫
謪	言亠八内口
廅	广去皿
羛	羊弓八
粭	米亼口
熰	火匚三口
焍	火八弓丨丿
襒	衤巾⺍攴
隺	冂隹
緅	糸耳又
螿	爿肉寸虫
牄	爿倉
緪	糸心二月
坥	土且
馵	馬廾
搳	扌宀丰口
蘴	艸丰丰山豆
蔜	艸敖
芇	艸巾
萴	艸貝刀
枺	木末
杝	木也
蛅	虫卜口
蝝	虫彑豕
暡	日公羽
狊	目犬
罼	四畢
籗	竹雨隹
饎	食十豆口
鈌	金夬
臄	月虎豕
謰	言辵車
詙	言犬㇕
謱	言婁
愅	心革
怴	心戉
渨	水田衤
淭	水戶木
顤	堯頁
剺	未攴厂刀
趬	走堯
豰	士冂一豕殳
驔	馬西日十
騱	馬爪幺大
珕	王三力
兝	克分
鞈	革亼口
飌	艸口口隹風
蒭	艸勹屮勹屮
豵	豕行从止
蟦	虫屮貝
蚞	虫木
蛦	虫大弓
蜪	虫勹缶
蟉	虫羽人彡
蹎	足真
噮	口四一口衤
嗺	口山隹
曮	日口口厂敢
罭	四戈口一
岏	山一兀
崵	山昜
睮	目亼月刀
籈	竹西土瓦
鄅	禹阝
笰	竹弓八
籊	竹羽隹
佒	人冂大
貆	豸二日
媻	舟殳女
鄐	亠幺田阝
鶶	广尹口鳥
廥	广會
糂	米甘匚八
愃	心宀二日
慅	心又丶虫
澽	水虎豕
淟	水冊廾
濵	水宀尸貝
鶣	戶冊鳥
禒	示彑豕
裶	衤非
袀	衤勹冫
扻	扌欠
槥	木丰丰彐
檥	木羊我
蝍	虫艮卩
哤	口𠂇彡
睊	目口月
矌	目广黃
筀	竹土土
鏙	金山隹
錎	金𠂊臼
腲	月田衤
膲	月隹火
肒	月丮
鄾	頁心夂阝
坱	土冂大
塯	土卯田
髶	長彡耳
黈	黃主
鞺	革尚土
蕇	艸口口甲一
菙	艸垂
菕	艸亼冊
梂	木求
梐	木比土
雺	雨矛
蝿	虫黽
蚥	虫父
昒	日勿
鄨	巾⺍攴口巴
眃	目云
幧	巾三口木
罻	四尸示寸
鷽	臼爻冂鳥
鄇	人龴矢阝
衠	行真
瓻	乂𠂇巾瓦
猳	犬叚
斒	文戶冊
麚	鹿叚
羬	羊戌口
燵	火辵土羊
恌	心兆
淊	水𠂊臼
袉	衤它
褄	衤一尹女
隲	阝少馬
睯	民攴目
嫥	女專
妐	女公
撽	扌白方攴
杶	木屯
椳	木田衤
樏	木田糸
枆	木毛
鷐	日辰鳥
昈	日戶
眓	目戉
罬	四叕
胹	月而
鸃	鳥羊我
鱦	魚黽
痑	疒多
鄳	黽阝
塕	土公羽
塉	土⺍人月
嗀	士冂一口殳
憃	廾臼心
駴	馬戈廾
捵	扌冊廾
摿	扌人立日
蘁	艸王四口
鞜	革水日
葧	艸十冂子力
虌	艸巾⺍攴黽
藡	艸辵帝口
鸏	艸宀一豕鳥
輤	車青
軮	車冂大
楰	木臼人
鶆	來鳥
奝	大用口
鵊	大从鳥
礭	石雨隹
蟨	厂屰欠虫
蟢	虫十豆口
蟃	虫日四又
齘	齒介
蝷	虫广屰
蠽	小隹戈虫虫
幎	巾冂日宀
峚	山大土
峗	山𠂊厂卩
雟	屮隹内口
箆	竹内比
筤	竹良
簶	竹示彑
獂	犬厂白小
糎	米厂里
籾	米刀丶
謍	火火冂言
寠	宀婁
穾	穴丿大
祋	示殳
褼	衤西大巳
裮	衤昌
袡	衤冄
鄍	冂日宀阝
舝	㐄巛冂厶㐄
勠	羽人彡力
蛃	虫丙
踳	足廾日
昤	日令
麁	𠂊鹿
絭	龹糸
懧	心宀心皿丁
邔	己阝
攕	扌从戈韭
拲	艸廾手
蘦	艸雨口口口
蘻	艸車凵殳糸
蘙	艸匚矢殳羽
蒏	艸冂酉
酘	酉殳
罊	車凵殳缶
轐	車业大
輆	車亥
樴	木立日戈
霩	雨京子阝
厬	厂日夂卜口
豜	豕一廾
跲	足亼口
踒	足禾女
畖	田瓜
冔	冃口丁一
矂	目三口木
鴸	朱鳥
穐	禾龜
籏	竹㫃其
鶂	臼儿鳥
甈	自木瓦
觟	角土土
凓	冫西木
湠	水山𠂇火
潝	水亼口羽
韛	㐄口㐄𤰇
鶸	弓冫弓冫鳥
綧	糸京子
圢	土丁
茙	艸戈𠂇
碫	石厂三殳
唒	口酉
徲	行尸水牛
鑮	金艸水甫寸
釸	金夕
獑	犬車斤
悐	犬火心
鄡	鳥木阝
觬	角臼儿
怚	心且
垒	三厶土
鳱	干鳥
趭	走隹火
擶	扌竹䒑月刀
韅	革日幺幺火
蔈	艸西示
蕛	艸禾八弓丨丿
毄	車口殳
柹	木𠂔
梌	木余
麬	來夂皮
砿	石广厶
蠮	虫匚矢殳羽
剻	山朋刀
骫	骨丮
睕	目宀夕卩
篕	竹去皿
鵹	禾丿刀鳥
敿	丿大口冂口攴
毨	毛先
簓	竹用口彡
伻	人干八
儢	人虎田心
豻	豸干
褹	衤土八土丮
膉	月水皿
詄	言失
袲	衣多
庪	广扌十又
廏	广白匕殳
麆	鹿且
烰	火爪子
懫	心斤斤貝
懻	心北田艸廾
瀫	水士冂一糸殳
滱	水宀一兀攴
寙	宀瓜瓜
襩	衤士四貝
皹	皮冂車
螱	尸示寸虫
鶋	尸古鳥
隓	阝𠂇工𠂇工
頨	羽頁
鶨	彑豕鳥
醙	酉申又
蠳	虫貝貝女
螰	虫鹿
眲	目耳
簝	竹一火日小
餟	食叕
鯺	魚者
湱	水丰石
赨	赤虫
埓	土爪寸
壛	土門𠂊臼
郰	耳又阝
刌	寸刀
撜	扌癶豆
蓲	艸匚三口
醳	酉四幸
醷	酉立日心
檡	木四幸
楺	木矛木
碅	石圍禾
韰	歹又韭
蝺	虫禹
螑	虫自犬
黤	黑大申
峬	山甫
剬	山而刀
瞲	目矛内口
垼	行殳土
鋺	金宀夕卩
峱	犬丑山
獽	犬衣口口甘
魧	魚亢
譠	言亠回日一
韏	龹㐄口㐄
煃	火大土土
煁	火甘匚八
濣	水十日十人斗
溰	水山豆
宎	宀丿大
祑	示失
裖	衤辰
襭	衤士口頁
堲	艮卩土
嬽	女四丨一四乚大
琟	王隹
撊	扌門月
硱	石圍木
幩	巾屮貝
觕	牛角
鯦	魚夂卜口
譀	言敢
恲	心并
阺	阝氏丶
螜	士冂一殳虫
墱	土癶豆
髬	長彡不一
鬎	長彡束刀
鬖	長彡三厶人彡
摦	扌大一丂瓜
蘵	艸耳立日戈
樝	木虎且
轙	車羊我
甝	虎甘
蝚	虫矛木
嚾	口艸口口隹
躩	足目目隹又
躈	足白方攴
嚃	口辵四水
哅	口勹乂凵
獘	巾⺍攴犬
瞚	目寅
劗	先先貝刀
篧	竹冂隹
狜	犬古
顈	匕糸頁
蠯	广卑虫虫
熿	火黃
忰	心九十
漊	水婁
汳	水反
灛	水門口口甲一
甂	戶冊瓦
窢	穴戈口一
飁	羽白風
羾	羽工
鄛	巛果阝
縪	糸畢
纗	糸山隹内口
妵	女主
嬥	女羽隹
瓵	厶口瓦
硩	扌斤石
硈	石士口
磼	石隹木
咠	口耳
噆	口旡旡日
鳻	分鳥
臅	月四勹虫
鞷	鬲革
赮	赤叚
鬫	鬥敢
鬕	長彡艸日大
攡	扌亠乂凵禸隹
鷏	真鳥
鞆	革丙
茣	艸吳
蘥	艸龠
蕧	艸行𠂉日夂
藭	艸穴身弓
櫡	木竹者
棜	木於
檖	木辵八豕
蚹	虫人寸
趷	足乞
甹	由丂
鸓	三田鳥
毟	少毛
歂	山而欠
犈	牛龹卩
傽	人立日十
徿	行龍
鷭	釆田鳥
狋	犬示
肐	月乞
鯏	魚禾刀
鰝	魚京口
甋	帝口瓦
庴	广廿日
麎	鹿辰
憉	心十豆彡
潀	水四从
溌	水癶二儿
裋	衤豆
隇	阝戌女
隑	阝山豆
緆	糸日勿
嫷	女阝𠂇工月
縃	糸疋月
玿	王刀口
捼	扌禾女
挩	扌公儿
砎	石介
齫	齒圍木
穧	禾齊
鸔	鳥日艸廾水
鮹	魚小月
渹	水勹言
鳺	夫鳥
鼜	十豆十又又丶虫
趜	走勹米
駤	馬至
駽	馬口月
薽	艸西土瓦
荾	艸厶八夂
榙	木艸亼口
軵	車人寸
椶	木乂凵八夂
鶠	匚日女鳥
黳	匚矢殳黑
蜌	虫比土
曋	日西日十
矐	目雨隹
幝	巾口口甲一
帗	巾犬㇕
嶀	山雨一丂
馧	香日皿
齀	鼻瓦
鰴	行山一魚攴
饡	食先先貝
艓	舟世木
羭	羊亼月刀
覮	火火冂見
澅	水尹二田一
窱	穴人丨夂木
禭	示辵八豕
闑	門自木
褽	尸示寸衣
鵽	叕鳥
鄪	弓八貝阝
嬐	女亼口口从
櫋	木自穴方
蛌	虫瓜
蟂	虫鳥木
螏	虫疒矢
徾	行山言攴
豍	豆卑
鴶	士口鳥
駓	馬不一
鞹	革京子阝
蒪	艸甫寸
薧	艸京歹匕
蕄	艸門心
枎	木夫
醼	酉燕
輚	車戔
轑	車一火日小
霋	雨一尹女
礣	石艸四戈人
豤	豕艮
嚔	口十冂田厶止
跰	足并
啽	口亼口廾
晪	日冊廾
黖	黑旡
篶	竹正烏
鄋	申又阝
鸄	白方攴鳥
鵆	行鳥
艕	舟亠八冂方
鱏	魚西日十
庬	广𠂇彡
癪	疒禾丰貝
翷	米舛羽
煝	火眉
澞	水虎吳
襫	衤大百百
顐	冂車頁
敪	叕攴
翑	羽勹口
緰	糸亼月刀
坁	土氏
嚍	口尹一火皿
杗	亡木
懭	心广黃
鄑	晉阝
璬	王白方攴
馲	馬丿七
駖	馬令
憼	艸勹口攴心
檪	木白⺍木
椔	木巛田
磃	石𠂆虎
碯	石巛囟
畭	田余
譻	貝貝言
髐	骨堯
髊	骨羊工
稘	禾其
秎	禾分
鷑	竹立鳥
錣	金叕
狑	犬令
甔	𠂊厂言瓦
斪	勹口斤
諈	言垂
憛	心西日十
顲	火火亠回頁
憰	心矛内口
滜	水白大十
祳	示辰
襹	衤麗
鸐	羽隹鳥
軬	厶大車
蜤	木斤虫
蝐	虫冃目
鴅	丹鳥
鱐	魚尹𣶒
翜	羽大从
殟	歹日皿
鼘	十豆十又𣶒
鼀	土八黽
瞉	士冂一目殳
鬠	長彡會
髼	長彡夂丰
蛪	丰刀虫
撠	扌十日十戈
蓩	艸矛夂力
葌	艸三女
磩	石戌卜小
鬵	旡旡鬲
隿	弋隹
齞	齒口八
蠩	虫言者
螛	虫宀丰口
跙	足且
嚵	口象比象儿丶
晇	日大一丂
睅	目日干
奰	三四大
穛	禾隹火
稯	禾乂凵八夂
餝	食艸方
鏏	金丰丰彐
鵃	舟鳥
劖	象比象儿丶刀
鸗	龍鳥
羠	羊大弓
糷	米艸門柬
燖	火彐工口寸
焆	火口月
烑	火兆
惼	心戶冊
糪	尸口辛米
陭	阝大丁口
繉	糸目兆
媆	女而大
挏	扌同
鵛	巠鳥
胉	月白
鮅	魚必
墆	土帶
趏	走舌
鞻	革婁
荅	艸亼口
橭	木古辛
桋	木大弓
軶	車戶乙
蜳	虫京子
跮	足至
遻	辵口口屰
畽	田千田土
黕	黑冂儿
峌	山至
崺	山方也
眝	目宀丁
篏	竹甘欠
秅	禾丿七
簔	竹衣二艸
篣	竹亠八冂方
鼮	臼釆廴千土
皫	白鹿火
鄎	自心阝
餢	食立口
鎭	金真
鶢	爪二丿又鳥
艛	舟婁
衁	亡血
帣	龹巾
羜	羊宀丁
瀴	水貝貝女
翐	羽失
刜	弓八刀
圲	土千
耴	耳乚
揘	扌白王
掽	扌並
磛	車斤石
楎	木冂車
蚼	虫勹口
号	口丂
簂	竹圍戈口一
馣	香大申
仜	人工
鮿	魚耳乚
邟	亢阝
矕	䜌目
颪	下風
殦	歹鳥
鼛	十豆十又夂卜口
墋	土三厶人彡
蛬	艸廾虫
酀	燕阝
蔧	艸丰丰彐
靪	革丁
莌	艸公儿
蒮	艸冂隹
榬	木土口衤
橲	木十豆口
櫼	木从戈韭
栚	木䒑大
蝡	虫而大
豦	虎豕
齱	齒耳又
螪	虫亠八内口
欭	圍大欠
躖	足四幺匕
噞	口亼口口从
毼	日勹亡毛
籉	竹士口冂至
簼	竹扌甘冄
鑓	金辵中一㠯
豽	豸内
飉	風一火日小
獀	犬申又
觰	角者
觩	角求
譑	言丿大口冂口
艵	并𠂊巴
慔	心艸日大
熕	火工貝
熚	火畢
鴬	⺍冂鳥
寉	宀隹
裧	衤火火
弣	弓人寸
扑	扌卜
霮	雨水甘匚八
蚻	木乚虫
蛖	虫𠂇彡
蛢	虫并
膹	月屮貝
鰿	魚丰貝
魾	魚不一
誫	言辰
聈	耳幺力
鬊	長彡廾日
鬤	長彡衣口口甘
抏	扌一兀
攍	扌贏女
藀	艸火火冂火
櫰	木衣四水
厒	厂缶
蛚	虫歹刀
辴	口口甲一辰
稒	禾圍古
鼳	臼釆目犬
齃	鼻日勹亡
貛	豸艸口口隹
謥	言囪心
痸	疒牛巾刀
郱	并阝
羵	羊屮貝
麊	米鹿
窙	穴耂子
陎	阝朱
嬎	女象儿生
摍	扌宀人百
鏬	金虎爪丁
涾	水水日
騺	幸丮馬
鼁	去黽
鬌	長彡𠂇工月
驖	馬十戈口王
捘	扌厶八夂
荳	艸豆
兣	克厂里
蘉	艸四冂人彐冂又
藫	艸水西日十
藬	艸阝中一貝
梬	木由丂
礥	石臣又貝
螐	虫烏
蜧	虫戶犬
踸	足甘匚八
跜	足尸匕
唈	口口巴
喢	口千臼
斀	四勹虫攴
嶚	山一火日小
躽	身匚日女
軈	身广人隹心
偋	人尸并
舮	舟戶
浲	水夂丰
竁	穴三毛
氄	矛内口毛
彋	弓四一口衤
媰	女勹屮勹屮
纐	糸文八頁
葞	艸弓耳
鷒	專鳥
朻	木丩
覝	干火見
坅	土今
擉	扌四勹虫
郣	十冂子阝
蘣	艸黃主
櫅	木齊
樔	木巛果
蠝	虫三田
蚢	虫亢
毾	日羽毛
崨	山一彐止
舕	舌火火
僓	人中一貝
譥	白方攴言
敆	亼口攴
銲	金日干
鋊	金谷
臕	月鹿火
訰	言屯
怲	心丙
烻	火廴丿止
袕	衤穴
蟴	其斤虫
篻	竹西示
鮛	魚上小
觻	角白幺幺木
濜	水尹一火皿
紖	糸弓丨
麉	干干鹿
虣	戈止虎
鬁	長彡禾刀
駾	馬公儿
騢	馬叚
蘜	艸革勹米
蔖	艸虎且
藑	艸𠂊内目夂
蔒	艸尹口火
蒘	艸女口手
磤	石身殳
蛂	虫犬㇕
螇	虫爪幺大
嚊	口鼻
巆	山火火冂呂
巀	山小隹戈
嵣	山广尹口
嶭	山㠯辛
眣	目失
儥	人士四貝
狘	犬戉
獧	犬四一口衤
竘	立勹口
黂	麻屮貝
羺	羊雨而
烓	火土土
灟	水尸水四勹虫
阠	阝乙十
虋	艸臼同冂酉分
杢	木工
蚫	虫勹巳
嵱	山穴公
刱	井刀八
槷	土八土丮木
搹	扌鬲
攇	扌宀丰四心
麶	來夂亠乂凵禸
磪	石山隹
蜠	虫圍禾
蜁	虫𠂉疋
馦	香兼
筡	竹余
觡	角夂口
駂	匕十馬
濴	水火火冂水
鳵	乙十鳥
螴	阝東虫
葋	王艸王勹口
柖	木刀口
趹	足夬
嶜	山旡旡日
矏	目自穴方
顉	金頁
鮴	魚人木
謯	言虎且
熉	火口貝
蟗	一中冂出虫
趪	走黃
髱	長彡勹巳
揨	扌京丁
鼖	屮十豆十又
蕵	艸夕食
萒	艸亠公儿
醗	酉癶二儿
蜲	虫禾女
蟤	虫巳巳艸廾
嘾	口西日十
踃	足小月
稫	禾畐
觷	臼爻冂角
鼥	臼釆犬㇕
鼤	臼釆文
跾	人丨攴足
鳹	今鳥
瓫	分瓦
逓	辵𠂆二巾
胅	月失
庰	广并
炌	火介
灗	水虫亠回日一
鶌	尸出鳥
橉	木米舛
飺	止匕食
鱁	魚辵豕
鰫	魚穴公
圫	土丿七
鵱	土八土鳥
鬗	長彡廿内内
觢	丰刀角
兞	克毛
鞊	革士口
榰	木耂日
栜	木朿
螹	虫車斤
齥	齒申丿
囆	口萬虫
躨	足八頁止巳夂
嗋	口三力月
嶱	山艸日勹亡
睔	目亼冊
聟	矢口耳
鷮	丿大口冂口鳥
鼣	臼釆犬
傮	人一曲日
皏	白并
鵗	乂𠂇巾鳥
瞂	盾犬㇕
瓝	瓜勺
猏	犬戶月
臇	月隹弓
鷷	八酉寸鳥
恞	心大弓
涆	水日干
褅	衤帝
顄	了⺍凵頁
鳭	刀鳥
翨	羽是
跇	足世
甖	貝貝瓦
嶬	山羊我
鼲	臼釆冂車
飶	食必
鱞	魚四一口衤
痯	疒宀㠯
趓	走几木
驨	馬山隹内口
摏	扌廾臼
韇	革士四貝
茦	艸朿
鷋	艸余鳥
萲	艸爪二丿又
醥	酉西示
軯	車干八
輷	車勹言
蜬	虫了⺍凵
踥	足立女
鄵	三口木阝
睼	目是
嶟	山八酉寸
眑	目幺力
揫	禾火手
筄	竹兆
僁	人釆心
貜	豸目目隹又
猣	犬乂凵八夂
鱢	魚三口木
頯	肉廾頁
謞	言京口
竏	立千
麜	鹿西木
麔	鹿夂卜口
顅	戶月頁
裷	衤龹卩
鵋	己心鳥
婟	女圍古
茥	艸土土
矹	石兀
汆	人水
膆	月丰糸
憴	心黽
欯	士口欠
塓	土冂日宀
聇	耳正
馽	馬中
醹	酉雨而
蚲	虫干八
蜐	虫去力
蟘	虫人弋貝
蜦	虫亼冊
矔	目艸口口隹
幭	巾艸四戈人
嵷	山行从止
峉	山夂口
嶡	山厂屰欠
毰	毛立口
傚	人文八攴
屔	丘尸匕
朡	月乂凵八夂
鷛	广尹用鳥
瀔	水士冂一禾殳
渳	水弓耳
覕	必見
嬓	女白方攴
垘	土人犬
蝁	亞虫
梇	木王廾
鄟	專阝
痝	疒𠂇彡
殱	歹十戈韭
鶈	一尹女鳥
邞	夫阝
趥	走八酉
镺	長丿大
駍	馬干八
驠	馬燕
搚	扌三力月
歕	屮貝欠
蒬	艸冂象儿丶
鷘	束攴鳥
楾	木白水
槉	木疒矢
齴	齒立厂彡
蝬	虫乂凵八夂
蝑	虫疋月
嘕	口正烏
謈	日艸廾言
鷜	婁鳥
嵑	山日勹亡
岤	山穴
峐	山亥
鴔	丿之鳥
鎒	金辰寸
觤	角𠂊厂卩
觙	角及
誙	言巠
鶙	帝鳥
塺	麻土
庱	广土八夂
懤	心士㇕工一口寸
糔	米又丶虫
煔	火火卜口
瀖	水雨隹
祒	示刀口
蠿	四幺匕虫虫
隤	阝中一貝
糱	屮㠯辛米
玤	王丰
枦	木戶
蜙	虫木公
釼	金刀丶
颬	風牙
戃	心尚黑
寋	宀甘八卩
轖	車土从
檹	木㫃大丁口
鴮	大一丂鳥
矺	石丿七
匷	匚目目隹
刞	且刀
眱	目大弓
龤	龠比白
艪	舟魚日
臐	月千四土火
膱	月立日戈
惾	心乂凵八夂
灖	水麻非
鼊	尸口辛黽
弴	弓京子
彏	弓目目隹又
蜄	虫辰
鴩	失鳥
蛗	㠯虫
兛	克千
韄	革艸隹又
蒫	艸羊工
轈	車巛果
裻	上小又衣
螔	虫𠂆虎
噊	口矛内口
雂	今隹
躗	行㐄口㐄足
鐀	金中一貝
鵌	鳥余
殶	主殳
麡	鹿齊
醟	火火冂酉
濭	水艸去皿
濦	水爪工彐心
襷	衤臼牙廾手
朾	木丁
餪	食而大
怬	心四
蒆	艸工凡女
鞃	革弓厶
菣	艸臣又
蔩	艸寅
葈	艸厶口木
蛷	虫求
蚙	虫今
嘝	口角斗
岯	山不一
缿	缶𠂆口
斔	文虫臼人
剆	良刀
旞	㫃辵八豕
熐	火冂日宀
郼	㐄口㐄阝
憵	尸口辛心
顟	羽人彡頁
縜	糸口貝
鴢	幺力鳥
攗	扌鹿米
柫	木弓八
踕	足一彐止
嘳	口中一貝
趀	走𠂔
珱	王⺍女
藣	艸四厶月比
欘	木尸水四勹虫
袃	七刀衣
螶	巨虫虫
顪	止戌㐄頁
齺	齒勹屮勹屮
翢	用口羽
峷	山辛
岮	山它
爂	臼同冂火
豼	豸比
鰖	魚𠂇工月
毈	卯冫厂三殳
觓	角丩
鷾	立日心鳥
罋	亠阝隹缶
觠	龹角
襳	衤从戈韭
赶	走干
蜸	臣又虫
饙	食屮貝
鎎	金气米
獛	犬业大
謕	言𠂆虎
鞂	革禾
藗	艸辵束欠
鷣	西日十鳥
鷢	厂屰欠鳥
蝛	虫戌女
蝹	虫日皿
鷤	口口甲一鳥
揱	小月刀手
昲	日弓八
遾	辵竹工从
筺	竹匚玉
鼺	臼釆三田
斞	臼人斗
谾	谷穴工
膟	月亠幺⺍十
烶	火廴千土
韟	㐄口㐄白大十
瞇	目辵米
槃	舟殳木
蓾	艸鹵
藃	艸京口欠
鷅	西木鳥
霵	雨口耳戈
蟔	虫黑
蠷	虫目目隹
齻	齒真
贆	貝三犬
髍	骨麻
顝	骨頁
刉	乞刀
衈	血耳
譇	言大者
黀	麻耳又
麠	鹿三田田
瀢	水辵中一貝
漇	水行止止
鶟	穴犬鳥
屖	尸辛
苬	艸圍人
駷	馬束
裚	扌斤衣
轛	車业土寸
蠜	爻木木大虫
礝	石雨而
豟	豕戶乙
砨	石戶乙
欳	卜冊欠
顋	田心頁
峅	山厶廾
鼭	臼釆土寸
倇	人宀夕卩
鵵	象儿丶鳥
螷	广卑虫
襓	衤堯
幦	尸口辛巾
鶅	巛田鳥
鴘	厶廾鳥
蝫	虫者
曭	日尚黑
簢	竹門文
艀	舟爪子
瀩	水禾几頁
祐	示𠂇口
馯	馬干
騥	馬矛木
揯	扌心二月
薂	艸白方攴
遳	辵艸从土
轚	車凵殳車
欈	木山隹内口
橳	木朕力
虪	虎人丨攴黑
蝭	虫是
蝖	虫宀二日
躤	足艸耒廿日
氁	毛艸日大
貏	豸卑
魻	魚甲
浶	水宀牛
祪	示𠂊厂卩
鉹	金多
譋	言門月
雈	艸隹
燅	土八土火火
騹	馬堇
攌	扌圍四一口衤
菞	艸禾丿刀
橨	木屮貝
榽	木爪幺大
骿	骨并
齂	鼻尹⺍
鶞	盾鳥
貗	豸婁
讄	言三田
旝	㫃會
瀱	水四厂火火刀
鄈	癶天阝
蝞	虫眉
饇	食匚三口
戄	心目目隹又
孷	未攴厂子
焣	耳又火
驈	馬矛内口
蘳	艸黃土土
蕱	艸禾小月
楈	木疋月
跠	足大弓
暆	日㫃也
黭	黑亼口廾
螸	谷欠虫
貄	豸尹二
貀	豸出
鱹	魚艸口口隹
觲	角羊牛
頝	文八頁
廜	广尸者
窑	穴缶
弤	弓氏丶
鉠	金冂大
鮵	魚公儿
騴	馬日宀女
擨	扌𠂆虎欠
攐	扌宀甘八衣
橶	木十日十戈
鵫	卜日十鳥
岟	山冂大
犣	牛巛囟釆
穙	禾业大
鵴	勹米鳥
謒	言倉
麙	鹿戌口
毲	叕毛
蚸	虫斥
殥	歹寅
皾	士四貝皮
镽	長一火日小
驆	馬畢
萰	艸柬
蓌	艸从土夂
榹	木𠂆虎
蹥	足辵車
簎	竹扌廿日
謘	言尸辛
袬	衣厶口
糫	米四一口衤
籸	米乙十
韕	㐄口㐄京子
縚	糸爪臼
鳿	王鳥
歋	𠂆虎欠
諚	言宀正
紎	糸犬
絼	糸豸
螼	虫堇
歶	止匕禺
蠌	虫四幸
嚽	口敖貝
踓	足隹
簅	竹立厂生
鼨	臼釆夂冫
衒	行亠幺
鱶	魚羊食
譣	言亼口口从
韲	齊韭
鵧	并鳥
甐	米舛瓦
裍	衤圍木
緧	糸八酉
蜵	虫𣶒
鸍	爾鳥
瓋	王辵帝口
豱	豕日皿
顊	㠯十頁
鷎	白大十鳥
鸙	龠鳥
餯	食彑豕
鮬	魚大一丂
譨	言曲辰
濻	水阝中一貝
鴾	厶牛鳥
听	口斤
柠	木宀丁
賟	貝冊廾
猬	犬田月
猎	犬廿日
疴	疒丁口
凄	冫一尹女
疱	疒勹巳
遡	辵屰月
糇	米人龴矢
攳	十又彐工口寸
蘌	艸行午止卩示
虃	艸水从戈韭
椁	木京子
蟙	虫立日戈
郹	目犬阝
毤	公儿毛
貁	豸穴
猑	犬日比
鶛	比白鳥
竀	穴正見
蛝	虫艮
貕	豸爪幺大
魱	魚互
鮤	歹刀魚
鬞	長彡曲辰
蕮	艸臼烏
蹗	足鹿
貾	貝氏丶
痚	疒耂子
溛	水穴瓜
疀	巛田一彐止
榩	木虎文
笻	竹工卩
靗	青光
攓	扌宀甘八足
靲	革今
麧	來夂乞
瞝	目亠乂凵禸
犥	牛鹿火
瓾	禾女瓦
觾	角燕
羳	羊釆田
韗	㐄口㐄冂車
鷵	尸者鳥
鞪	矛攴革
桏	木工阝
胊	月勹口
藆	艸宀甘八手
豯	豕爪幺大
箈	竹水厶口
郺	多巛口巴
涄	水由丂
鵳	戶月鳥
鶔	矛木鳥
蔰	艸戶口巴
迺	辵西
鶐	辵术鳥
蝆	虫丨羊
蜭	虫𠂊臼
賌	亥貝
瘱	疒大从心
蠤	八酉虫虫
軝	車氏
蹪	足中一貝
郻	目乚巛阝
欨	勹口欠
覢	火火見
窲	穴米斗
翇	羽犬㇕
孈	女山隹内口
鼰	臼釆貝
蘮	艸四厂火火刀
毻	𠂇工月毛
蝔	虫比白
蠗	虫羽隹
銔	金不十
旚	㫃西示
虇	艸弓艸口口隹
鶜	艸矛鳥
蟡	虫爲
襺	衤艸巾糸虫
鰬	魚虎文
蘛	艸甘匚八了月
桙	木厶牛
雓	余隹
讂	言𠂊内目夂
轏	車尸三子
蛵	虫巠
齤	龹齒
酟	酉卜口
嶩	山曲辰
鱋	魚虎业
痻	疒氏日
瓲	瓦屯
霤	雨卯田
祼	示果
踍	足耂子
蹳	足癶弓殳
矎	目𠂊内目夂
餰	食行水
痺	疒卑
蛶	虫爪寸
踙	足耳又
羷	羊亼口口从
窏	穴水丁一
縯	糸寅
証	言正
晋	晉
騣	馬乂凵八夂
惷	廾日心
藱	艸疒鬼
踂	足耳乚
酁	象比象儿丶阝
冮	冫工
羦	羊宀一兀
壾	十豆巨
殔	歹尹⺍
臙	月燕
篲	竹丰丰彐
鴈	厂人鳥
藚	艸士四貝
鷻	鳥京子攴
眦	目止匕
亘	二日
甪	丿用
蔆	艸水土八夂
姪	女至
壼	士冂亞
踫	足並
痴	疒矢口
砲	石勹巳
珮	王凡巾
駮	馬文八
鄻	夫夫車阝
舗	人土口甫
﨑	山立丁口
叙	余又
离	亠乂凵禸
痲	疒术术
綉	糸禾乃
虱	乙丿虫
籥	竹龠
繙	糸釆田
揹	扌北月
滚	水衣公
玅	亠幺少
玆	亠幺亠幺
攷	丂攴
査	木且
昵	日尸匕
屉	尸世
倣	人方攴
觝	角氏丶
蜺	虫臼儿
釬	金干
嬭	女爾
无	無
与	牙一
样	木羊
国	圍玉
吨	口屯
户	戶
巩	工凡
却	去卩
担	扌日一
撑	扌尚手
携	扌隹乃
抬	扌厶口
栀	扌𠂆卩
构	木勹厶
贋	厂人隹貝
医	匚矢
蝎	虫日勹亡
虮	虫几
咏	口永
踪	足宀示
叹	口又
网	网
冈	冂乂
岭	山令
复	𠂉日夂
笋	竹尹
偬	人囪心
众	三人
脚	月去卩
胆	月日一
庄	广土
凉	冫京
决	冫夬
恒	心二日
潜	水夫夫日
汹	水乂凵
袜	衤末
宫	宀呂
幂	冂日大巾
卺	㇕水一卩
异	巳廾
壜	土日雨云
韆	革辵西大巳
苁	艸从
栅	木冊
虬	虫乚
吕	呂
咤	口宀丿七
罎	缶日雨云
秆	禾干
鼹	臼釆日宀女
隽	隹乃
腭	月口口一丂
删	冊刀
胶	月文八
鰌	魚八酉
籼	米山
泞	水宀丁
姗	女冊
耤	耒廿日
耑	山而
苺	艸母
崳	山亼月刀
譆	言十豆口
扰	扌𠂇
芜	艸無
芦	艸戶
碱	石戌口
奋	大田
厩	厂艮旡
邮	由阝
毁	臼工殳
体	人本
优	人𠂇
犹	犬𠂇
肮	月亢
凑	冫廾天
痒	疒羊
烛	火虫
怜	心令
惊	心京
羡	羊冫欠
洁	水士口
垦	艮土
竪	臣又立
篱	竹亠乂凵禸
胇	月弓八
灯	火丁
粧	米广土
鑵	金艸口口隹
媮	女亼月刀
舋	臼同冂且
橱	木厂豆寸
减	冫戌口
耻	耳止
忾	心气
厨	厂豆寸
蹰	足厂豆寸
凛	冫亠回示
奬	爿肉寸大
搥	扌辵㠯
薴	艸宀心皿丁
叡	卜冂一八人目又
耡	耒且力
饟	食衣口口甘
欸	厶矢欠
厦	厂頁夂
厮	厂其斤
亲	立木
届	尸由
瑯	王良阝
鶏	爪夫鳥
瘉	疒亼月刀
鱫	魚爪冂心夂
袪	衤去
餬	食古月
煖	火爪二丿又
埼	土大丁口
楄	木戶冊
殽	乂𠂇月殳
珐	王去
徬	行亠八冂方
鉆	金卜口
琎	王辵井
蹠	足广廿火
腘	月圍玉
釆	釆
摀	扌烏
碶	石丰刀大
厢	厂木目
厠	厂貝刀
籴	人米
忧	心𠂇
伕	人夫
禀	亠回示
幵	干干
眞	真
繈	糸弓厶虫
埜	木木土
疍	疋日一
説	言公儿
詻	言夂口
鼇	敖黽
嵒	三口山
餽	食鬼
粏	米太
叠	三又冂且
湣	水民日
俵	人表
开	一廾
录	彑
献	十冂半犬
园	圍一兀
杀	乂木
卬	匕卩
寻	彐寸
邓	又阝
茍	艸勹口
吓	口下
彔	彑
瓖	王衣口口甘
挶	扌尸㇕口
菫	艸一口丰
偪	人畐
僣	人夫夫日
沨	水風
栒	木勹日
鐎	金隹火
萹	艸戶冊
嘡	口尚土
譔	言巳巳艸廾
殰	歹士四貝
撦	扌大者
箄	竹卑
鎯	金良阝
餈	冫欠食
溇	水婁
缐	糸白水
触	角虫
梽	木士心
媭	彡頁女
敩	⺍冂子攴
峃	⺍冂山
栐	木永
訢	言斤
勣	丰貝力
拃	扌乍
櫂	木羽隹
閲	門公儿
偽	人爲
鎷	金馬
搾	扌穴乍
槜	木隹乃
蹾	足京子攴
鐏	金八酉寸
顔	立厂彡頁
权	木又
杂	九木
丽	麗
垯	土辵大
币	丿巾
仅	人又
澛	水魚日
沟	水勹厶
灵	彐火
叇	云辵尹⺍
萚	艸扌又扌
翙	山夕羽
箓	竹彑
偺	人夂卜日
鏆	金貫
浕	水尺冫
媿	女鬼
茧	艸虫
杧	木亡
鰙	魚艸𠂇口
鯎	魚成
怀	心不
濬	水卜冂一八人目
汈	水㇕一
塆	土亦弓
摃	扌工貝
蒅	艸水九木
蟺	虫亠回日一
洟	水大弓
睍	目見
佪	人回
澂	水山一王攴
彊	弓三田田
﨟	艸月日勹亡
蓢	艸良月
酛	酉一兀
䶮	龍天
圙	圍八面
蹽	足一火日小
峧	山文八
箠	竹垂
儸	人四糸隹
剉	从土刀
鳤	魚竹宀㠯
魞	魚人
褎	衣爪禾
濹	水黑土
婫	女日比
絺	糸乂𠂇巾
袰	母衣
扺	扌氏
茓	艸穴
㭎	木冂乂
柽	木又土
硔	石艸廾
蹻	足丿大口冂口
啗	口𠂊臼
昙	日云
崠	山東
积	禾口八
敌	舌攴
侚	人勹日
鈇	金夫
銶	金求
魹	魚毛
浬	水里
絶	糸𠂊巴
鬶	夫見鬲
壈	土亠回禾
块	土夬
毮	扌少毛
挘	扌少力
薳	艸辵土口衤
薭	艸禾卑
桛	木卜二卜
橦	木立田土
鶍	日勿鳥
峂	山夂冫
籡	竹扌亼口口从
䅟	禾厶大彡
劄	竹亼口刀
卽	白匕卩
㑇	人𠂊彐
鱪	魚日者
鱛	魚曾
匋	勹缶
鱜	魚阝良阝
庼	广匕頁
滧	水文八攴
襅	衤畢
屝	尸非
嗧	力口亼冊
紬	糸由
嚮	阝良阝宀口
殻	士冂几殳
搆	扌甘冄
搯	扌爪臼
挌	扌夂口
棊	其木
棡	木网山
噚	口彐工口寸
瞜	目婁
筴	竹大从
餔	食甫
餗	食束
舘	舍宀㠯
鑪	金虎田皿
备	夂田
謡	言爪缶
詶	言⺍巛
訑	言也
痳	疒木木
关	䒑大
忏	心千
汍	水丮
溈	水爲
队	阝人
緑	糸彑
墫	土八酉寸
鶄	青鳥
騧	馬咼
駃	馬夬
撢	扌西日十
撝	扌爲
㧐	扌又又
鷰	廿口北鳥
懃	堇力心
䓬	艸卜日十
䓖	艸穴力
蘗	艸尸口辛木
鶒	束力鳥
軏	車兀
輗	車臼儿
軨	車令
㰀	木禾丿刀人水
楙	木矛木
碕	石大丁口
囓	口丰刀止齒
啣	口午止卩
㘎	口門敢
僊	人西大巳
㿠	白光
儁	人隹弓
鎗	金倉
貙	豸匚三口
貍	豸里
録	金彑
鐍	金矛内口
䏝	月專
鱰	魚四者
鮸	魚象儿
鮟	魚宀女
譊	言堯
諰	言田心
譅	言刀丶刀丶止止
旛	㫃釆田
凅	冫圍古
㤘	心𠂊彐
鸂	水爪幺大鳥
宪	宀先
㮣	艮旡木
勦	巛果力
纁	糸千四土火
婬	女爪壬
毌	貫
现	王見
个	竹
说	言公儿
为	爲
没	水殳
这	辵文
对	又寸
发	丿犬㇕
两	一冂从
项	工頁
专	專
来	來
动	云力
长	長
联	耳䒑大
帮	丰阝巾
热	扌丮火
拨	扌丿犬㇕
带	帶
节	艸卩
标	木示
横	木黃
龙	龍
页	頁
顾	厂卩頁
车	車
区	匚乂
暂	車斤日
轨	車九
软	車欠
点	卜口火
旧	丨日
齿	齒
别	另刀
员	口貝
吗	口馬
时	日寸
业	业
当	小彐
电	申
贱	貝戔
败	貝攴
内	内
贩	貝反
见	見
赔	貝立口
县	且厶
税	禾公儿
气	气
传	人專
顺	巛頁
们	人門
伪	人爲
会	會
领	令頁
从	从
镇	金真
须	彡頁
钱	金戔
钻	金卜口
钢	金冂乂
铁	金失
铬	金夂口
胀	月長
腻	月弋二貝
独	犬虫
肿	月中
风	風
脱	月公儿
鱼	魚
条	夂木
乐	𠂆木
争	𠂊尹
鸟	鳥
讲	言井
让	言上
调	言用口
齐	齊
诉	言斥
设	言殳
该	言亥
变	亦又
装	爿士衣
闻	門耳
闭	門才
问	門口
间	門日
门	門
将	爿夕寸
应	广⺍一
疗	疒了
废	广丿犬㇕
类	米大
炼	火柬
总	公心
单	八甲一
粮	米良
数	婁攴
洒	水西
滤	水虎心
测	水貝刀
学	⺍冂子
汉	水又
泼	水丿犬㇕
宽	宀艸見
军	冂車
补	衤卜
审	宀申
实	宀冫大
马	馬
层	尸云
颇	皮頁
观	又見
难	又隹
验	馬亼⺍一
买	㇕冫大
骗	馬戶冊
张	弓長
阳	阝日
费	弓八貝
办	力八
阴	阝月
习	羽
弹	弓八甲一
随	阝辵𠂇月
红	糸工
续	糸十㇕冫大
纯	糸屯
细	糸田
组	糸且
统	糸了儿
断	米乚斤
编	糸戶冊
经	糸巠
顸	干頁
蚕	天虫
顶	丁頁
鹉	戈止鳥
垩	亞土
严	一业丿
亚	亞
恶	亞心
画	一田凵
残	歹戔
殒	歹口貝
歼	歹千
殓	歹亼⺍一
殁	歹殳
殡	歹宀斤廾
灭	一火
虿	一力虫
迈	辵一力
坛	土云
墙	土土八回
盐	土卜皿
韦	二㐄
颉	士口頁
埘	土日寸
坝	土貝
趱	走先先貝
进	辵井
辇	夫夫車
规	夫見
赵	走乂
顽	一兀頁
远	辵一兀
趋	走𠂊彐
坟	土文
圹	土广
颊	大䒑頁
夹	大䒑
郏	大䒑阝
壶	士冂业
壳	士冂几
声	士尸
韫	二㐄日皿
场	土昜
韬	二㐄爪臼
运	辵云
玮	王二㐄
寿	丰寸
焘	丰寸火
耢	耒艸冂力
环	王不
珑	王龍
顼	王頁
琏	王辵車
职	耳口八
璎	王貝貝女
责	丰貝
瑶	王爪缶
玑	王几
靓	青見
静	青𠂊尹
麸	丰夂夫
𬍛	王𠂆木
艳	丰𠂊巴
聪	耳公心
耧	耒婁
聍	耳宀丁
鬓	長彡宀斤廾
玛	王馬
聂	耳又又
抚	扌無
挟	扌大䒑
摄	扌耳又又
挝	扌辵寸
捞	扌艸冂力
抴	扌世
拢	扌龍
挞	扌辵大
拣	扌柬
抠	扌匚乂
摅	扌虎心
损	扌口貝
挡	扌小彐
摆	扌四去
拥	扌用
攒	扌先先貝
捡	扌亼⺍一
抡	扌人匕
抢	扌倉
摇	扌爪缶
垫	扌丮土
蛰	扌丮虫
挚	扌丮手
执	扌丮
抛	扌九力
絷	扌丮糸
撸	扌魚日
换	扌𠂊冂大
搀	扌象儿冫
挣	扌𠂊尹
挤	扌齊
过	辵寸
扩	扌广
扪	扌門
搁	扌門夂口
掷	扌䒑大阝
搂	扌婁
㧟	扌水匚
搅	扌⺍冂見
拧	扌宀丁
挥	扌冂車
撺	扌穴中中
护	扌戶
摈	扌宀斤廾
扫	扌彐
摊	扌又隹
扬	扌昜
报	扌卩又
掺	扌厶大彡
拟	扌厶人
荚	艸大䒑
苇	艸二㐄
苌	艸長
协	十力八
鞯	革艸才子
蔷	艸土八回
茏	艸龍
荙	艸辵大
载	十戈車
莲	艸辵車
莴	艸咼
颧	艸口口隹頁
𦭜	艸口八
莳	艸日寸
蓝	艸監
黄	黃
蓦	艸日大馬
蔂	艸田糸
苘	艸冂口
贳	世貝
颠	真頁
苋	艸見
荞	艸丿大八
蔹	艸亼⺍一攴
获	艸犬犬
茑	艸鳥
藷	艸言者
蔼	艸言日勹亡
𬜬	艸門口
蔺	艸門隹
蒋	艸爿夕寸
丧	土八衤
啬	土八回
蕲	艸八甲一斤
荡	艸水昜
苎	艸宀一
茔	艸冂土
莹	艸冂玉
荣	艸冂木
荤	艸冂車
萤	艸冂虫
营	艸冂呂
荥	艸冂水
蓥	艸冂金
荧	艸冂火
劳	艸冂力
萦	艸冂糸
茎	艸巠
萧	艸尹𣶒
卖	十㇕冫大
艺	艸乙
荪	艸子小
苏	艸力八
荫	艸阝月
萨	艸阝立厂
蕴	艸糸日皿
药	艸糸勺
飘	西示風
杇	木一丂
枨	木長
樯	木土八回
栉	木艸卩
梦	木木夕
颥	雨而頁
桮	木不口
栊	木龍
雳	雨厂力
栋	木東
栈	木戔
枢	木匚乂
梿	木辵車
梱	木圍木
档	木小彐
贾	西貝
枧	木見
枣	朿冫
桥	木丿大八
酰	酉先
霉	雨每
检	木亼⺍一
枪	木倉
枫	木風
橹	木魚日
赖	束𠂊貝
榇	木立木
霁	雨齊
术	术
酿	酉良
桩	木广土
榈	木門呂
楼	木婁
槟	木宀斤廾
树	木又寸
棂	木彐火
椭	木阝𠂇月
杨	木昜
厅	厂丁
厉	厂一力
压	厂土丶
硖	石大䒑
砖	石專
夺	大寸
硕	石頁
厌	厂犬
砗	石車
奁	大匚乂
𬒔	石止月
还	辵不
碍	石日一寸
厕	厂貝刀
砚	石見
垄	龍土
砻	龍石
詟	龍言
赝	厂人隹貝
矶	石几
砜	石風
飙	三犬風
袭	龍衣
态	太心
矿	石广
牵	大冂牛
码	石馬
历	厂力
础	石出
轩	車干
辆	車一冂从
辕	車土口衤
贰	弋二貝
转	車專
辄	車耳乚
连	辵車
轰	車又又
轧	車乚
辅	車甫
颐	臣頁
尧	堯
翘	堯羽
轾	車至
卧	臣卜
轳	車卜尸
辑	車口耳
匮	匚中一貝
轵	車口八
轴	車由
东	東
辊	車日比
辋	車网亡
盏	戔皿
轿	車丿大八
轷	車爪丁
输	車亼月刀
辁	車人王
殴	匚乂殳
轮	車人匕
堑	車斤土
錾	車斤金
鸦	牙鳥
较	車文八
辙	車了月攴
辘	車鹿
辚	車米舛
辖	車宀丰口
轻	車巠
辗	車尸廿衤
轺	車刀口
轫	車刀丶
顿	屯頁
辎	車巛田
蛱	虫大䒑
龉	齒五口
螨	虫艸一冂从
螮	虫帶
蛲	虫堯
龇	齒止匕
战	卜口戈
蝇	虫黽
蜗	虫咼
卤	卜圍乂
蛳	虫刀一巾
频	步頁
虚	虎业
蛊	虫皿
贞	卜貝
蚬	虫見
龄	齒令
赀	止匕貝
蜕	虫公儿
蝉	虫八甲一
虑	虎心
蛏	虫又土
颅	卜尸頁
龌	齒尸至
卢	卜尸
蚂	虫馬
虏	虎力
吴	吳
哑	口亞
贵	中一貝
围	圍二㐄
踌	足丰寸
啧	口丰貝
唛	口丰夂
蹑	足耳又又
𠳐	口丰阝
团	圍才
蹒	足艸一冂从
喷	口屮貝
躏	足艸門隹
呓	口艸乙
嗹	口辵車
咙	口龍
哒	口辵大
𠮟	口七
跷	足堯
践	足戔
呕	口匚乂
嘘	口虎业
啮	口齒
虽	口虫
颚	口口一丂頁
圆	圍口貝
骂	口口馬
黾	黽
呗	口貝
啰	口四夕
郧	口貝阝
跃	足丿大
躜	足先先貝
响	口宀口
哗	口華
囵	圍人匕
呛	口倉
嗳	口爪冂𠂇又
叽	口几
鹃	口月鳥
噜	口魚日
唤	口𠂊冂大
图	圍夂冫
鸣	口鳥
跻	足齊
踯	足䒑大阝
喽	口婁
咛	口宀丁
蹿	足穴中中
吣	口心
嘱	口尸禹
啸	口尹𣶒
哟	口糸勺
题	是頁
师	刀一巾
韪	是二㐄
𬀩	日二㐄
畴	田丰寸
颗	果頁
晒	日西
昽	日龍
辉	光冂車
辈	非車
晓	日堯
鸭	甲鳥
显	日业
帅	刀巾
𬀪	日見
临	監口丨
监	監
览	監見
鉴	監金
晔	日華
尘	小土
暧	日爪冂𠂇又
鶗	是鳥
旷	日广
邺	业阝
凿	业凵
尝	小冂云
晕	日冂車
赏	尚貝
归	刀彐
贤	二又貝
肾	二又月
竖	二又立
紧	二又糸
畅	申昜
赋	貝戈止
赇	貝求
屿	山牙一
峡	山大䒑
罢	四去
帱	巾丰寸
帐	巾長
账	貝長
帻	巾丰貝
财	貝才
瞒	目艸一冂从
巅	山真頁
嵘	山艸冂木
赎	貝十㇕冫大
赙	貝甫寸
颛	山而頁
眬	目龍
贿	貝𠂇月
鸯	冂大鳥
贼	貝戈𠂇
岽	山東
岖	山匚乂
崭	山車斤
贴	貝卜口
帧	巾卜貝
帜	巾口八
贶	貝口儿
刚	冂乂刀
赐	貝日勿
幞	巾业大
岿	山刀彐
𪾢	目見
婴	貝貝女
峤	山丿大八
贝	貝
赌	貝者
则	貝刀
赂	貝夂口
岚	山風
岁	山夕
睁	目𠂊尹
购	貝勹厶
罚	四言刀
赃	貝广土
赠	貝曾
赕	貝火火
赚	貝兼
髅	骨婁
贮	貝宀一
髋	骨宀艸見
髌	骨宀斤廾
峄	山又扌
瞩	目尸禹
赆	貝尺冫
剀	山己刀
觊	山己見
凯	山己几
岂	山己
悬	且厶心
丢	丿去
筹	竹丰寸
箨	竹扌又扌
穑	禾土八回
迁	辵千
犊	牛十㇕冫大
笼	竹龍
乔	丿大八
箧	竹匚大䒑
笺	竹戔
毡	毛卜口
乱	舌乚
鹄	牛口鳥
篮	竹監
笕	竹見
笔	竹毛
签	竹亼⺍一
秃	禾几
頽	禾几頁
颓	禾几頁
称	禾尔
赞	先先貝
选	辵先
稳	禾𠂊彐心
鹅	我鳥
辞	舌辛
简	竹門日
篓	竹婁
氢	气巠
箫	竹尹𣶒
笃	竹馬
笾	竹辵力
俩	人一冂从
粤	宀米一丂
侠	人大䒑
伟	人二㐄
伥	人長
债	人丰貝
偾	人屮貝
牍	爿十㇕冫大
鸺	人木鳥
侥	人堯
贷	人弋貝
舆	臼車廾
躯	身匚乂
侦	人卜貝
俣	人吳
侣	人呂
侧	人貝刀
伣	人見
皑	白山己
侨	人丿大八
赁	人壬貝
伤	人𠂉力
俭	人亼⺍一
伦	人人匕
华	華
倾	人匕頁
货	化貝
储	人言者
侪	人齊
奥	宀米大
鹪	隹火鳥
偻	人婁
伫	人宀一
傧	人宀斤廾
侬	人冂衤
傩	人又隹
亿	人乙
龛	亼口龍
剑	亼⺍一刀
敛	亼⺍一攴
刽	會刀
饵	食耳
仓	倉
馕	食一中冂口口甘衤
馍	食艸日大
馓	食廿月攴
饽	食十冂子
弑	乂木弋工
刹	乂木刀
饶	食堯
饯	食戔
彻	行七刀
饨	食屯
衔	行金
馈	食中一貝
馄	食日比
饪	食壬
饫	食丿大
饿	食我
饰	食𠂉巾
饬	食𠂉力
饷	食宀口
馊	食申又
丛	从一
耸	从耳
怂	从心
爷	父卩
饭	食反
馁	食爪女
饥	食几
馋	食象儿冫
馅	食𠂊臼
饮	食欠
仑	人匕
馏	食卯田
饱	食勹巳
颔	今口頁
贪	今貝
伞	傘
饼	食并
馐	食羊丑
邻	令阝
馆	食宀㠯
蚀	食虫
饲	食司
颁	分頁
戗	倉戈
创	倉刀
贫	分貝
饧	食昜
颂	公頁
饴	食厶口
钘	金一廾
钉	金丁
铐	金耂丂
𫓯	金土土
铼	金來
锗	金者
铑	金耂
铗	金大䒑
钍	金土
铸	金丰寸
铒	金耳
𬬮	金長
锖	金青
钰	金玉
镊	金耳又又
钳	金甘
𫓹	金其
针	金十
锘	金艸𠂇口
钴	金古
错	金廿日
质	𠂆十貝
镬	金艸隹又
𫟹	金艸廾
钵	金本
铺	金甫
𬭊	金木土
镭	金雨田
𬬸	金术
锛	金奔
钚	金不
铕	金𠂇月
钛	金太
镣	金一火日小
𫟼	金辵大
钹	金犬㇕
铚	金至
铙	金堯
钷	金匚口
𬬩	金弋
铖	金成
铽	金弋心
链	金辵車
钜	金巨
铘	金牙阝
钺	金戉
钋	金卜
舻	舟卜尸
锃	金口王
铟	金圍大
锢	金圍古
钟	金中
铝	金呂
锅	金咼
𫓶	金口月
钽	金日一
锂	金里
钊	金刀
锞	金果
钿	金田
锁	金小貝
钞	金少
销	金小月
锡	金日勿
镤	金业大
镗	金尚土
铛	金小彐
铜	金同
盘	舟皿
钠	金内
钡	金貝
舰	舟見
钼	金目
锄	金且力
钎	金千
锇	金我
锆	金牛口
锺	金千田土
锸	金千臼
铣	金先
锹	金禾火
锈	金禾乃
锻	金厂三殳
锽	金白王
钏	金巛
镍	金自木
锥	金隹
铂	金白
锦	金白巾
镌	金隹乃
铨	金人王
𬬱	金斤
铩	金乂木
锉	金从土
钤	金今
铃	金令
舱	舟倉
锾	金爪二丿又
钐	金彡
锨	金斤欠
钣	金反
钒	金凡
铅	金公
钥	金月
锋	金夂丰
铭	金夕口
镥	金魚日
铆	金卯
钦	金欠
钓	金勺
钧	金勹冫
铮	金𠂊尹
钩	金勹厶
锌	金辛
锫	金立口
镜	金立日儿
铈	金市
铲	金立厂
铱	金衣
镑	金亠八冂方
锒	金良
钫	金方
锎	金門一廾
钭	金斗
镀	金广廿又
镧	金門柬
锏	金門日
钔	金門
锵	金爿夕寸
镰	金广兼
镁	金羊大
鋭	金公儿
锐	金公儿
镨	金並日
钬	金火
锬	金火火
锑	金八弓丨丿
镂	金婁
铫	金兆
铴	金水昜
锭	金宀正
爱	爪冂𠂇又
镩	金穴中中
铋	金必
镔	金宀斤廾
释	釆又扌
锯	金尸古
铍	金皮
镅	金眉
银	金艮
铌	金尸匕
钗	金又丶
𬬿	金刀口
锰	金子皿
镄	金弓八貝
钌	金了
键	金廴尹二
铷	金女口
锱	金巛田
钕	金女
钆	金乚
𬭁	金母
橥	犬者木
䏡	月示
肤	月夫
狭	犬大䒑
𦙶	月古
胧	月龍
胨	月東
胪	月卜尸
脶	月咼
腽	月日皿
狈	犬貝
猡	犬四夕
犸	犬馬
脸	月亼⺍一
飓	風目廾
飕	風申又
飑	風勹巳
鹏	朋鳥
狰	犬𠂊尹
鸠	九鳥
狱	犬言犬
脐	月齊
脑	月囟
脏	月广土
犷	犬广
䲢	朕魚
鰧	朕魚
腾	朕馬
狞	犬宀丁
膑	月宀斤廾
脓	月冂衤
胫	月巠
胁	月力八
猕	犬弓尔
鲠	魚一日乂
鲡	魚麗
鲆	魚干八
鲑	魚土土
鲒	魚士口
鲮	魚土八夂
鳍	魚耂日
䲠	魚廾日
鰆	魚廾日
鲭	魚青
鲰	魚耳又
鲯	魚其
鲼	魚屮貝
鲽	魚世木
鹱	鳥艸隹又
鸨	匕十鳥
鳓	魚革力
鯆	魚甫
鳕	魚雨彐
鲕	魚而
顷	匕頁
鲔	魚𠂇月
鱿	魚𠂇
鳜	魚厂屰欠
鲅	魚犬㇕
鲢	魚辵車
处	夂卜
鯱	魚虎
鲇	魚卜口
鲈	魚卜尸
鲴	魚圍古
鲤	魚里
鲱	魚非
鳂	魚田衤
鲳	魚昌
鳗	魚日四又
尔	尔
鲲	魚日比
鲁	魚日
迩	辵尔
鳃	魚田心
鲣	魚二又土
鳎	魚日羽
龟	龜
鲷	魚用口
鲖	魚同
奂	𠂊冂大
鳏	魚四水
岛	鳥山
负	𠂊貝
觯	角八甲一
稣	魚禾
颖	匕禾頁
鳅	魚禾火
鲧	魚丿糸
鱮	魚臼牙廾
鳇	魚白王
鲋	魚人寸
鲌	魚白
鲵	魚臼儿
燄	𠂊臼火火
鷈	鳥𠂆虎
鳐	魚爪缶
凫	鳥几
毕	畢
鲦	魚夂木
𬶋	魚勹口
鲍	魚勹巳
贸	卯貝
鲚	魚齊
鲂	魚方
鲜	魚羊
鳟	魚八酉寸
鳞	魚米舛
鳝	魚善
鲩	魚宀一兀
鳊	魚戶冊
鸵	鳥它
刍	𠂊彐
鲟	魚彐寸
鴃	鳥夬
鲏	魚皮
鲪	魚尹口
雏	𠂊彐隹
皱	𠂊彐皮
邹	𠂊彐阝
鲫	魚艮卩
鱽	魚刀
务	夂力
鸳	夕卩鳥
匀	勹冫
鱾	魚己
乌	烏
枭	鳥木
鲐	魚厶口
𬣙	言丁一
订	言丁
诃	言丁口
评	言干八
诖	言土土
诗	言土寸
讧	言工
诘	言士口
诸	言者
诬	言工从
諸	言者丶
语	言五口
讳	言二㐄
诔	言耒
请	言青
诹	言耳又
亵	衣扌丮
讨	言寸
计	言十
谋	言甘木
谍	言世木
诺	言艸𠂇口
诂	言古
谳	言十冂半犬
谎	言艸亡巛
读	言十㇕冫大
谌	言甘匚八
𬤇	言西土
谭	言西日十
谏	言柬
斋	文而
诼	言豕
诙	言𠂇火
试	言弋工
诓	言匚王
诫	言戈廾
讶	言牙
𬣡	言戔
讴	言匚乂
谮	言旡旡日
诚	言成
讵	言巨
讣	言卜
谑	言虎爪
謼	言虎爪丁
误	言吳
颤	亠回日一頁
识	言口八
赢	贏
诽	言非
刘	文刀
栾	亦木
课	言果
亩	亠田
蛮	亦虫
谩	言日四又
谡	言田八夂
銮	亦金
诮	言小月
谓	言田月
弯	亦弓
诅	言且
诇	言冂口
𫍣	言同
讪	言山
讷	言内
挛	亦手
许	言午
话	言舌
诰	言牛口
诛	言朱
颜	立厂彡頁
诱	言禾乃
诲	言每
训	言巛
谁	言隹
剂	齊刀
谯	言隹火
謏	言申又
谕	言亼月刀
诠	言人王
认	言人
谶	言从戈韭
诊	言人彡
论	言人匕
义	丶乂
诟	言𠂆口
䜣	言斤
谣	言爪缶
诳	言犬王
讥	言几
颃	亢頁
讽	言風
诡	言𠂊厂卩
谗	言象儿冫
询	言勹日
诣	言旨
谄	言𠂊臼
谐	言比白
诋	言氏丶
诌	言𠂊彐
鴗	立鳥
鸾	亦鳥
谅	言京
谙	言立日
谚	言立厂彡
议	言丶乂
辩	辛言辛
谛	言帝
谤	言亠八冂方
访	言方
斓	文門柬
详	言羊
产	立厂
谥	言水皿
谫	言䒑月刀刀
谈	言火火
谜	言辵米
谦	言兼
𬣞	言宀一
諠	言宀二日
诨	言冂車
谴	言辵中一㠯
谊	言宀且
诧	言宀丿七
译	言又扌
诀	言夬
诐	言皮
诵	言甬
𬣳	言艮
词	言司
讯	言乙十
诏	言刀口
诞	言廴丿止
讱	言刀丶
记	言己
诒	言厶口
娈	亦女
颏	亥頁
辫	辛糸辛
庑	广無
疠	疒一力
闺	門土土
瘗	疒大䒑土
闫	門三
冯	冫馬
痨	疒艸冂力
癞	疒束𠂊貝
阑	門柬
鹇	門木鳥
头	冫大
庆	广大
库	广車
阉	門大申
庞	广龍
状	爿犬
邝	广阝
阈	門戈口一
冻	冫東
壮	爿士
阃	門圍木
闸	門甲
阊	門昌
闩	門一
闰	門王
痈	疒用
闲	門木
闽	門虫
訚	門言
闯	門馬
阀	門人戈
鹰	疒人隹鳥
瘪	疒自人匕
阋	門臼儿
闪	門人
疮	疒倉
阌	門爪冂又
疯	疒風
桨	爿夕木
奖	爿夕大
浆	爿夕水
资	冫欠貝
阎	門𠂊臼
癣	疒魚羊
净	冫𠂊尹
闹	門市
闶	門亢
阂	門亥
痫	疒門木
阅	門公儿
阐	門八甲一
瘘	疒婁
阔	門水舌
闼	門辵大
庐	广戶
闷	門心
阕	門癶天
阚	門敢
瘫	疒又隹
疡	疒昜
瘾	疒阝𠂊彐心
疖	疒卩
妆	爿女
兰	䒑二
鲞	龹魚
誊	龹言
怅	心長
鲝	羊魚
慑	心耳又又
愤	心屮貝
懒	心束𠂊貝
娄	婁
恹	心厂犬
烦	火頁
郑	䒑大阝
烧	火堯
怄	心匚乂
惭	心車斤
兑	公儿
兽	八田一口
悭	心二又土
灿	火山
惧	心目廾
恺	心山己
养	羊八
烨	火華
烃	火巠
烁	火𠂆木
焕	火𠂊冂大
恼	心囟
悯	心門文
焖	火門心
悦	心公儿
惮	心八甲一
恽	心冂車
烬	火尺冫
忆	心乙
炀	火昜
鹈	八弓丨丿鳥
递	辵八弓丨丿
惨	心厶大彡
惯	心貫
兹	䒑幺幺
举	⺍廾扌
兴	⺍廾
誉	⺍廾言
𬇕	水一力
洼	水土土
鸿	水工鳥
浃	水大䒑
𣲗	水二㐄
涛	水丰寸
沣	水丰
渍	水丰貝
滟	水丰𠂊巴
滠	水耳又又
满	水艸一冂从
滞	水帶
潇	水艸尹𣶒
泷	水龍
沥	水厂力
浇	水堯
浅	水戔
沤	水匚乂
渐	水車斤
㳚	水戈人
汇	水匚
涟	水辵車
浈	水卜貝
浊	水虫
泸	水卜尸
涠	水圍二㐄
渑	水黽
涡	水咼
湿	水日业
温	水日皿
溅	水貝戔
𬇙	水貝
滗	水竹毛
渊	水巛米
潋	水亼⺍一攴
沦	水人匕
潴	水犬者
鼗	兆十豆十又
涤	水夂木
涣	水𠂊冂大
渔	水魚
滦	水亦木
浐	水立厂
润	水門王
澜	水門柬
瀇	水广黃
涧	水門日
沩	水爲
黉	⺍冂黃
浑	水冂車
觉	⺍冂見
沪	水戶
滨	水宀斤廾
浓	水冂衤
泽	水又扌
浔	水彐寸
滩	水又隹
涨	水弓長
汤	水昜
涩	水刀丶止
烫	水昜火
渗	水厶大彡
潍	水糸隹
逦	辵麗
写	冂牙一
窍	穴工丂
窥	穴夫見
违	辵二㐄
祷	示丰寸
宝	宀玉
赛	宀甘八貝
骞	宀甘八馬
宠	宀龍
窃	穴七刀
祯	示卜貝
遗	辵中一貝
祸	示咼
褴	衤監
裆	衤小彐
视	示見
袄	衤丿大
鹤	冂隹鳥
裣	衤亼⺍一
穷	穴力
遥	辵爪缶
宾	宀斤廾
额	宀夂口頁
农	冂衤
祃	示馬
礼	示乚
裤	衤广車
禅	示八甲一
迳	辵巠
迟	辵尺
逊	辵子小
边	辵力
辽	辵了
骊	馬麗
颈	巠頁
巯	巠了巛
劲	巠力
𬴃	馬丰石
骤	馬耳又从
怼	又寸心
骐	馬其
剧	尸古刀
骑	馬大丁口
驮	馬大
戏	又戈
驱	馬匚乂
骃	馬圍大
驶	馬口乂
𬴂	馬非
骒	馬果
剥	彑刀
骡	馬田糸
驵	馬且
𬳶	馬冂口
驷	馬四
骄	馬丿大八
属	尸禹
驯	馬巛
骓	馬隹
肃	尹𣶒
骅	馬華
骢	馬囪心
驳	馬爻
屦	尸行婁
驹	馬勹口
骆	馬夂口
欢	又欠
骝	馬卯田
鸡	又鳥
驻	馬主
骍	馬辛
骧	馬衣口口甘
昼	尺日一
𫘜	馬文
尽	尺冫
骇	馬亥
骥	馬北田艸廾
骈	馬并
屡	尸婁
驴	馬戶
驼	馬它
骟	馬戶羽
恳	艮心
驿	馬又扌
预	予頁
艰	又艮
驭	馬又
骉	三馬
骣	馬尸三子
驰	馬也
劝	又力
骖	馬厶大彡
骀	馬厶口
骏	馬厶八夂
卫	卩一
际	阝示
陕	阝大䒑
陆	阝扌凵
陇	阝龍
陏	阝𠂇月
阵	阝車
陈	阝東
贺	力口貝
驾	力口馬
陧	阝日土
孙	子小
隄	阝是
坠	阝人土
阶	阝介
弥	弓尔
隐	阝𠂊彐心
飞	乙冫
导	巳寸
𠙶	了凵
纡	糸丁一
妩	女無
娅	女亞
结	糸士口
绪	糸者
绫	糸土八夂
纬	糸二㐄
纭	糸云
绩	糸丰貝
𬘬	糸青
绑	糸丰阝
纣	糸寸
绀	糸甘
缂	糸革
绁	糸世
缚	糸甫寸
𬘭	糸木木
缃	糸木目
绔	糸大一丂
叁	厶大三
缛	糸辰寸
缅	糸面
参	厶大彡
缄	糸戌口
绖	糸至
绕	糸堯
线	糸戔
妪	女匚乂
练	糸柬
绰	糸卜日十
娱	女吳
缉	糸口耳
𬘡	糸圍大
绳	糸黽
娲	女咼
织	糸口八
绢	糸口月
绯	糸非
缦	糸日四又
纱	糸少
绡	糸小月
缇	糸是
缧	糸田糸
绸	糸用口
䌹	糸冂口
絅	糸冂口
纲	糸冂乂
缨	糸貝貝女
纳	糸内
纴	糸壬
纤	糸千
缵	糸先先貝
妫	女爲
妈	女馬
绣	糸禾乃
缎	糸厂三殳
𬘓	糸巛
维	糸隹
绵	糸白巾
缴	糸白方攴
给	糸亼口
绘	糸會
绗	糸行
纵	糸从
纶	糸人匕
纷	糸分
缓	糸爪二丿又
绥	糸爪女
绷	糸朋
纨	糸丮
绦	糸夂木
纸	糸氏
绺	糸夂卜口
络	糸夂口
绚	糸勹日
约	糸勺
终	糸夂冫
绉	糸𠂊彐
绝	糸𠂊巴
纹	糸文
纺	糸方
娴	女門木
纩	糸广
缠	糸广里
绊	糸半
婵	女八甲一
缯	糸曾
缮	糸善
继	糸米乚
纻	糸宀一
综	糸宀示
绽	糸宀正
婶	女宀申
缩	糸宀人百
缝	糸辵夂丰
绾	糸宀㠯
妇	女彐
纽	糸丑
绿	糸彑
纾	糸予
纼	糸弓丨
绍	糸刀口
贯	貫
级	糸及
绋	糸弓八
纫	糸刀丶
纪	糸己
丝	糸糸
缘	糸彑豕
纠	糸丩
绐	糸厶口
缫	糸巛果
乡	阝
飨	阝食
芈	丨羊
鹝	鬲鳥
戬	晉戈
鹂	麗鳥
郦	麗阝
䴓	一巾鳥
殚	歹八甲一
䴕	歹刀鳥
鴷	歹刀鳥
殀	歹丿大
殇	歹𠂉昜
趸	一力足
劢	一力力
欤	牙一欠
𤭯	瓦白水
垭	土亞
叆	云爪冂𠂇又
福	示畐
神	示申
赉	來貝
鼋	一兀黽
祥	示羊
𫭼	土艸冂力
㙘	土西女
埯	土大申
坜	土厂力
𫭟	土匚乂
贡	工貝
觋	工从見
鹀	工从鳥
垆	土卜尸
韨	二㐄犬㇕
韧	二㐄刀丶
击	扌凵
埙	土口貝
埚	土咼
鼕	十豆十又夂冫
垱	土小彐
垲	土山己
都	者丶阝
赪	赤卜貝
𫭢	土人匕
坵	土丘
坞	土烏
垴	土囟
𡐓	土广尹⺍
𫮃	土八甲一
𪣻	土婁
壸	士冂亞
毂	士冂車殳
𡎚	土戶冊
悫	士冂几心
㙍	土叕
𪤗	土羽人彡
玙	王牙一
玨	王王
聩	耳中一貝
𤩽	王十冂半犬
𫞩	王艸一冂从
颞	耳又又頁
㻬	王雨一丂
麺	丰夂面
𪟝	丰貝力
赘	敖貝
鳌	敖魚
骜	敖馬
䴖	青鳥
麦	丰夂
麹	丰夂勹米
䂮	丰刀石
㛃	丰刀女
琐	王小貝
珰	王小彐
瓒	王先先貝
瑽	王行从止
玱	王倉
瑷	王爪冂𠂇又
琼	王京
𤧛	王帝
駻	馬日干
騠	馬是
騝	馬廴尹二
駎	馬由
騪	馬申又
駩	馬人王
騚	馬䒑月刀
𤫉	王言火火又
駶	馬尸㇕口
騃	馬厶矢
珲	王冂車
𬍤	王彐寸
玚	王昜
擣	扌士㇕工一口寸
撷	扌士口頁
撵	扌夫夫車
抟	扌專
搟	扌車干
挠	扌堯
掳	扌虎力
掴	扌圍玉
揽	扌監見
撄	扌貝貝女
揿	扌金欠
贽	扌丮貝
鸷	扌丮鳥
势	扌丮力
捣	扌鳥山
拦	扌䒑二
掸	扌八甲一
㧑	扌爲
擞	扌婁攴
择	扌又扌
挦	扌彐寸
掼	扌貫
觐	堇見
荆	艸一廾刀
鹊	廿日鳥
𬟁	艸鬲鳥
勚	世貝力
颟	艸一冂从頁
𬜯	艸一冂从
䢼	艸廾阝
觏	甘冄見
莱	艸來
韩	十日十二㐄
贲	屮貝
觌	十㇕冫大見
鸪	古鳥
鹕	古月鳥
赍	十从冂貝
𫠆	十又頁
鳷	十又鳥
𨙸	十又阝
鹁	十冂子鳥
鞒	革丿大八
鞑	革辵大
鞲	革甘冄
䓫	艸大丁口
苈	艸厂力
荛	艸堯
蒇	艸戊貝
𬞟	艸步頁
蒉	艸中一貝
鹳	艸口口隹鳥
鹋	艸田鳥
萝	艸四夕
蘖	艸㠯辛木
莶	艸亼⺍一
荟	艸會
苍	艸倉
莸	艸犬𠂇
蓟	艸魚刀
荜	艸畢
藓	艸魚羊
蓠	艸亠乂凵禸
荠	艸齊
𫇭	艸爲
蒌	艸婁
薮	艸婁攴
蕰	艸水日皿
䓨	艸冂缶
鹲	艸冃豕鳥
荦	艸冂牛
莺	艸冂鳥
茕	艸冂乙十
荨	艸彐寸
蓣	艸予頁
荩	艸尺冫
荬	艸㇕冫大
䓛	艸尸出
𦰡	艸冄阝
荭	艸糸工
荮	艸糸寸
莼	艸糸屯
芗	艸阝
桠	木亞
梾	木來
𬷕	甫鳥
𬂩	木大䒑
㭕	木去
梼	木丰寸
酝	酉云
醆	酉戔
酽	酉一业丿
酾	酉麗
𬪩	酉冂衤
酦	酉丿犬㇕
椟	木十㇕冫大
槚	木西貝
枥	木厂力
桡	木堯
桢	木卜貝
栌	木卜尸
𣗋	木尚儿
榅	木日皿
輮	車矛木
榄	木監見
槛	木監
軿	車并
樱	木貝貝女
椤	木四夕
桤	木山己
欅	木臼牙廾手
桦	木華
桧	木會
麨	來夂少
枞	木从
𬃊	木𠂆十貝
栎	木𠂆木
槠	木言者
檩	木亠回示
栏	木䒑二
棁	木公儿
霭	雨言日勹亡
鹴	雨木目鳥
榉	木⺍廾扌
雾	雨夂力
杩	木馬
橼	木糸彑豕
碛	石丰貝
鹩	一火日小鳥
鹌	大申鳥
𥕢	石一曲日
砺	石厂一力
黡	厂犬黑
厍	厂車
靥	厂犬面
䃎	石大多
厣	厂犬甲
魇	厂犬鬼
餍	厂犬食
励	厂一力力
硗	石堯
𥔲	石口口一丂
𥖨	石三口木
𬒗	石監見
鸸	而鳥
硙	石山己
聋	龍耳
龚	龍艸廾
硚	石丿大八
矾	石凡
豮	豕屮貝
砾	石𠂆木
尴	尢監
䃅	石八甲一
硁	石巠
砀	石昜
碜	石厶大彡
赜	臣丰貝
鸫	東鳥
辏	車廾天
轲	車丁口
轱	車古
轪	車大
𫐄	車兀
𫟦	車辵八豕
轭	車厂卩
轼	車弋工
辌	車京
辐	車畐
𨐈	車光
辒	車日皿
𫐓	車矛木
轶	車失
𫐐	車臼儿
轸	車人彡
斩	車斤
椠	車斤木
辀	車舟
𬨂	車氏
辂	車夂口
轹	車𠂆木
𬨎	車八酉
辍	車叕
匦	匚車九
𬌗	牙亼口
𬸘	匚日女鳥
戋	戔
刬	戔刀
欧	匚乂欠
鸥	匚乂鳥
瓯	匚乂瓦
鸢	弋鳥
虾	虫下
觇	卜口見
鹾	卜圍乂羊工
鸬	卜尸鳥
蟏	虫艸尹𣶒
蝾	虫艸冂木
䗖	虫帶
蛎	虫厂一力
戯	虎业戈
觑	虎业見
𬟽	虫東
颦	步頁卑
𫚖	止匕魚
蝈	虫圍玉
䗴	虫竹廴千土
䗛	虫人丨攴月
𬺈	齒大丁口
龋	齒禹
龊	齒足
龃	齒且
龁	齒乞
𫠜	齒臼儿
𬹼	齒介
龂	齒斤
龀	齒匕
龅	齒勹巳
𬺓	齒木木疋
龈	齒艮
龆	齒刀口
蛴	虫齊
蚁	虫丶乂
蝼	虫婁
呒	口無
𫫇	口亞心
鸮	口丂鳥
唝	口工貝
嗫	口耳又又
圞	圍䜌木
囌	口艸魚禾
唠	口艸冂力
呖	口厂力
哓	口堯
啭	口車專
踬	足𠂆十貝
跶	足辵大
鹭	足夂口鳥
蹧	足一曲日
跹	足辵千
跄	足倉
跸	足畢
跞	足𠂆木
𧿹	足母
嚣	四口頁
鼍	口口田一黽
鹗	口口一丂鳥
唢	口小貝
𫑡	黽阝
嘤	口貝貝女
呐	口内
呙	咼
剐	咼刀
哕	口山夕
勋	口貝力
哙	口會
㕮	口父
哔	口畢
呜	口烏
啴	口八甲一
咷	口兆
哝	口冂衤
咝	口糸
坚	二又土
𬱖	由頁
櫐	三田木
颙	禺頁
䣘	尚土阝
㬊	日爪二丿又
鹍	日比鳥
鹖	日勹亡鳥
颢	日京頁
㬚	日了月攴
㫰	日良
鳖	巾⺍攴魚
晖	日冂車
旸	日昜
㬎	日幺幺火
睐	目來
䎃	冄羽
䴗	目犬鳥
鶪	目犬鳥
眍	目匚乂
帏	巾二㐄
帼	巾圍玉
羁	四革馬
黪	黑厶大彡
罦	四爪子
鹮	四一口衤鳥
罗	四夕
逻	辵四夕
黩	黑十㇕冫大
罴	四去火
㠓	山艸冃豕
㟃	山司
崃	山來
崄	山亼⺍一
𪨶	山大車
𪩘	山十冂半犬
𫵷	山厂力
峣	山堯
㠇	山京𠂇
𪨰	山曲
岗	山冂乂
岘	山見
𨟠	目目隹阝
嵚	山金欠
刿	山夕刀
峥	山𠂊尹
嵝	山婁
𫶇	山帶
崂	山艸冂力
𫖮	山己頁
赒	貝用口
睑	目亼⺍一
罂	貝貝缶
赈	貝辰
赗	貝冃目
赑	三貝
贬	貝丿之
赊	貝人示
赡	貝𠂊厂八言
贻	貝厶口
赅	貝亥
鹦	貝貝女鳥
觃	見子
䁖	目婁
鹘	骨鳥
矫	矢丿大八
鳘	每攴魚
缾	缶并
牺	牛西
𬕂	竹工貝
酂	先先貝阝
颋	廴千土頁
箦	竹丰貝
稆	禾呂
秽	禾山夕
籁	竹束𠂊貝
鹙	禾火鳥
秾	禾冂衤
𥝱	禾予
岙	丿大山
氇	毛魚日
鸹	舌鳥
篑	竹中一貝
筼	竹口貝
筛	竹刀一巾
筜	竹小彐
箩	竹四夕
衅	血半
篯	竹金戔
筚	竹畢
筝	竹𠂊尹
箪	竹八甲一
簖	竹米乚斤
氩	气亞
氲	气日皿
俨	人一业丿
俪	人麗
俫	人來
俦	人丰寸
伛	人匚乂
雠	隹言隹
鹎	卑鳥
魉	鬼一冂从
囱	囪
偿	人小冂云
傥	人尚儿
侩	人會
伧	人倉
㑊	人亦
仪	人丶乂
𫢸	人八甲一
佥	亼⺍一
㙦	余斗土
颌	亼口頁
鸽	亼口鳥
觎	亼月刀見
鸰	令鳥
鸧	倉鳥
郐	會阝
徕	行來
惩	行正心
衚	行古月
鸻	行鳥
径	行巠
鹆	谷鳥
饸	食亼口
馔	食巳巳艸廾
𫗧	食束
馑	食堇
饘	食亠回日一
馇	食木日一
𫗴	食亠回日一
馃	食果
馉	食骨
馒	食日四又
饩	食气
餭	食白王
饺	食文八
饹	食夂口
饻	食衣
馌	食去皿
饳	食出
鹟	公羽鳥
铏	金一廾刀
钲	金正
钙	金一亡
镉	金鬲
𫓧	金夫
𬭳	金十豆口
铻	金五口
𬭬	金丰丰彐
锲	金丰刀大
颀	斤頁
䴘	𠂆虎鳥
慇	身殳心
𨱇	金求
鎝	金艸亼口
𨱏	金艸亼口
䦃	金艸者
镆	金艸日大
锚	金艸田
𨱑	金黃
锳	金艸冂大
铹	金艸冂力
镖	金西示
镈	金甫寸
镡	金西日十
𬸪	釆田鳥
锜	金大丁口
镢	金厂屰欠
钝	金屯
𬬻	金卜尸
锷	金口口一丂
铞	金口巾
锝	金日一寸
铀	金由
钾	金甲
𬬹	金申
镋	金尚儿
镘	金日四又
𬭯	金巾⺍攴
锟	金日比
锶	金田心
铿	金二又土
𬭶	金黑
镮	金四一口衤
铡	金貝刀
镚	金山朋
镯	金四勹虫
锣	金四夕
铠	金山己
铤	金廴千土
铥	金丿去
銩	金一去
锤	金垂
铢	金朱
釳	金乞
𬭤	金人龴矢
铧	金華
锼	金申又
铪	金亼口
镎	金亼口手
鏦	金行从止
鍮	金亼月刀
𬬭	金人匕
𬭩	金公羽
锊	金爪寸
锧	金𠂆十貝
𫔍	金釆田
䝙	豸匚乂
铄	金𠂆木
锪	金勿心
锴	金比白
镵	金象比象儿丶
铯	金𠂊巴
镏	金卯田
钨	金烏
镶	金衣口口甘
镐	金京口
锿	金衣口
𬭚	金京子
镱	金立日心
镞	金㫃矢
铰	金文八
钪	金亢
镝	金帝口
镦	金京子攴
锍	金了巛
铳	金了儿
铉	金亠幺
镳	金鹿火
镛	金广尹用
𨱔	金八酉寸
镒	金水皿
𬭸	金米舛
锩	金龹卩
镃	金䒑幺幺
觅	爪見
𬭛	金水皮
鹞	爪缶鳥
镓	金宀豕
𬭎	金宀𠂇厶
镕	金穴公
镲	金宀肉又示
铊	金它
𬭼	金辵八豕
铵	金宀女
铎	金又扌
钮	金丑
镫	金癶豆
𫔎	金矛内口
锓	金彐冂又
锔	金尸㇕口
锕	金阝丁口
钇	金乙
钯	金巴
镪	金弓口虫
钖	金昜
镠	金羽人彡
鸼	舟鳥
舣	舟丶乂
镴	金巛囟釆
䥽	金丿犬㇕
飐	風卜口
飔	風田心
凤	凡又
飗	風卯田
飏	風昜
腼	月面
颾	風又丶虫
䐃	月圍禾
狮	犬刀一巾
猪	犬者丶
猃	犬亼⺍一
狯	犬會
𫛭	犬王鳥
獱	犬宀一㐄貝
㺄	犬亼月刀
狝	犬尔
獭	犬束𠂊貝
臜	月先先貝
𬸚	犬言犬鳥
狲	犬子小
脍	月會
䏲	月八弓丨丿
𦝼	月婁
肠	月昜
鲾	魚畐
𬶮	魚十豆口
𩸽	魚艸化
鳠	魚艸隹又
𩺊	魚艸亡巛
鳔	魚西示
𬶟	魚束刀
𬶠	魚柬
𬱟	𠂊厂卩頁
鳡	魚戌口心
鹠	卯田鳥
鸱	氏丶鳥
鲀	魚屯
鳄	魚口口一丂
鳀	魚是
𫚕	魚刀一巾
鲿	魚小冂云
玺	尔玉
鲥	魚日寸
鲉	魚由
鳢	魚曲豆
鳁	魚日皿
鲗	魚貝刀
觞	角𠂉昜
鰤	魚㠯一巾
鲊	魚乍
鳈	魚白水
鹐	𠂊臼鳥
鲙	魚會
鲘	魚𠂆口
䲟	魚爪卩
𬶭	魚肉又示
𬶏	魚𠂊厂卩
𩾃	魚象儿
颍	匕水頁
毙	比歹匕
颎	匕火頁
鲸	魚京
鳣	魚亠回日一
惫	夂田心
鲛	魚文八
鳑	魚亠八冂方
鳉	魚爿夕寸
鱇	魚广尹⺍
𩾌	魚广尹⺍
鳙	魚广尹用
鳒	魚兼
𬶐	魚兆
𬶍	魚它
𩽾	魚宀女
鳚	魚尸示寸
鲬	魚甬
鲃	魚巴
鸲	勹口鳥
鲺	魚乙丿虫
鳛	魚羽白
邬	烏阝
鲹	魚厶大彡
鲻	魚巛田
𫚭	魚巛囟釆
袅	鳥衣
讦	言干
证	言正
谨	言堇
谟	言艸日大
𬤝	言專心
𫍯	言戌口
鹯	亠回日一鳥
谔	言口口一丂
鹫	京𠂇鳥
亸	京子八甲一
鹑	京子鳥
𬤊	言是
谠	言尚儿
峦	亦山
脔	亦肉
谒	言日勹亡
恋	亦心
𠅤	亠田心
孪	亦子
𫍽	言四一口衤
诈	言乍
诜	言先
讫	言乞
诿	言禾女
谢	言身寸
谀	言臼人
讹	言化
𫍲	言申又
赟	文戈止貝
𨭉	文戈止金
齑	齊韭
䴔	文八鳥
鵁	文八鳥
鳼	文鳥
谂	言今心
讻	言乂凵
兖	亠公儿
衮	衣公
讼	言公
谖	言爪二丿又
谵	言𠂊厂八言
诤	言𠂊尹
谆	言京子
谇	言卒
谪	言帝口
谰	言門柬
赣	立日十夂工貝
竞	立口儿
谱	言並日
戆	立日十夂工貝心
産	立厂生
彦	立厂彡
飒	立風
𦒍	立田土羽
谝	言戶冊
谧	言必皿
谞	言疋月
谲	言矛内口
㮾	良月木
𬸦	㫃矢鳥
谬	言羽人彡
诩	言羽
诎	言出
盗	冫欠皿
癫	疒真頁
廪	广亠回示
庙	广由
麽	麻丿厶
庂	广人
赓	广彐人貝
鹒	广彐人鳥
𫷷	广金欠
䗪	广廿火虫
鹧	广廿火鳥
疬	疒厂力
廱	广巛口巴隹
疟	疒爪
酱	爿夕酉
瘻	疒婁
阇	門者
闱	門二㐄
𬮱	門西土
阒	門目犬
闳	門𠂇厶
闾	門呂
阄	門龜
阗	門真
闿	門山己
瘿	疒貝貝女
𫔶	門自木
阏	門於
阁	門夂口
阍	門氏日
闵	門文
阆	門良
阘	門日羽
阖	門去皿
阙	門屰欠
疭	疒从
痪	疒𠂊冂大
瘅	疒八甲一
痉	疒巠
瘆	疒厶大彡
怃	心無
鹢	水皿鳥
鹣	兼鳥
鹚	䒑幺幺鳥
㥄	心土八夂
恸	心云力
盖	羊皿
羟	羊巠
冁	八甲一尸廿衤
郸	八甲一阝
䎖	曾羽
粝	米厂一力
粪	米艸廾
糁	米厶大彡
𥻗	米木日一
惬	心匚大䒑
愦	心中一貝
愠	心日皿
恻	心貝刀
炜	火二㐄
烩	火會
㸌	火雨隹
𬉼	火匚乂
炖	火屯
㸆	火牛口非
炽	火口八
煴	火日皿
㶲	火用
炝	火倉
烂	火䒑二
𬊤	火八甲一
炉	火戶
𬊈	火彐寸
怆	心倉
忷	心乂凵
恟	心勹乂凵
懔	心亠回示
怿	心又扌
𣲘	水無
涞	水來
沍	水互
喾	⺍冂牛口
𬒈	⺍冂石
鲎	⺍冂魚
𣸣	水屮貝
懑	水艸一冂从心
渎	水十㇕冫大
滢	水艸冂玉
溁	水艸冂木
涝	水艸冂力
潆	水艸冂糸
漤	水木木女
濑	水束𠂊貝
㵐	水厂屰欠
濒	水步頁
溃	水中一貝
𬇹	水圍玉
浉	水刀一巾
灏	水日京頁
滥	水監
鲨	水少魚
浍	水會
㽏	水亼口甘
溆	水余又
㳇	水父
鹡	⺍人月鳥
沧	水倉
𫖯	兆頁
泺	水𠂆木
㴔	水𠂊彐心
浏	水文刀
浒	水言午
济	水齊
湾	水亦弓
㳘	水了儿
瀁	水羊食
泻	水冂牙一
泾	水巠
滪	水予頁
渌	水彑
𬍡	水昜玉
塚	土冂豕
鸋	宀心皿丁鳥
𬸣	宀甘八鳥
寝	宀爿彐冂又
窜	穴中中
窝	穴咼
窎	穴鳥
窦	穴十㇕冫大
窭	穴婁
祎	示二㐄
祢	示尔
禄	示彑
袆	衤二㐄
𫌀	衤丰貝
衬	衤寸
襕	衤門柬
裢	衤辵車
裥	衤門日
褛	衤婁
裈	衤冂車
袯	衤丿犬㇕
皲	冂車皮
郓	冂車阝
鸩	冂儿鳥
𬩽	彐寸阝
彟	彐寸艸隹又
鹔	尹𣶒鳥
彞	彐米糸廾
鷴	門木鳥
閍	門方
骠	馬西示
骦	馬雨木目
𬳵	馬不一
𫘪	馬厂白小
骁	馬堯
𫘨	馬是
骋	馬由丂
驲	馬日
𫖳	尹口頁
屩	尸行丿大口冂口
屃	尸貝
鹛	眉鳥
𬳽	馬先
鸤	尸鳥
䴙	尸口辛鳥
鷿	尸口辛鳥
驸	馬人寸
𬳿	馬余
𬶨	艮旡魚
𫘬	馬爪幺大
𫘦	馬勹缶
驺	馬𠂊彐
刭	巠刀
颡	三又木頁
鹬	矛内口鳥
鹜	矛攴鳥
骛	矛攴馬
双	又又
𫠊	馬亠幺
𬴊	馬米舛
骙	馬癶天
𫘝	馬夬
𫘧	馬彑
骕	馬尹𣶒
骚	馬又丶虫
骎	馬彐冂又
书	㇕㇕丨丶
堕	阝𠂇月土
骘	阝步馬
𬯎	阝中一貝
陨	阝口貝
𬮿	阝山己
𨺙	阝臼儿
险	阝亼⺍一
𬯀	阝齊
鹨	羽人彡鳥
翚	羽冂車
陉	阝巠
𫸩	弓匚乂
缙	糸晉
绠	糸一日乂
缬	糸士口頁
缰	糸三田田
缜	糸真
缥	糸西示
縳	糸專
𦈡	糸雨而
绮	糸大丁口
缭	糸一火日小
绂	糸犬㇕
纮	糸𠂇厶
绒	糸戈𠂇
辔	車糸糸口
粜	出米
䢺	出阝
缲	糸三口木
缱	糸辵中一㠯
绅	糸申
绱	糸尚
缊	糸日皿
缆	糸監見
绲	糸日比
缌	糸田心
缳	糸四一口衤
缈	糸目少
𬙊	糸黑土
𫄸	糸千四土火
娇	女丿大八
嫒	女爪冂𠂇又
娆	女堯
𫄧	糸廴丿止
嫱	女土八回
媪	女日皿
㛹	女人一日乂
婳	女一田凵
姹	女宀丿七
嬷	女麻丿厶
㚷	女人小
嫔	女宀斤廾
嬝	女鳥衣
𫰛	女巠
㛚	女甬
驽	女又馬
纥	糸乞
缒	糸辵㠯
缑	糸人龴矢
𫄨	糸乂𠂇巾
绤	糸谷
绶	糸爪冂又
绹	糸勹缶
绛	糸夂㐄
纰	糸比
𬙋	糸衣口口甘
𨚕	厶廾阝
𫟅	糸京
缟	糸京口
𬘯	糸京子
缞	糸衣冄
𫄷	糸立日心
缡	糸亠乂凵禸
绞	糸文八
毵	厶大彡毛
缔	糸帝
繸	糸辵八豕
缢	糸水皿
缣	糸兼
绻	糸龹卩
绨	糸八弓丨丿
缕	糸婁
𬘫	糸宀一兀
𬙂	糸寅
缤	糸宀斤廾
𬘘	糸冂儿
绎	糸又扌
缀	糸叕
缗	糸民日
𬘩	糸廴千土
缪	糸羽人彡
鸶	糸糸鳥
缁	糸巛田
绌	糸出
𩹬	魚木古
𥈴	目虎爪
𣴛	水戈𠂇
𡄍	口竹馬
鉳	金北
𪷉	水糸田
𢠩	心麻
𢸛	扌言用口
𢃱	巾甘木
揇	扌十冂半
𪞺	出爪子乚
𩲵	鬼生
𦁹	糸亠人夕丶
𧓇	虫尸艸廾殳
𠴐	口心丑
𱽐	艸几二
㨳	扌宀大丁口
𥴢	竹禾隹
𠿁	口其欠
𡔔	土艸門柬
𦄇	糸水日土
𡐙	土行日一寸
𢲔	扌王刀王
𧚟	衤尸毛
𫕰	雨月廾扌
𢯡	扌了月
𪧸	土寸人士
𨆝	足會
䱛	魚戈口一
𬹓	黃亞心
𪆦	彡頁鳥
𧍴	虫柬
𪟀	刀方
𬦪	足刀口
𠍤	人艸十冂子
扙	扌一乂
𤅜	水西示風
𠞺	歹刀文口
㔧	虎田皿力
𪄨	口小月鳥
𥓵	石广氏丶
𤞨	犬甫
𪮫	扌廿日攴
𬩭	辵牛口羊工
𪥘	立丁口大
𤙭	牛甫
𬄦	木監見
𤊣	朱厂火
𢭲	扌貝
𪢡	牛口丿大口冂口
𫼔	手刀
𧑂	虫艮旡
𤞫	犬戈廾
𥛗	示爪臼
𠿂	口扌千臼
𤢾	犬亼口口从刀
𠺷	口示口儿
𥿗	糸口八
𬦼	者乚足
𡑓	土三木
𦀗	糸赤
𪦎	女文厂彡
䕼	艸堇隹
榪	木馬
𠁂	者丁
𡢻	女人丰貝
𰡚	犬斤欠
𤄱	水金真
嘫	口肉犬火
𨰺	金䜌攴
𥇺	目爿犬
𬟛	宀婁艸丨日
𥎁	矛木卜口
𨪞	金广甬
𢸟	扌人亼口口从
𢫚	扌工丂
𠞸	鳥刀
炥	火弓八
𬴕	京口山乙
𬍎	犬者曲辰
挰	扌口王
𢬥	扌水工
㨕	扌乃又皿
𠧌	升爾
𢲠	扌耳冂儿
𨗠	辵雨云
侼	人十冂子
𬅓	束三石
𬎽	用竹
𫾄	扌日一里
㳯	水辛
𢸚	扌艸辵夂丰
𦁺	糸門
㩧	扌日艸廾水
𢐎	弓兼
𡀪	刀口扌非
𢺺	十又分
𤈝	火艸乂
𢟕	心糸内
呠	口本
𫉅	艸女口心
䱸	魚申又
靀	雨艸冃豕
䋎	糸日一
鞸	革畢
𧁷	艸古广車
脺	月卒
櫊	木門夂口
𨧢	金另刀
𧄲	艸言艸日大
𧝨	衤言刀口
𫵀	小心出
𡫫	文口寅
卲	刀口卩
𠴏	口艸亡
𢭝	扌刀丶心
𤸒	疒禺
𪉽	鹵日四又
𥢃	禾宀㇕皿丁
𠼲	口土隹
𣊌	日土隹
𧅫	艸臼爻冂見
𬖗	米女又
憦	心火火冂力
𠰀	口丨弓
𡌣	土四七
𬜽	艸石廾
𥊛	目亡月王
𥘪	示午
𧽈	走己申丿
𣛣	木門一廾
𦣘	月一中冂口口甘衤
𦸰	艸立厂生
𧜖	衤真
𥷧	竹水羽隹
𡎝	土癶天
𢹈	扌竹立申
𪾤	目戊
𬂙	立申亡月王
𣷯	水辵斤
𫽯	虎文手
𣋁	日日耳又
𨒟	辵夂冫
㘖	口立厂彡頁
𡓞	土竹馬
𥯊	竹亠人夕丶
𬥯	分貝行从止
𣜵	木口丂虎
𫌒	衤糸了儿
𫡍	矢隹中中
𬁑	日犬者
𡁹	口言禾乃
𪹟	火巛貝
𨐮	辛艸亥
𦵠	艸人丿糸
𨁪	足酉
𣷲	水戶斤
𥌹	目金白巾
𡠣	女艮旡
𧹪	赤亼冊
㗢	口千田土力
𫱤	禾彐亡女
𡽾	山監
𦩰	舟千田土
𱐲	爪尹力
𤢥	犬萬
㳪	水不口
𫈘	艸人亡女
𬴫	長彡木木
挷	扌丰阝
𠊟	人黽
𫡸	二車巠
𬁜	日艸四冂夕
𤹙	疒示口儿
𫴸	小日
𤶑	疒圍大
𫖽	几二行皮
𦾠	艸日十人示
𬔗	下立
𤭷	瓦亼月刀
𬡰	衤日刀口火
𡗅	多辵米
䇄	立乞
𠊛	日一寸人
𢲧	扌艸亥
𥺑	米彐冂又
𬺚	立申青
𦫘	𠂊巴丿犬㇕
䇪	竹至
溋	水乃又皿
掆	扌网山
𣇠	日女十又
𢵰	扌糸亼口
𬏱	疒水殳
𬠶	虫它丰母
𤎒	火幸丮
𫼚	扌宀
𠸦	口手目
𱫻	火尸廿衤
𥆟	目公儿
𫗻	首广十日十月
𪂯	鳥女古
𪢰	圍口貝丮
蕽	艸曲辰
𡂓	口辵帝口
𢯙	扌矢口
𧋅	虫尺冫
𣇡	日己心
燰	火爪冂心夂
𪜕	者乚
𫼎	戶心午
𢋬	广木山隹
𧃽	艸广人隹心
𩇆	雨田亠回禾
𧱺	豕人大丁口
芌	艸一丂
𫬕	口木犬者
𣘂	土厶矢木
𡳰	尸婁古
𤇩	火必
𬋌	火羊豕
𡥌	子日
𩿠	鳥戉
䨙	雨水壬
𨄼	足禾多
𠸾	口月丿之
𧸝	士四貝半
𫵥	尸并刀口
𧶄	貝爪尹
㩔	扌尸艸廾殳
𥹙	米刀口
𬪽	千田土竹
𧈣	虫乃
𥸄	竹言旡旡日
𦢵	月广亠回禾
𣎢	月十日十月
𬮫	門一廾午
𠺩	口水了巛
𫺫	心䒑大阝
𡮔	羊大小
𡆂	口廾日虫虫
𨇒	足三石
𠠙	宀一火日小刀
𡗂	羊工多
𥳃	竹戶口攴
𬗱	糸田末
𬁫	尹二日且
𥱨	竹丰糸
𥳄	竹寅
𡝕	女巴三
𠝖	廿日刀
穉	禾尸水牛
𡳝	尸毛卒
𥺊	米牛口
𤎞	火巛内几扌
𣙭	木竹刀口
𪉴	鹵甘木
𨀍	足用
𢵨	幸卩又手
𬃻	果一口乂
𪯯	厂止余斗
𤜠	犬乃
𡘯	文口大
𡃼	口木隹火
稡	禾卒
𧝩	衤行盾
𧛉	衣木攴
𩷉	魚亦
𫧭	十日十三口木
蛒	虫夂口
𡅯	口禾爪工彐心
𣎦	月日甘衤
𥦝	穴木木
𥏿	矢門口
𣅙	日一丂
𫎤	分貝二又貝
𠻓	口冂隹
𡉿	土木
𪬽	𠂊彐心人立口
㧅	扌刀
𤠳	犬走己
𫘲	骨九日
𢣸	心言五口
𡳶	艸丨日尸婁
𢭹	扌文口
𤖹	爿立
𬘅	糸田羊大
𪫼	文寸心
絸	糸見
𨤰	尔王里
𦁅	糸衤刀
𩟼	食爪女羊食
𫎼	走己宀女
𩷆	魚會
𪇎	木木示鳥
𬔋	穴犬下
𪱆	日日甘衤
𨄺	足土隹
𤽶	白尸毛
𠲮	口巠
𩯁	長彡婁
𫙛	魚耒
𤇪	火人彡
𨖩	辵龹目
𩹮	魚甘木
汓	水子
𪟕	竹其刀
𡅉	口竹門日
𤈜	火至
𧸻	貝長彡丿犬㇕
𫯆	同⺍廾士尸
𨁫	足里
鱩	魚雨田
𫯏	大弓夕卜
𥠮	禾十冂半
𨅺	足敢
𠒥	光广木
𡃗	口木艸日大
𦃮	糸艸亥
𨫋	金工貝
𬺙	立申人氏丶
𣕘	木厶口木
𬧗	足糸爪女
𩬆	長彡一亡
𬌽	犬辰寸
𠹳	口舛木
𢬦	扌示乚
𤷰	疒廾扌
𥖺	石皮羊大
𫅜	令善
趶	足丁一
𠃯	禾乃乙
𤁔	水鬼斗
䱕	魚每
𣹕	水行尹二
𦙀	月反
𦟵	月艸爪子
𤄍	水酉卯田
𧹦	赤見
𫺦	分心甘
𪮚	网山刀手
𦷬	艸禾必
𧊊	虫用
𤠲	犬山豆
𥳐	竹門一廾
𬇚	水幺㇕
𦹯	古艸日十
𫆚	月由
𣃲	㫃几二
𧑁	虫三厶人彡
𥜡	示尔王里
𬎶	生彐火
鬦	鬥斗
𫊚	艸白⺍木束
𱏯	田夂口先
㤕	心出
𡁿	口艸勹屮勹屮
𧉻	虫半
𬗔	糸文寸
𬰠	末面
𠹖	口尸廿衤
啛	口一尹女
槏	木兼
𤵺	疒申丿
𥇼	目石廾
𬁮	曾丿大心
𤷶	疒表
𪦭	女古烏
𬧲	丁口車
𫎑	貝竹
𪝪	人叚竹
𪢷	土亡
𩞝	食囟又八夂
𥉪	目水每
𤏢	火阝八豕
𠑬	人食堯
𣰙	毛木木示
𣺻	水冂大皿
𠶝	口一中彐
𬙞	四去七
𩭵	長彡宀㠯
𬮶	門一廾乂𠂇巾
𦟎	羊工肉
𫁷	竹又又
𠹯	口阝比土
𪄅	乂木殳鳥
𤬸	瓦生
𬤻	豕乃
𫃹	糸辵兆
㖗	口山今
𫏚	足人立口
𬇧	水工中
𣔠	木艸斤
𩻛	魚旡旡日
𡊠	土甲
𪇋	鳥山鬼
𬆎	止戌㐄女又
喠	口千田土
𠲝	口文寸
𫦽	堇力生
𠱆	口乃子
抳	扌尸匕
搮	扌西木
𩯹	長彡三石
𬝉	艸叕
𡚡	艸魚禾大
𠽚	丁口千田土
𪇍	鳥辵咼
𧕭	虫艸監
𬉚	水尸匕日生
𠜬	人日一刀
𫸕	廴尹二羊工
𤕔	口丿七父
𢯞	扌戈止
𤒲	火广黑土
𱜝	巨心束𠂊貝
𪱊	日生人丁口
𪿒	石卜了
𫭅	圍扌厶
𠶅	口扌刀口
𧍇	虫人一口乂
𢵔	扌尸三子
𡮊	小去刀丶
𫨮	去舍
𫪿	口水人牛
𦖇	耳另刀
𤜯	犬及
𡮤	門才小
𢷱	扌广婁
𪰏	日丁口
𫱗	女亼口手
𫽝	扌二又皿
𫻋	心白一中彐
𤎔	火羊永
𪴁	木足兆
𣌵	曲及
𦄌	糸土八土丮
𧃌	艸足水日
𠺮	口日土寸
𦝹	月門乂木
𫁜	穴犬石𠂊𠂊
𣴜	水扌丿七
𨆣	足萬
𣨕	歹呂
𢴗	扌水火火
𥆀	目水工
𫭿	从土比
𬟻	虫宀
㵢	水雨田
儾	人一中冂口口甘衤
蹆	足辵艮
𧰗	豆宀心皿丁
𠝺	甘木刀
𤵪	疒刀口
𪡵	口水口月
𧹻	赤土者
𪵌	殳人多
㺞	犬臼牙廾
𩶟	魚丿之
𠺾	口王朱
𬟎	艸王廾昜
𫫗	口不見
𨷑	羊大門一廾
𦓜	耂而大
𩟵	食竹馬
㺝	犬監
䈧	竹爲
𩺡	魚王刀王
𦗞	耳宀大丁口
𥿥	糸人士
襊	衤日耳又
𥣑	禾艸千田土
𣱽	水乃
𧛈	衤亼冊
𠶐	口辵匕卩
媎	女者
𩟻	食日衣口口甘
𩑰	日一頁
𥊡	目車欠
𢝘	心臼工
纙	糸四糸隹
𦝄	月土八夂
鑧	金宀艸見丶
𡎭	土糸了儿
𫶸	巴人歹刀
𧊐	虫尹二
𩗂	風末
繓	糸日耳又
𦣰	十冂半臣卜
𫦢	石卒宀丰口刀
𩷈	魚少力
𤊦	火方攴
𪨛	尸并至
𥪝	立申中
𤀘	水艸風
𩃳	雨廾扌
𥯏	竹人艸廾
𨮇	金艸風
𣖧	木止匕木
𪬧	己心京
𩺤	魚西木
𪔠	王廾十豆十又
𢤛	心四厶月比
㷙	火䒑月刀
𢢬	心亼一乂凵禸
𨅿	足走戉
𪽳	疒西女
𧓯	虫人爲
𫄄	糸尸婁
𪩁	山阝且
𡻔	山水良
𡓃	土三石
𫗒	食宀女
𫛈	鳥子瓜
𬨻	辵束竹
𪲍	木䒑巾
𩠵	首宀甘八木
𪯞	方攴石卒
𧦕	言十几
𠽅	口廾臼
𬡣	衤立口
𪻉	犬文隹
𡃹	口口口甲一戈
𦟉	月疒甘
𢏢	曲弓
𪱯	亡月王立申
𩡜	香良月
𡚎	四十乚大丁口
𡮌	小行皮
𫹦	直行土寸
𢵺	扌水甘匚八
𢁸	巾方
𣌶	公曲
𡍢	土子瓜
𪳼	水者未
𪦜	女水者
𤹚	疒耳戈
𬗥	糸心日一
𫙂	長彡婁
𫷍	白巾尸匕
𦟷	月土立口
𠠍	禾丿刀人水刀
𨆠	足艸癶天
𬚶	肉主
𩸶	魚山石
𠌊	來巴
𫳵	宀牛人丁口
𢶼	扌山鬼
㽳	疒丁一
𫧜	匚三口土也
𥠬	禾廾天
𠰌	口末
𪅭	人丨攴月鳥
𡌿	土京
𣗪	木艸人木
𡮆	小門
𦷾	艸世冂巾
𬑚	直匚巾
𣴓	水人牛
𨀿	足二月
𩆾	雨虎隹一丂
𥍘	目食堯
𠽄	口扌冂八木
𦍉	四糸隹立丁口
𬈚	水青了
𪥤	上女
𠾓	口言刀口
𤄌	扌斤水戌火
𬜛	舟竹皮
𪥾	女石竹
𡇸	圍千北
𪩔	山八甲一戈
𧔛	虫癶豆阝
𠻥	口巛果
𡏣	土自犬
𬏨	疒口丿七
𩆠	雨艸四冂夕
𥰆	竹帝
𦡠	王廾⺍人月
𤍉	火山言
𥈹	目穴牙
𧔾	虫禾几頁
𠽎	口水厂土土
𡎢	从土夕卜
𡢽	女雨田
𤐓	火水爪幺大
𪭩	手人弋
𢸠	扌言果
𧛷	衤十戈口
𤶾	疒文口
噡	口𠂊厂八言
𢏑	弓半
𬋨	爪尹丁
𥚆	示刀丶心
𢢄	心山禺
𧹫	木木赤
𠁺	中中辵土羊
𫣝	亼冊人王
𬆆	不正卯
𣖞	木亦口
𬈺	水非心
𫸶	弓冄阝
𨆹	足辛束
𥼖	米每攴
𦤱	自犬臣又糸
𫎄	豆宀㇕皿丨
𫵢	曲尸出
𪭽	扌广土丶
𨠲	酉人壬
𢱜	扌行土寸
𢵵	扌艸果
𬎭	瓦牛巾刀
鮻	魚厶八夂
灲	火刀
𧆄	束艸白幺幺木
𨼚	阝非心
𤋿	火艸出
𪃱	厂日子鳥
𡁜	口示咼
𢝚	心水先
𨍄	車目廾
𱜞	巴土八夂
𡑗	土人冂隹
槒	木亠幺田
坧	土石
𣅅	日乃
𪵟	毛眉
𤻪	疒雨而
𪭣	扌㇕㇕丨丶
𥊝	目幸丮
𣎀	月广卜口
𨲅	長刀丶心
撍	扌旡旡日
𬚂	羊丑貝戔
𥵾	竹禾千田土
𢗷	心水
𤞪	犬呂
𫰅	艸魚禾大
𱢽	宀立申亡月王
𡀥	口艸白巴
𫆲	月艸十冂子
𪤄	土四去
𡅎	口竹旡旡日
𬟖	一火日小艸厶口
𥅦	目耒
𪸘	火去
𡌀	土另刀
𢆭	巛囟釆𠂉㐄
𥢬	禾爲
𦟟	月麻
𢚲	心己攴
𠲞	口扌工
㺯	王大
𤹼	疒虎彡
𥖸	木鬼石
𪩪	巨亼口口从欠
𡒬	土竹其
𤳽	田龍
𬑰	矢半
𡀳	口尹口羊
𡕵	頁夂八丂
𪝄	人一火丂一
𪺹	犬女又
袊	衤令
𫠰	下我
𥈭	目口口一丂
𫔳	門文扌
𣼼	水阝東
𤀛	水尸匕來
𪇨	鳥艸水甫
𠿚	口艸世木
𪝜	人㠯一巾
𪪈	非心𠂉㐄
𦝂	月白勺
𢺜	扌竹羽隹
𬳜	香歹
𦄹	糸扌卜日十
𥹸	米十冂子
𨆒	足水隹十
𩂕	雨弓八
𪴻	不正刀口
𪱬	月水爪壬
𬞠	艸人木艸勺
𥔦	石不皿
𬁶	五月
𥖒	石心勹日子
𡺐	山者
𦭧	艸匚巾
苚	艸用
𩚔	食女
炲	火厶口
𫆴	宀必山月
𦽰	艸矛𠂊尹
𫈅	艸谷
𠽓	口衣公
𤉒	火豸
𢹿	扌示曲豆
𤠱	犬土厶矢
㩹	扌三田冂且
𧿺	足出
𪹘	火行余
㵒	水弓八貝
𤠆	犬衣口
𩨼	骨丘
𥌬	目广里八土
𣻁	水金十
𨄹	足辵牛口
𦞹	月辰寸
𣌒	日勿业土寸
𡭜	門小
䳂	刀口鳥
𫰣	女示乚
𬔦	立水扌丮
𨨨	金行正
𨉞	身土八夂
𥈿	目工貝
𨢼	酉囟八夂
𬦳	足豸
𠿃	口女甘木
𫨎	厂人我
𪅥	隹夂鳥
𬕨	竹良月
捹	扌奔
𥗩	石車凵殳手
𫼢	扌厂止
𥱲	竹虎文
𩜪	食大示
𪷰	水立日刀口
𤵶	疒卜弓
𫦨	米力
𩨜	骨巴
𤑸	火臣𠂉丶見
𬏽	疒四貝
𢵶	扌金屯
𧼍	走彐火
𫗹	首木宀丮
𡋀	土示乚
𪖠	鼻刀口
雴	雨立
𬈼	水人冂隹
泍	水本
嚋	口士㇕工一口寸
𬧕	足角刀牛
𫤁	人尚直
𠶓	口表
𡑰	土圍土口衤
𤂩	水先者
𩸷	魚石廾
𫡲	五下
𣔦	木厂土土
𩄳	雨立立
𪩵	行市
𤉖	火車
𧛆	衤水日
𥈲	目𠂊彐心
𥻼	米烏
𧃵	艸古癶豆
𨃓	足艸人木
𦟐	月馬
𫡦	人彡九
𠺥	刀口爪冂又
𢬢	扌口巾
㨲	扌艸宀木
𥶃	竹艸四冂夕
𤽀	白了
𠴼	口至刀
𬴟	京口竹尹二
𨩖	金艸令
𬩌	辵光圍巾
炶	火卜口
𦞣	月又丶虫
𨭍	金非心
𦼔	艸一火日小
笀	竹亡
𠸫	口廾天
𢅧	巾糸白巾
𤘓	牙宀心皿丁
咹	口宀女
𥓴	石方攴
𫖦	巛頁尚
𱔂	口亠人歹刀
𤺵	疒口立日
𥶰	竹尸曾
𡄀	呂艸四十乚
𦟾	月匚三口
𠁵	中二扌廾
𬏊	田良
𥪞	立申内
𦝌	月水去
𬹰	鼻立口
𫏻	婁車
𠵩	口果
𥒃	石士也
揌	扌田心
𫧧	辵車升
𫋟	虫臣又皿
𥺒	米由丂
𡀢	口山京口
𠶠	口水厶口
𢰺	扌𠂊且八
𣙸	朱艸出
𠻽	口木每
𫇍	自犬宀釆田
𣠖	未言者
𠿰	口食𠂉力
𦜞	月乂艸廾
𪸝	火另
𣈔	日广卜口
𦟊	月酉己
𣾻	水口者
𢶺	扌穴𠂊臼
𤳇	來田力
𥪅	立口欠
𪽮	疒卜尸
𧶯	𠂊貝艸廾
𱤪	木丿四人衣
𦀽	糸牛口
𢬭	扌文寸
𫧟	半巳
𠝗	刀心日一
𪣽	又土十冂子
𢆘	𠂉㐄欠
𨅇	口卒足
𪵸	水土也
𣛯	木水欠皿
𢜞	心來
䣷	酉朱
𬄱	木艸二又皿
𫠺	上艮心
𪭚	戶二扌廾扌
眜	目末
𦲿	艸四十乚
𬹯	鼻艸乂
𢇱	广八丂
𡊳	土生
𱏃	人良月
𣷭	水行皮
𪧱	宀甘八冫士口
𥺔	口欠米
𬩉	辵束弓八
𤙮	牛赤
𫆝	月門才
𫾐	扌厂木木止
𫏍	足己攴
𪇏	三田田鳥
𤞐	犬才子
𫯝	上天
𨱾	長大弓
𤄭	水是頁
𤃤	水辵堯
𪜒	乙士口
𫑆	辵十又亦又
𠀖	廿丶
𨦭	金宀牛
𣘃	木艸亥
𨮉	金尹口羊
𫷇	宀口市
𥬨	竹丘
𢈖	广再
𤋷	火廾天
𬎷	四十乚生
釯	金亡
𪣮	土水尸匕
磮	石山亼冊
𦰦	艸己攴
𥊥	目阝𠂊臼
𪩱	巴門柬
㖡	口亠人夕丶
𬗵	糸幸丮
𠺨	口耳心
𧹼	赤者阝
鮋	魚由
𪽯	疒丨弓刀
𫢖	人乃竹
𥆁	目歹刀
樳	木彐工口寸
鴼	鳥夂口
𥽍	米木木示
汿	水予
𦎍	羊言
𫲴	子艸門柬
𬅧	冫欠目
𤷖	疒土八夂
𤌀	火𠂊彐心
𠻋	口𤰇
𪮻	扌車斤日
𦄆	糸土里
𡭧	出小
𦲼	艸女石
𨥿	金工丂
𣼍	水山亼冊
𬨳	辵术幺㇕
𨄸	足日扌斤
𫪄	口二又土
繮	糸三田田
𠺿	口厂白小
𬧜	足弋心馬
𤹒	广衤去
𣗾	亼冊朱
𪿣	石冄阝
𬏝	疒卜了
𩹫	魚口耳
𣡹	木广耳王十四一心
𤁓	水王爪缶
𢭱	扌人日一
𬲇	亼月刀心几二
艔	舟广廿又
𩄎	雨眉
𫲼	宀及
𥄯	目今
𥍎	目禺頁
𫽶	扌巴光
𤍆	火車兀
𬥪	十豆皮貝
𠑢	人艸土八土丮云
𤊬	火非
𡮳	四貝少
𤢈	犬癶豆
𩂏	雨十又
𫮲	土艸日大土
𣭯	毛大弓
𣵶	水口欠
𣼭	水土隹
𨨷	金穴犬
𥳉	竹者阝
厛	厂口斤
𧒋	虫監見
𤿭	皮甫
𬇒	气厂白小
𤇨	火不一
𦡥	月水弓冫弓冫
𬌔	爿心
𫅩	羽一日乂
吿	牛口
𫘿	長彡尹口
𪞍	兼亼口
𪟶	半尚
𬔕	穴牙糸了儿
𡮾	辵堯小
䊼	糸止
𨅹	足十日十月
𤑫	火艸辵夂丰
𦰤	艸宀牛
𩫛	京口卒
𫥖	冫令夕卜
𫈺	艸木亥
𢈱	广禾刀
𥏋	先矢
𪨃	小扌卒
𧟀	衤口口甲一戈
䋦	糸每
劸	土土力
𢹉	扌禾乃頁
𦼜	艸走尔
𱕔	口匚艸𠂇口心
𡏤	土辵屰
𱻥	戶羽厂屰欠
𪸄	水監竹
𫡠	𠂊丶四貝
𩷹	魚卜日十
𠴖	口人立
𢴏	扌水爪壬
𬩀	辵不呂
𫪎	口心夬
𢶟	手山鬼
𣗌	木辵米
𡭉	半身寸
𪣰	土四十乚
𢢋	心山立厂彡
埩	土𠂊尹
祱	示公儿
𬕓	竹丿大少
𫸋	广黃人乍
曥	日虎田皿
恜	心弋工
𢬤	扌匚王
㤡	心歹刀
𡥴	子白工
𫒨	金土申
𰴂	衤厶大彡
𥵛	竹曲辰
𧯶	山豆丁口
𫷓	尚巾亼冊
𠲤	口水女
𠹼	口宀辛
𫅠	羊大艸世木
鎇	金眉
𧍎	虫氏日
𦹰	艸囟又八夂
𠍭	人立口及
𨤻	爾王里
𬙚	四世
𫵈	門心小
𪪆	干八今心
𠬖	去衤甫
𧎷	虫勹屮勹屮
𬞨	艸火爪丨日
𠷤	口月勹巳
蓃	艸申又
𠺻	口糸及
𣖛	卒末
𠜯	牛口刀
𩬪	長彡丿之
𤇤	火工丂
𧚢	衤亠口儿
𬥓	貝半
𬎵	生門才
𦡟	北月土八夂
𪟆	了月刀
𩺪	魚舟殳
𪟙	艮力
𬏑	田立申
𪮒	手手目
㳥	水王廾
𬕩	竹扌卜日十
𡒪	从土水皿
𠇕	人巴
𪪄	干八刀丶心
𤊢	火日一寸
𪱁	日勿里
𢀱	巨魚禾
𫫥	口水宀示
𫮦	土非心
𡼹	山木土八夂
𣏒	木丮
𤠃	犬巠力
𠜮	每刀
𤻳	疒三石
𩺦	魚辰口
𤏬	火倉刀
𫱅	女干亼口
𬜑	舟力
𬟗	艸丨日宀婁
𡬼	网山刀寸
𨬋	金冃象儿
𢗽	心比
𬴝	京口堯
𫄉	糸足夂口
𪂠	果鳥
𪶛	木目水
𫏈	足光
𬡬	衤千田土力
唹	口於
𥾋	糸乃
𨎞	車敖
捛	扌呂
𢝛	心丰刀大
𣋜	日木木示
𫮡	土水火火
𢺝	扌艸糸圍人皿
𣠶	朱者見
𧌎	虫冊廾
𬃤	木申丂
𨂗	足子瓜
𫭐	回呂
𫘖	糸氏馬
椊	木卒
𬞮	艸辵車竹
𣕬	木丰母
𬚊	耂了
𧍐	虫亠歹刀
𡮇	卒小
𣥱	止一口乂
𪝬	人石卒
𠶡	口石廾
𠇼	人爪丁
𡀲	口言亥
𠱜	口才子
𥭏	竹厶牛
暏	日者
𬈈	水井正
𡓠	土金廿日
𨁦	足王廾
㷝	火穴犬
𨯸	金禾几頁
㳶	水爪子乚
𬗀	米丁卜口頁
𦄣	糸衣公
𦮴	艸𠂉㐄
𧄈	艸厶口一火日小
𢯦	扌來
𨨠	金勹米
𠟲	宀釆一丂刀
𫤾	冫乙
𢠿	心爲
𨤧	里尔
𲄱	身臣𠂉三口
㓟	皮刀
𢶂	扌辵冂車
𥖖	石皮扌巴
𪞼	囟羊冫欠
𩩿	骨立日
𤲂	田介下
𥍖	目監見
𢫄	扌木乚
𪇫	鳥鬼斗
𪲂	木乙日
𫯗	多水口月
𨸈	門羊大
𧞊	衤角刀牛
𩓛	尸㇕口頁
𠶦	口广由
𡂮	口耒禺
𢴿	扌十日十月
𬖾	米皮頁
𬈿	水宀㇕皿丁
𤼕	疒耳立日戈
𢀨	巨良阝
𬡢	衤宀人大
𠶢	口水由
𫴮	日一寸人二
𠑋	傘王廾
𪬤	自心必
𪿐	矢車亼月刀
𣠳	矛木𠂊厂八言
𡂂	口言五口
莯	艸水木
檊	木十日十人干
𥡗	禾馬
𪫦	心𠂇工
𫶺	屮一兀𠂊厂卩
𦷮	艸心五口
𡓁	土四厶月比
𬛑	月白匕旡
銙	金大一丂
𨅄	足車欠
𩆴	雨虎田皿
𬈎	水禾斗
𭉆	口心艮
𠶋	口艸介
𫃒	米艸甘匚八
𨆿	足門夂口
𫯙	多立厂兼
𣵴	水口今
𪭀	辛刀辛心
𨡼	酉二又皿
𩻺	魚非心
𠽋	口匚艸𠂇口
𫤋	言五口人匕卩
𢂎	巾由
𫜍	鹿夂口
𠱍	口犬卩
𤒘	火竹馬
𫗀	几二水每
𬌖	艸白幺幺木爿
𥘂	石䜌攴
洃	水𠂇火
伩	人文
𥬊	竹斤
𪺃	火勹巳尚土
𬕫	竹由血
𫿐	己攴戶斤
𤂭	水酉卒
𬋗	火勹巳广廿巾
𣳔	水用
𢪭	扌壬
𨦽	金文口
𡅒	口扌頁心夂
𡓂	土癶豆阝
𢩽	扌巳
𢢁	心尸三子
𫃼	糸米斗
㨔	扌戌口
𤉗	火耂子
𤶽	疒十冂子
厙	厂車
𡄭	口行从止耳
𬛗	月門心
𫕡	雨北
𫨅	厂百
𪤷	夕巾
𤹽	疒言内
𢬐	扌九日
𠥤	匚艸𠂇口酉
𬪁	卯冫口巴
㲸	水乙
𡅋	口木監
𠳚	口己攴
𦟜	月丰貝
𫌕	衤厂木木止
𡙧	大弓艸亡
𨄻	足寅
𫎚	四貝竹
𣄬	亠八冂方厂禾禾止
𡀬	口石卒
𢠥	心十日十乞
𢥈	心虎田皿
𫽠	扌爪田
𦵜	艸水西
𠠉	皮頁刀
𬚱	肉毛
𧔜	虫車斤日
𠓐	光火火冂木
𩘣	風丰糸
𥑠	石甘
𪱜	厶口月
𦃯	糸田皮
菻	艸木木
𦁻	糸白工
𠄩	厶口二
伮	人女又
𫽟	扌殳刀口
𡦮	子艸癶豆
𦅮	糸傘
𨈒	身卜
𡶁	山屯
𠫆	厂日子艸厶口
𪳨	冂八干果
𬨱	辵阝且
𲉯	文隹十冂半
㯝	木足夂口
𪇪	扌帝口鳥
𪫆	水彐
𪜛	爪子乚布
㗕	口甘冄
𪶟	水殳失
𫶮	工艸云
𣔝	木辵屯
𨆂	足天韭
𠰃	口壬
𠗤	冫行主
𠙅	几立
𧌂	虫步
𠁄	亼冊下
𡑳	土尹口羊
𦜘	月爪子乚
𠸣	口糸工
𢭿	扌水巿
𡼇	山囟八夂
𫫫	口頁夂
𢙩	心耒
𪯫	斗丘
𦙣	月木
𪡯	口貝門
䚂	赤見
葻	艸風
𤴵	疒弋
𥵕	竹日刀口火
𬕰	竹先夕口
𪪻	弓丙
𤎶	火爲
𨗛	辵十日十月
𪒳	黑水厂白小
𣛧	木三木
啩	口土土卜
哬	口人丁口
𩖫	風方
𡥙	子刀口
𠼖	口木木女
𤠂	犬艸厶口
𨇛	足者見
𩝇	食甘木
䁠	目兼
𪦍	亡女光
𦝋	月門
𥱯	竹日土寸
𬗢	糸四十乚
𢺎	扌月巛囟釆
𥈺	目爪丨日
𡳥	尸石卒
𠶌	口辵斤
㮧	木烏
𬖉	竹立申亡月王
𧋍	虫扌斤
𥽵	米糸堯
䐠	月艸亡巛
𠁹	中臼牙廾
𣫷	每半
𥉮	目屰月
𫹰	心門
𠅜	亠人歹刀
𥞵	禾大从
𤮄	瓦鬲
𨄽	足阝𠂊臼
𥭵	竹冄阝
𪢃	口囟八夂
𪵧	气敖
𧒇	虫犬者
𫗄	几二亼月刀心
𠯾	口人九
𪠭	反阝且
𫥿	文八刀
𠲣	口血
𢤠	心夫夫車
𢣇	心立日欠
𬇓	气辵土羊
𣎖	月幸丮
𫅮	羽立申
𦒵	耂口
𡖡	卜口多
𢱨	扌文糸
𣖜	木田月
㮔	木千田土
𣉳	日四去
𢹦	扌亼口口从欠
𫏪	身虫
𡚄	大卜日十戈
𫵨	尸并牛巾刀
㴥	水山小月
𥆺	目酉
𪪏	广卜尸
𥯇	竹爪子乚
𧳇	豸亼口
𦢢	人人人月尸至
𢫅	扌丿七七
𤾷	白扌业大
𤭶	勹乂凵月瓦
𬍆	犬者文
𥉭	目扌斤口
𡦅	子勹屮勹屮
𫲃	女亠回示
𣄥	亠八冂方隹又
𣔤	木人一口乂
𠖤	冃兀非心
𥢅	禾厶卜貝
𤀞	水艸者
𡏧	土人立口
耚	耒皮
㝵	日一寸
𩦓	馬門一廾
𡨌	宀寸中
𨃶	足木夂口
𥓅	石呂
𢸡	扌齒
𫐴	辵豕八
𠼿	口文口心
拁	扌力口
䱚	魚彑
籚	竹虎田皿
鮽	魚余
𠁟	並兼
𧀞	艸果一口乂
𪅴	亞心鳥
㦡	心白幺幺木
𥹯	米耒
𧫼	言麻
𡌡	土八弓丨丿
𬒊	石會
𪯾	方口貝
𠞟	京口刀
𠆳	人上
𠻇	口木申丿
𧤂	土八夂角
𧜙	衤工貝
𦤠	自犬𠂇火
𠯦	口七刀
𬫀	里予土土
𣿌	水辵日勹亡
𫺱	自心卜了
𠟹	刀予頁
𠖈	冃兀下
𧑅	虫走戉
𫧂	牛口勺
䀨	目舌
𤴥	疒乙
𣐄	木中
𢟹	心辰寸
𧰦	乙豕
𫑑	辵咼𠂉㐄
㨴	扌十日十乞
𢢊	心阝八豕
𢷃	扌門市
𥱴	竹扌甫
𥸍	竹門口口甲一
𡙵	大目艮
𥺐	米口斤
𬑉	末目
𤢇	犬竹尹二
𫔹	門市日皿
𢭗	扌良
𤴬	疒刀
𨦦	金宀丁一
𫇊	自宀子
𨁲	足口巴
浽	水爪女
噽	十豆口不一
𢘾	心女口
𱿈	尸婁艸丨日
𢷴	扌匚中一貝
𩆍	雨水爪缶
𤯩	王廾生
𤞽	犬艸亡
㨘	扌少目
𣔧	木女石
𬕷	竹亼月刀心
𡂹	口宀釆田
𣋻	日艸四戈人
𦞎	月立厂彡
𥶁	竹辛束
磢	石大四乂
𤔾	艸冃豕爪
𫘑	馬羊大
𨃽	足辰寸
𥼲	米敢
𠵚	口山厂干
𢅆	巾艸日月
𥗜	石口口甲一戈
𡞗	女廾扌
𪡽	口二扌廾扌
𣉕	日三又木
𨄾	足宀大丁口
𢷰	扌車巠
𢲢	扌阝余
𡄮	口金柬
㖣	口立口
𤮑	瓦非心
懓	心爪冂心夂
𤇌	火古
𡈩	圍立田土
𠠭	衤刀人旡旡日
𪩜	山爻鬼
㦉	心士冂豆
𬏩	疒少力
𣞪	木黑土
𪥀	广亠回禾多
𣻀	水糸内
𤹓	疒尹口阝
𩢦	馬夂冫
𧊉	虫丿之
𡃌	口厂人鳥
𠊜	人女石
𪝅	人木攴
𢵹	扌疒每
𪮞	扌禾失
𤺳	疒尸水牛
𬙽	善令
𫑱	良阝十日十月
𬧘	足火火冂木
𨪀	金甘木
𫇡	舟艸門柬
𱑮	衤甫去
㖸	口虎爪
𨒺	辵光
𣟩	木禾几頁
𫳹	宀必山兀
𡝔	去力女
𬃪	木立丁口
𢋠	帝广氏丶
𥄭	目午
𡎛	土分皿
𡳪	尸毛土隹
𪓇	黑真頁
𩇍	雨馬田糸
𫬪	文口米舛
䗲	虫米舛
𡓔	土广亠回禾
𫃵	糸婁
𫢠	人艸尸
𢳁	广非手
𥷺	竹言艸日大
𨉑	身口王
𪳋	木丂今心
𬜕	舟公丿几
沲	水𠂉也
䕯	艸西示瓜
𦄈	糸金刀
𠲜	口爪尹
𣙧	木目艮
𪽠	白⺍儿由
𢴎	扌月公儿
𪭘	戶巨
𪀅	瓜鳥
𣦮	卒止戌㐄
𥗐	石三石
𬗲	糸人丨夂彡
𢚼	心山及
𤢽	犬斤斤貝
𪶎	水扌刀口
𡳺	尸毛白鬼
𢤫	心臼牙廾扌
𥿺	糸亡女
𬊐	卜尸𠂇火
呌	口斗
𪅦	鳥圍戈口一
䈒	竹十冂半
𪲇	木曲
𤻽	疒齒
𬊬	火卜口火
𥟼	禾艸不
姂	女丿之
抷	扌不一
𨀎	足立
𢺍	扌艸巛囟釆
𪵰	水弓丨
𡃔	口扌一火日小
𪆥	鳥穴牛口
𬦋	走水丶
𬲂	几二亼月刀
𤬀	瓜余
𡃒	口扌业大
𫀵	禾宀一亡
𢲱	手甘冄
挕	扌耳
𫔬	一力門
𣅗	日己
𣻂	水扌斤口
𥋽	目四卜日十
𢲩	扌糸及
𧒊	虫矢口日
𨐷	辛言乍
𣻕	水麻
𧘇	衤
𫭻	土己心
𢹌	扌辵尸水牛
𠼽	口爪見
𬑫	目末弓八甲一
𫹄	皮彐
𬩛	文寸辵豕
𩷳	魚尸毛
𤃡	水匕禾頁
𫕲	雨辵亼月刀
𤷵	疒土皮
𦞢	月圍豕
𠸢	口畐
𧸰	貝車巠
𡮲	小言土寸
𡳀	尸毛𠂊厂卩
𨄊	足肉又示
𪿽	石朱亼冊
𢰳	扌西女
𱚹	尺且
𫕨	雨厶大彡
𤷍	疒其
𡂯	文口良月
𪬼	分心二又貝
𢂌	巾人弋
𨘱	辵束𠂊尹
尙	尚
𢺀	扌言艸日大
䘹	衤卒
𤠚	犬丰糸
𦄶	糸口艸介
𠻵	口艸犬廾
𠹗	口扌斤口
嘑	口虎爪丁
𬔒	穴水冂八木
𥓶	石夂田
𣼬	水日扌斤
疿	疒弓八
𥔧	石千田土
𬫤	金四十乚
𫻅	心白山及
𤶎	疒朱
𤉔	火人乍
𬍏	亠幺⺍十下
𡂡	口婁攴
胒	月尸匕
𫼻	扌人白
𢫆	扌本
㙮	土竹亼口
𨥧	金丿之
𣇫	日果
堛	土畐
𫘴	骨尸至
𩠱	首辵㠯
𧀜	艸火爪臼
𥢂	禾麻
𢳞	扌耳冄
𬓓	示乚木艮
𠀴	出下
𬠄	虫圍巾
𣦍	宀且正
𩐛	立日瓦
𠲦	口戈𠂇
𥽩	米辵尸水牛
𡋃	土耒
𣞄	末會
𠧍	雨而升
𫇂	尸至月巛囟
㹠	犬屯
𫂮	竹其言己
𣵰	水文口
𪤾	夕十日十月
𩄐	雨阝夂㐄
𫵃	小彐皮
𤍶	火田糸
𦵚	艸女又心
𧍉	虫广氏丶
𠋥	人眉
𠶄	口子丁口
䅘	禾來
𬎳	生木
𥐐	矢豆衣公
𨁰	足口欠
𠾼	口糸𠂊巴
𤑯	火亼口口从刀
𠿒	口日勹亡欠
𠦿	禾尔升
𨗵	辵气土羊
䃣	石爲
㤝	心了儿
粡	米同
𬢞	言竹
𫵛	尺冫寸
𡓎	土行㐄口㐄
𦧷	舌广兼
𩙳	令乙冫非
𦬑	艸女
𨁨	足犬王
𡛔	女一亡
𠄦	二及
𨇷	足禾女鬼
𥫟	竹己
䘆	虫宀丰四心
𬹷	齒宀丁一
𡁼	口水西示
𨁯	足赤
𣌝	日日衣口口甘
㦆	心虎爪丁
𠐞	人三石
忇	心力
𪷞	水艸二又皿
䤵	金非
𣡙	果束𠂊貝
𨙖	辵甬亠幺⺍十
𡫡	宀牛門口
𪡗	口斤欠
𠝫	羊大刀
衴	衤冂儿
𢆕	干八反
𠀫	其丿
𠝔	女厶口刀
𠶈	口衤土
䕱	艸豆頁
𠹾	爪冂又刀口
𤉛	火从土
𪄌	工貝鳥
𩼁	魚者阝
搩	扌舛木
𫺒	心門日
𪩥	巨文口
𢮑	扌彑
𤆷	火化
𧺕	走勺
𨀈	足北
𱓕	口女又弓
湈	水甘木
喡	口㐄口㐄
𥊦	目矛夂力
槯	木山隹
𣙺	木囟八夂
𭋙	口示彑
𣾃	水戌口兀
𠛤	卜口刀
𨇶	足穴白方攴
𨆞	足曲辰
𠁪	壬中
𤹔	疒亠八冂方
𠗸	冫工貝
𤓆	火艸監
𫌗	衤言身寸
𪩮	巴土八夂
𦏒	羊大艸田
𠸗	衤刀古
𠺶	口糸内
𪧡	直宀寸
𠫏	厂禾禾止卒
𥓹	石廾失
𥊙	目囟八夂
𡑩	土鳥衣
苝	艸北
𡳹	尸毛四厶月比
𠲔	口亦
𧶫	貝表
𦽔	艸木木示
𬬐	金千田土方
昛	日巨
橊	木一卯田
𤷭	疒白勺
喎	口咼
𣑷	木小大
𤀙	水口烏
𫖼	几二末
𤾯	白水廿内内
𫽘	扌束力
𠚢	四糸隹出
𨉓	身亼内
𣒲	木宀牛
𫆢	土八夂月
𪛇	龜圍口十回
𬁖	日生宀牛
槈	木辰寸
𦀌	糸女口
𤽵	白扌九力
𦆚	糸鳥衣
𪳌	木土且力
𥆡	目今口
𡎞	土卜貝
𢵱	扌門一廾
𩸱	魚金
𨼋	阝虎业
𬂆	良月竹
𠺽	口乂木殳
𬃈	木爻攴
𠱋	口由
𢹧	扌酉鬼
𫕾	四直非
𫶼	巴辛束
䌑	糸臣又土
䕺	艸业耳又
𩛷	食不口
𫯍	多丁
𣨰	扌丿七歹匕
𥀪	皮亠阝隹
𦨻	舟光
𣀟	巴婁攴
𦆙	糸雨田
𪨀	小出
𬊨	火女又弓
𬔙	冄立
睸	目眉
𠊚	人日一寸
鯜	魚立女
𨎟	車田夂口
𢥉	心艸水昜
㗶	口癶弓殳
𡮹	少艸冃豕
𣠑	木竹辵夂丰
揞	扌立日
𧯄	香谷
𡮛	小水日土
𠟤	善刀
𦲵	艸行正
𫫞	舌今心
搙	扌辰寸
𩆬	雨业冃豕
𠶞	口心生
𡅠	口糸黽
𥺓	米呂
妸	女丁口
𨅸	足竹土寸
𠯼	口人丁
𦘹	月山
𨮶	金水西示
𧍏	虫女古
𨦩	金亡女
𧟁	衤馬并
䀡	目卜口
𧚭	衤并
𤝹	犬朱
𠺸	口水彐冂又
𫤒	人匕頁艸冂木
𩛂	食女又
𡃏	口阝𠂇工月土
𦟒	屯月𠂊厂卩
𩈂	非虫非心
𦄞	糸門口
咘	口布
㧾	扌勿心
𡂱	口癶豆阝
𣜴	木亼月刀心
𤹖	疒車干
𫸐	广黃辵豕
㩇	扌尹二田一
𨑻	辵冂儿
𦵘	艸而女
𪢠	口艸門柬
𣘄	木言丿七
𪶼	水少士口
𥿠	糸布
𫅕	羊厂氏
㹦	犬刀口
𢯰	扌行尹二
𠴊	口呂
𡛤	半女
𣿅	水艸千田土
𪘬	齒厂土土
𫅸	耂女兼
𫥕	冫令甘
𬞑	艸口十冂半
𤍋	言乞火
𪄞	鳥勹屮勹屮
𪟒	㫃矢刀
𫣪	人戶冊少
𬅉	木艸門柬
鮧	魚大弓
喐	口𠂇月阝
𤎓	青彐火
𬹙	真黑
𢲛	扌行走
箻	竹行尹二
𤵡	疒爪丁
𦖑	耳宀且
𡗊	多堯
𦼠	艸門一廾
𬠥	虫王廾心
𬲢	食堯多
𤊠	火石廾
𣇞	日余
𢵧	扌門日
𤑈	火行山王攴
𥿤	糸丘
𫷝	干八人青
啨	口青
𬨿	辵米云
𤾱	白宀心皿丁
𬄯	木其石
𤇦	火戊
𩓜	艸亡頁
杺	木心
𪜀	十乚
𥖑	尸毛石皮
菷	艸彐冂巾
𡓅	土艸阝今云
𥹞	米申丿
鐱	金亼口口从
𤶻	疒見
𡎠	土乃又皿
𬒜	石卜了見
𪬌	心二又皿
𫄺	缶口王
㦃	心立厂生
𡙦	勹屮勹屮大
𪨞	尸婁匚巾
絬	糸舌
𣌺	曲口丩
𡀨	口衤甫
𢩭	扌寸
𡄥	口亼口口从欠
𬐂	癶一十乚士
𨪝	金虎文
𱤔	木艸叕
𡚝	大目目隹
𫁚	穴角斗
𥾵	糸反
𥵙	竹四卜日十
𤲌	王廾田
𠰳	口丙
𪃲	鳥者
𪧺	是寸
𫸎	广黃青
𫢋	人天
𡌠	土人氏丶
𬌌	爿釆田
𫽰	扌亼口日
䐥	月公羽
𤵹	疒士口
𡡇	女羊皿
𧀓	艸尸婁
𧓭	虫糸白巾
𪫢	心卜了
𢵸	扌隹木
𪭄	心宀夂口頁
𡪦	宀水者
𬚿	肉門木
𪺦	爿月廿日
𫦑	羊火刀
𥋕	目欠皿
𠝻	甘匚八刀
䁲	目四貝
𡎜	土十冂半
𣼫	水里予
𠓀	先田夂口
㜮	女監
㦓	心肉犬火
𨓡	辵王廾
𤠄	犬爪丁口
繏	糸巳巳艸廾
𫔦	午門一廾
𧾿	足了
𦁼	糸木攴
𪮀	手阝一兀
𢤽	心臼同廾
𤎍	火圍戈口一
𫤕	人匕頁西示
㾄	疒由
𢢆	心善
𧑒	虫京子攴
𫏄	足甘
斍	文見
𣑎	來下
𬘏	糸火堯
𨅂	足不見
𪴽	不正女少
𨅷	足阝八豕
樶	木日耳又
𢢇	心日耳又
𩩩	骨表
𨇸	足竹旡旡日
𬆸	母亠回示
𡨸	宀丁宀子
𨆸	足厂白小心
𠏦	人勿京丁
𤏫	火竹尹二
𣾸	水扌是
𫸍	广黃卜日十
𧉙	虫屯
𬨺	辵車上
𨼼	阝丁口爪子乚
𪹏	火羊大
㴷	水耳冂儿
𥯓	竹甘匚八
𪰛	土寸日
𫹭	乃心
柉	木丿之
𪐢	黑士
𣞾	木艸婁
𫕸	青竹
𢜡	心立女
𫩓	口丿几
𨫇	金朕
𦹻	艸水爪壬
𢘽	心申丿
𢶒	扌會
㤥	心亥
𢠯	心良月
𡍜	土門
𫃡	糸立
𨃌	足扌土寸
𡂄	口皮頁
𣻽	水月巠
𤶹	疒尸㇕口
𦠱	月竹人戈
𩍓	革亠阝隹
𡻖	山口貝
唩	口禾女
𫦘	𠂊四八夂刀
𢗖	心壬
䋖	糸尹二
𢙫	心圍大
𥻙	米羊大
𫲬	乃子者
𥋼	目亼一乂凵禸
𥙒	示乚去
㗂	口少目
𠱇	口穴
𪝩	人羊圍巾
𠅳	亡口貝
㘓	口門柬
𨧠	金月干
𢞆	心立厂彡
𪮏	手田心
𥋔	目山一王攴
𪷧	水尹口羊
𫭚	土小
𬦹	足夂木
𫆶	卜日十戶月
𤇣	火生
䁐	目艸冂大
𦝬	月穴犬
𦞓	月水𠂆从
䰼	魚今
𨮻	金广里八土
𬍉	犬勹口爻攴
𠿮	口食欠
𫭕	亼冊圍口貝
𫛕	穴牛口鳥
𠹵	口日宀女
𥛭	示乚隹又
𧙼	衤厂止
𣑺	木虫
𥼕	米竹立
𡡅	女鳥
㳝	水人壬
𡅩	口曲豆𠂊巴
𢞂	心分皿
𬨟	辵分
𥽇	米戌口心
栣	木人壬
𩅛	雨辵夂丰
𧁹	广車艸古
𡂒	口斤斤貝
𪷗	水月卑
𥆻	目呂
眪	目丙
𤊩	火木木
萻	艸立日
𬂻	木門一廾
𧿑	足弋
𬞁	艸日十口儿
𡉾	土心
𡹟	山木冂儿
𠝓	人多刀
𪩼	巾爲
槶	木圍戈口一
𬆘	歹匕宀女
𧙻	衤尹二
𢭼	扌女少
䗔	虫人龴矢
𩸴	魚矢口
𤺰	疒金欠
𫰄	爪幺大丁口丁口
䐏	月廾日
𧥔	巴角四勹虫
𪟚	夕口力
𣛱	木穴𠂊臼
𨎆	勹屮勹屮車
𠿈	口禾火心
𠥈	匚土欠
𫉱	艸米良
𢭭	扌火土
𢭂	扌宀牛
𥿡	糸尸匕
嘺	口丿大口冂口
藞	艸三石
𲌀	馬糸夂冫
𫿟	扌非爻攴
𡎟	土香
𪦼	子白勺
𫣸	人曾士
𢁋	巴阝土八夂
𪗀	鼻日勹亡欠
𫰤	女米
𧒉	厂豆寸虫
𪟽	卜了
𢙬	心人尹
𪽐	丿田介
𡁤	口門夂口
𫃈	米申丂
鋾	金勹缶
𡮘	甘木少
㖻	口矛木
𬱶	几二幺㇕
𧕬	虫示曲豆
𠸤	口行土寸
𡂈	口人业大
𪢈	𠂆口婁
𱚫	少矢隹
𤌋	火鬼
𢭬	扌人半
𦛽	月口今
𡃳	口臼同廾
𬌣	牛土寸竹
𠉟	人木千
𫽖	扌阝且
𡜤	女土也
𥯝	竹穴犬
𢴕	扌宀一皿丁
侱	人口王
𣢹	耒欠
𠀳	厶人下
𫫹	天口立厂彡
𤔯	爪竹尹二
𣻉	水世冂巾
𫆻	月旨阝一兀
𢫙	扌人弋
𩼷	魚业土寸
𣷱	水人一口乂
𢘬	心𠂉也
𡋿	土呂
𫶻	巴監
𡀫	口亠回禾
𡀤	口竹丰寸
𡚚	大束𠂊貝
𫽅	扌去刀丶
𢵫	扌八酉大
𢬅	扌小大
𥫭	竹女
𬙾	羊大世木
𧸓	貝水者
𡰏	兀水京
煏	火畐
𣛪	木彡頁
𤾓	百木木
𡵺	山勹厶
𫸽	八弓丨丿大申
𪓈	黑艸㠯辛子
𠾺	口善
𩘫	風水每
𪧍	宀一兀下
𪬮	心耳口王
𦟹	月山亼冊
䢦	辵亠幺⺍十
𬛡	月昜西示
𠶉	口人壬几
𨅍	足門日
趂	走尔
𡐮	土爲
𫧇	比
𢪀	扌卜㇕
𩄏	雨風
𬧾	雨田車
𦟼	月門才
𧏷	虫亠幺田
𪀚	鳥戈𠂇
𤚆	牛阝皮
抩	扌冄
𫮢	土辵甬
𢮿	扌千北
𤉚	火口欠
𪮣	扌十又扌斤
𣋩	日辛束
𨑗	辵上
𫲰	刀口子丿糸
𫴐	宀甘八冫甘
𣼳	水幸丮
𧀨	艸巛囟釆
𥍒	目竹戌口心
𪞧	冫令歹
𡁚	口水堇
𧒌	虫足夂口
𪡊	口豸
䒜	艸牛
𪥌	宀人大
𠲓	口夂㐄
𫠹	上厶月比
𬧺	車勹屮勹屮
𠸙	古王廾
𬅽	冫卜了止
㥥	心禺
𣜳	木艸風
𦀋	糸冫水
㭨	木牙阝
𱕷	口三象儿
𠸂	口穴犬
𠱊	口人士
𣳪	水一口乂
𬆜	歹匕石卒
䊟	米廿内内
𨁼	足奔
𪧄	子瓜山鬼
𢩾	扌丮
𤤰	王布
槺	木广尹⺍
𦵗	艸言十
𬰹	立日由
㟴	山鬼
𥆹	目山及
咾	口耂
𫥨	四大出
𫺙	心二牙廾
𬨸	辵乃又皿
𠰷	口卜尸
𬄪	木女甘木
𬮌	文扌門
𢬣	手西
𨃰	足兼
𠞠	刀禾失
𩸰	魚子瓜
𢖱	心乃
𫄑	糸食爪女
𫡇	分中
﨤	辵及
𡮩	門才少
𬃂	木木五
𧋶	虫水殳
𦝺	月羊大
鸜	目目隹鳥
𨶛	門工貝
𩭶	長彡水由
𫊶	虫光
𣮇	吳毛
𫣽	亼口皿門一廾
𫢱	人四十乚
𥯎	竹广卜口
𠴗	口木土
𤻬	疒辛束
𫹣	行一火日小
鍄	金京
𦓿	耒其
𠍵	人羊永
𡾬	山竹馬
𦢞	月魚日
𫑐	辵束戶犬
𤹾	疒日每
慃	心公羽
𤓇	火王𠂊内目夂
𫡾	亡心口月
𬳤	香匚艸𠂇口
𡪜	宀水冂八木
𩙕	日艸廾水風
𧞿	衤厂禾禾止
𠻛	口辵牛口
𬠌	虫冄阝
𪫚	水去行尹二
㙤	土虎爪丁
𥄬	目五
𤉠	水冂儿火
𧤭	巴角刀牛
𫩒	口巾
𥋲	目广兼
𨤔	尸毛爪木
𬥮	堇分貝
𨙝	雨田辵艮
摪	扌爿肉寸
㥬	心亠八冂方
𤍑	火糸夂冫
𩸵	魚行正
𨁮	足文口
𠹰	口貝丿之
𥆿	目求
𪯝	廿月攴水西
鈂	金冂儿
𫵫	尸婁扌比
𨬉	金土隹
𢄩	巾帶
𬳖	首人匕卩
𫁎	穴工子乚
𥈢	目羊大
𨃺	足糸内
𬷨	辰寸鳥
㩱	扌爪四艮寸
𬨙	辛弓八
槩	艮旡木
𫽕	扌亦又
𠋦	人甘木
𬐒	巴皮
𡾭	山广亠回禾
𤵢	疒丘
𢳥	扌辵牛口
𪡝	口艸廾巳
𬋲	爪子乚工从
𫣏	人立申
𠴒	口人令
𥟈	禾束
𩺧	魚火至
𠪸	厂艸世木
𣋇	昜文寸
𪘌	齒一口乂
𬣌	言甘木卯
𣦆	厂止一口乂
𦂁	糸八豕
𩸲	魚人一口乂
𪰰	日土寸竹
𪟸	半亠八冂方
𢴾	扌非心
錩	金昌
𦡯	月辵土羊
𡖼	並多
𠤧	匕扌是
𨒹	辵百
𧍅	人一口乂虫
抺	扌未
𠺕	口卯田
𫒂	尔里
𨰇	金亼口口从欠
𫽹	扌由尹二
𫜶	月京子攴
𠱶	口宀丁一
𫿿	父斤一火日小
𫠳	下亼冊
𣱿	水人
𫴭	彐寸心
𤍌	士尸彐火
𪲣	甘木竹
𪿗	石尸匕
𬌱	犬門才
𧊋	虫申
𫻤	心文厂彡頁
夣	了四冂夕
㹫	犬大弓
𧹥	赤木土
𬐾	甘匚八水欠皿
𱻛	其羽
𫡪	甘木乙
𠵴	口亼口卩
𥐇	矢豆艮
𫼰	扌女口
𣷴	水表
𥑃	石亠卜
𦪏	舟辵甬
𠶂	口爻攴
𢱎	扌手一丰
𢱔	扌分皿
𢏠	弓水工
𫁞	立竹
𪱅	日水者
㳉	水月
𬐉	小彐白
𱔪	口文隹
𥅞	目弋工
𫡮	辵米乙
㯖	木十四一心
𨏧	虎田皿車
𡏥	土扌斤口
𧐺	虫辵甬
𬥠	弋二貝及
𦀾	糸广木
𨅥	足非心
𪨠	尸婁人半
𬌴	犬彐火
𨆟	足艸千田土
𦤮	辵艮自犬
𡔖	土䜌攴
𪯊	丩攴竹
𬋙	火臼同廾
𩸄	魚果
𦙏	月山乙
𨔾	辵者
𪀐	鳥丿之
𬀺	巳日勿
䑅	月艸四冂夕
𬩢	辵戶冊立
𠸡	口水血
䕝	艸禾爪魚
𧓮	王白石虫
𨃎	足二又皿
𨰴	金日衣口口甘
𤃟	水亠阝隹土
鑅	金火火冂木
𤭸	尸并瓦
𬞲	艸虎业一丂
𡔍	土穴士四貝
𪿏	矢豆亼冊
𫻐	工凡心一中彐
𫓟	金口口馬
哣	口豆
𥃛	舟殳皿立日
捈	扌余
𪾯	目斤欠
𱢯	艸世木日
𨤯	千田土同
𬂸	木攴少
𦡋	月屯頁
𠃩	九人彡
𢭯	扌水夬
𤻻	疒艸四戈人
𥵚	竹堇力
𢜏	日月心
㗁	口口口一丂
𫑹	酉來
拞	扌丘
𣍊	日勹亡尺冫
𠓁	光羊永
𪢤	口矢丿大口冂口
𦂺	糸立日
𪽗	尺一田凵
𫼜	手卜口
𣼪	八水戌口
𨻮	阝宀一兀攴
𥌷	目宀丰四心
𪦸	子宀
𣱶	水卜
𧏰	虫耳冂儿
𪥑	大示乃
𨃕	足亠幺田
𡮜	竹丿大小
𡃙	口艸四戈人
𦪻	舟宀艸見丶
𧓅	虫曲辰
𥸝	竹言夫夫貝
𬸼	尸匕鹿
𫋻	衤會
𡅫	口車丿大口冂口
𡳵	尸婁艸丨日
𫀢	示山鬼
𠽮	口扌是
㨐	扌人口木
㘨	土内
𣙯	木土隹
䶞	齒其
漨	水辵夂丰
𪷹	立申水丁口
𣙷	木艸犬廾
𪺓	爪尹人丁
扲	扌今
𤸧	疒宀二日
𫅷	艸人木耂
𫜧	齒宀㇕皿丁
𤁖	水衤果
𬱎	丁頁人立口
𫒥	金亡心
𢵬	手巳巳艸廾
𪰮	日牛巾刀
𫀅	示卜口
𠉜	人尸毛
𨧣	金士冂几
𡀧	口斗田衤
𤂫	水口屮貝
𣆮	日广土
𠽞	口水日比
𣞅	果朕
𨦙	金歹刀
𢴛	扌斤扌十又
𠏟	人亠回禾
𠻁	羊儿司
𥇽	爪子乚目
㶤	火夕
𬏥	疒爪卩
𢢂	心糸士口
𫽤	扌火卜尸
畱	一卯田
𤿤	竹皮
𦉱	四七
𥟊	禾五口
𨂚	足八艸廾
𨰧	金宀龍
𪜘	石皮乙
燫	火广兼
𠘃	冫千田土力
𪯕	方攴人乍
𣌁	日豕者
𣔢	木人多
鸌	鳥艸隹又
𢬇	扌宀寸
𨫉	金日土寸
𪜯	人另
𦘧	尸毛尹二田一
𫬎	舌亠乂凵禸
𱜗	呂巨
𥩯	立乃子
𨄳	足艸甫
𬇋	戶氏
𥊤	目行日一寸
𪱎	日生亼月刀
𠽆	口言内
𬈉	水土𠂆口
㮠	木艸冂木
𠶙	口艸不
𱕫	口亠阝隹瓦
𥊢	直尚
𠲠	口丩攴
𭉷	口示且
𣋛	日艸水夂口
𥗍	石禾丿刀人水
𤹑	疒人今心
㩒	扌木木示
䓡	艸矢口
𧿭	足日
𪡻	艸丨日古
𢴓	扌不見
攑	扌臼牙廾扌
𠿶	口水隹十
𠴙	口扌巴
緓	糸艸冂大
𫏖	足爪二丿又
𨭒	金月穴工
㾑	疒亼口
𧀑	艸禾千田土
𩲥	鬼厶口
䱾	魚婁
𢬹	扌土土乚
𠸔	口艸市
𢫛	扌玉
𦡮	月並日
𪁃	人牛鳥
𨻬	阝自犬
𣞍	木四者
𣃺	方谷
𤒙	人彡京子丮火
𦄷	糸辵甬
𪺬	牛九日
𧁶	艸广四土八土
𡦂	宀子宀子
𧹋	人弋貝爲
𫄁	糸艸日月
𫉕	艸人木力口
𬕺	竹立申竹
𲌬	鬼非
𥺹	米宀夕卩
𥹰	婁𠂊丶
聀	耳戈
𢱚	扌風
𠶣	口木攴
𢝳	水艸廾心
𠴋	口扌九力
𫇈	臣卒
𫻣	心鬼卒
𡍘	土牛巾刀
𥨨	穴工工貝
𥚥	示乚禾刀
𫴶	广十豆寸土寸
𡀭	口臼田力
𫄃	糸京子攴
𩵝	魚才
㦖	心門心
𣨮	歹爪壬
𪫶	今心竹
𠳙	厶口人弋
𤮥	瓦匚三口欠
𦙦	月心
𬗁	西米骨
𣑶	木示乚
𢟙	心金十
𤊡	火廾扌
𥏌	矢先
𤢔	犬日勹亡欠
唭	口其
𤛠	牛婁
𫃋	米金十
𤎕	火釆心
𦀨	糸冄阝
𪝎	人木令
𬚇	戶羽水夬
𡄐	口亠阝隹土
𥉰	目爪臼
𢴊	扌辵豕
𥒥	石多
𩄰	雨歹刀火
𩼈	魚宀米大
㖧	口氏日
𡁽	口木艸人木
𪡱	口耒毛
𡀩	口艸水夂口
𥅲	目朱
𠦯	半艮
𥭎	竹水亡
𢩉	戶艸廾
𫨯	去非心
槹	木白⺍十
𤮘	肉又豆瓦
𦛌	月尹二
𣖠	木艸出
𬌘	牙山我
𢴩	扌竹尹二
䴈	宀米大鳥
𢥣	心竹門月
𨫪	金堇
𪢜	口金甫
𡈈	圍千田土
𣻇	水辵艮
𩩇	了儿骨
𣜶	木辵日勹亡
𤎑	火囟八夂
𬷶	亠回禾鳥
𫆜	肉尸匕
𦛺	月另刀
𥈱	目乃又皿
𬯜	阝丁口艸内
䳱	矛夂力鳥
𫼳	扌艸亡
𫤯	厶大彡八
𫡯	十日十月乙
猉	犬其
𭉑	口阝艮
榡	木丰糸
鑨	金龍
𠁸	中中卒
𫲳	才子尹口羊
𦭪	艸勹乂乚
𡋥	土士口
𡃍	口亼口口从刀
𪃿	丁口丁口鳥
𫰮	女艸戶
𤷿	疒穴犬
𦪂	舟行走
𦀪	糸人白
𫅖	羊大扌口
𣠱	木竹旡旡日
𬓐	示乚厶口心
𠭤	呂反
𣉷	日勿示乚
𣝀	木堇力
㦗	心木木示
𨭏	金月穴工
𬜉	舌田心
𱓱	古衤刀
𧐸	虫用口彡
𬑑	目耂
𬇆	毛堯
𩠳	首木隹
𬮙	門一力
𤡚	犬艮旡
𢵷	扌宀丰口刀
𫰸	女干卯
𠶚	口女丁口
𡁙	口心艮旡
𫮱	其土𠂉㐄
㑫	人今心
𪺛	父缶
𪬙	心水口月
𬏧	疒扌丮
𬚴	肉匚巾
𡑱	土尹口羊
𦢡	尸至人人人月
𣠺	木竹亼口口从
𫣰	人申爪二丿又
𬥔	斤貝匕
𨔿	辵豕十
𫬣	口口犬目少
𠯇	口己
𠦹	十辵豕
𠨪	𠂊厂卩堯
𣿃	水阝禺
𬲠	食亼月刀心
𠸕	口儿幺月
𫡽	文八呂
𣵯	口欠水
𥳂	竹田夂口
萫	艸香
𫸿	弓八甲一丿之
𬉰	水戔曲辰
𤯭	並生
𫑓	辵㠯田夂口
𤣡	犬四勹虫直
𣼺	水囟八夂
𢯏	扌行皮
𫑒	辵束人立口
𩻐	魚囟又八夂
𬠇	虫⺍廾
𥵗	竹立日欠
𥘶	示乚分
𧕃	虫象比象儿丶
𥆄	目光
𧎠	虫儿幺月
𠀗	廿丿
𪽃	生廾扌
𠻤	口寅
𢪯	扌太
炐	火丰
㡴	广立
𥯋	竹日月
𦬶	艸午
𥑭	石巨
𥊟	眉刀丶心
𣡯	四去木幺幺戈人
㩢	扌艸四戈人
𣝉	木业土寸
𬲊	非心乙冫乙冫
𢱛	扌水西
𣙹	束日比
熷	火曾
堒	土日比
𧉝	虫一亡
𩆐	雨亠回禾
𬦮	足耳
𣏾	木戈
𬀫	文日
𠺴	口艸夂口
𦝉	月广氏丶
𪽡	巴釆田
𦩚	舟木攴
㒙	人糸白巾
熑	火兼
𧏴	虫辵㠯
𪮯	扌口耳竹
𫋙	虫弓厶虫
𢫗	手白
𥐨	石也
𠿱	口辵首
𪺵	牛非心
𣞂	木竹彐冂巾
𧺁	宀釆田赤
𢯷	扌㐄口㐄
𫢧	人文口
𩘄	風木攴
唫	口金
𡊱	土刀口
𣉴	日木至
𫊍	艸世木山今
𤂧	水艸辵夂丰
𪂮	子瓜鳥
𪞻	囟吳
𨔉	辵文丰
㵊	水日耳又
𥋟	目羊我
𥖐	石阝八豕
𡃎	口爻木木大
踭	足𠂊尹
𡑴	土尸艸廾殳
𪨝	尸毛香
㐻	人内
𦧃	尸婁艸隹臼
𨔌	辵子瓜
𬟥	束艸白⺍木
𪮽	手斤斤貝
𩹪	魚眉
𫵇	眉尔
𩠠	首會
㭲	木谷
胋	月卜口
𬏗	釆田冫欠
𡳎	尸毛呂
𡆍	口㫃矢魚
怑	心半
𡬈	宀龍下
𢅄	四去布
恑	心𠂊厂卩
𬟴	虫山
𱔩	口八甲一戈
𪝯	人立日一寸
𠬕	去衤甫
恄	心士口
𧜗	衤馬
𦤭	自犬歹刀火
𫆃	丩攴耳
𡀂	口雨田
𬐼	水欠皿去力
𬞺	婁艸丨日
𪟞	田力才
𣈝	日文丰
𩆢	雨田立日
𢏣	弓曲
𪽵	疒子瓜
磾	石口口甲一
𠉞	今尸匕
𠽁	口虎夂几
𡅑	口禺頁
𡆘	口日幺幺火頁
𥢫	禾宀丰口刀
𠴉	口阝一兀
𧃋	艸食余
𠶁	口二扌廾
鈘	金十又
𡴢	屯並
𤢿	犬三石
𥽤	十又米田艸廾
㶥	火干
𫼠	手主
𦙥	月子乚
鑟	金士四貝
𥢐	禾自⺍十
𩅜	雨良月
𨇀	足辵中一㠯
𥀌	皮艸厶口
𬗝	糸甬
𬛀	戶月工
𫿸	人止余斗
𦄵	糸釆心
𧦿	言丙
𪬔	心歹朱
𫨰	非心去
𦞑	月不皿
𫡱	又又二
𫾖	手一丰口貝
𧤥	角虎文
𧀏	艸金了儿
𠧆	䒑艸廾卒
𥷓	竹食爪女
𫳭	宀立申
𥿣	糸工丂
𧋀	虫⺍巛
𠊫	人勹日子
𤶼	疒艸亡
𫵄	艸冂大小
𬒩	石一日乂亠八冂方
𡓟	土束攴正
𬷸	鳥食爪女
𥐦	石己
𥺖	米不口
𬡮	衤爲
搝	扌自犬
𬳠	禾火香
𣌹	曲不一
𦁢	糸長
挸	扌見
𬟣	艸水束刀貝
㗱	口隹木
𬁒	日矛夂力
𢴍	扌寅
𢗸	心斗
𠲿	口束
𩂀	雨干
洅	水再
䗀	虫土八夂
爉	火巛囟釆
𢊑	广𤰇
𣘽	木少象儿
𦰠	艸公廾
𤵴	疒人士
𢥶	心禺鳥
𠻦	口囟八夂
𬓟	亠乂凵禸禾多
𱪁	水艸一火日小
𥏍	矢夕口
𬕾	竹立申目
𡭬	小門才
𢯚	扌爪子乚
劕	斤斤貝刀
𪇩	金艮鳥
𨅽	足門木
㾯	疒田衤
𫏽	立申車
𪫊	一廾彡人廾扌
𤜬	犬山
𬇉	氏丶刀
捇	扌赤
㧶	扌身
𨓐	辵呂
𫴇	宀上小又永
𤋾	火立日
𠽙	口人叚
𥈁	目辵匕卩
𨀌	足另
𫭵	土心丑
𣔨	木止月
𪃴	鳥爪丁口
𤍊	火丰糸
𨅮	足者阝
𬊁	火冄
𣜾	未水者
𢖮	乙必
𡎣	土日刀口
𬁐	日月余
𣓋	木艸比
𦣕	月西示風
𫷆	巾网山
𠸟	口不皿
𫱑	女石丿之
𱢱	日虎业一丂
𥅃	目日一
𣌴	曲月
僘	人尚攴
𣍀	曲口木
𧯵	豆廾扌
𪽨	疒歹
𡄰	善卒
𦗏	耳良阝
𨫈	金广从土
𠄧	巴二
𤃝	水厂禾禾日
𢮪	扌八艸廾
鎶	金丁口丁口
𢇡	广一丂
𫦻	田力比白
𬎹	生用口
𥸓	竹扌三耳
𪄦	鳥艸人木
𦹴	艸糸丿之
𥭌	竹宀丿七
𡂑	口舟殳皿
𢵪	扌非文
蚽	虫不一
𣽀	水百一介
𧋷	虫己心
𫕹	青生
𪂲	子瓜鳥
𬈽	水爪子干八
𧥃	角阝八豕
𣒵	木己攴
𪷴	水土八土丮火
𫵧	尺冫廾水
𫄎	糸尸婁
擼	扌魚日
𪝱	人山隹竹
𧍌	虫水刀口
𬞎	艸少象儿
𨏄	車巠耳
𢺒	扌魚廾扌
𪢍	口糸士口
𪝳	人水堇
𤞻	犬今口
帒	人弋巾
𫅫	手一丰羽
𦼞	艸余田
𪝌	人廿田
𫌌	衤山宀示
𩌂	革艸厶口
𬮷	門二扌廾扌
𡮒	禾子乚小
𦚕	月甘
𠴛	口穴力
𨁭	足女少
𠸧	口心夂口
𩘬	風辵艮
𬕳	竹馬竹
𦄠	言内糸
𡃻	口艸癶豆
𥟉	禾禾几
𡎥	夕卜从土
𪒷	牛疒甘黑
𢪳	手及
𫖚	立日寅
𥫌	立三石
𢴋	扌糸夂冫
𤺱	疒肉犬火
𬅂	木古亞心
𩪽	骨匕四幺斤
惍	心金
𩸸	魚一尹女
𨰪	金釆四幸
𫋿	衤木攴
𤋶	火艸令
𣗼	木口貝
𫗌	奔乙冫
𫜈	每鹵
𩄴	雨人廾扌
𩺢	魚扌斤口
𡆄	口扌三耳
𪭫	扌丁方
𡳃	尸毛會
𦡢	月艸婁
𨮒	金艸四冂夕
𦷭	艸木會
𫱸	女干廾水
𢀭	巨十日十月
𪢌	口門柬
𬉪	水弓冫弓冫文寸
𧵆	貝斤
𧖃	虫虎鬲犬
𤐠	火示彑
𠶟	口扌甲
𨀒	足布
𨠣	酉正
𨐺	辛曲辰
𠴌	口彐火
𢛨	心於
撛	扌米舛
𫱞	女文隹
𫡁	兼並
𥻧	米兼
𪷪	水一丂分貝
𦷫	艸水每
𪤘	厶土甘木
𡍋	土奔
𪀄	卜口鳥
𫱬	女古尸毛
𤃥	水艸癶豆
𡂵	口日京彡
𫵭	尸婁咼
𡀿	口尸婁
𦴋	艸四冂又
𣅵	日心
𬖫	西米殳
𥛉	示乚手一丰
𪵅	歹亼冊
𫋶	衤刀竹
𪪪	广廿又耳止
𥍍	目艸監
𦙜	月厂卩
𡗶	天上
𡄦	口臣𠂉三口
𥺕	米扌巴
𤡁	犬廿内内
𣘾	來戶月
𩟬	食三石
𬰉	雨田艮
𥕌	石車斤
𬊠	火人壬几
𢙕	心亦
𩚦	食七刀
𣓦	木水丿之
𢚴	心刀丶心
𡒫	土木甘冄
𩮿	長彡幸丮
槞	木立申
𬖅	竹立申羽
𤺮	疒戶隹
𨆡	足艸世木
𦠽	月爲
𠽗	口目艮
𱤎	木糸夂冫
𤃞	水目廿内内
𥇈	目圍屯
𣊋	日干矢口
𡄏	口心戌口心
𠵏	口匚亼口
𤜭	犬子
𣔟	木艸不
𤴶	疒士
𧍆	虫子瓜
𠠑	竹艮卩刀
𠸍	口羊大
𤽴	白耂子
𬯹	雨殳
𡡂	女羊永
𢱏	扌言丁
𧴋	豸西示
𢴚	扌匚艸𠂇口
𢟑	心車干
𫴋	宀立申下
㭁	木乃
䟻	足余
𪩺	彐冂巾夬
𢗆	心一乂
𥓳	石行皮
𥰈	竹人口王
𦞏	戌女肉
𤇧	火人士
𦋂	四日寸
𫷗	𠂉㐄女又
𩏳	㐄口㐄白鬼
𨵣	二扌廾門
𩘨	穴公風
𬥣	分貝𠂊厂卩
𫴺	木乚小
𥒅	石一口乂
𥇶	目金
𣛤	果來
㗳	口竹亼口
𡑪	土艸日勹亡
𪅪	京子阝鳥
𬍀	犬衣廿
烸	火每
𧏲	虫歹刀火
𨅞	足竹亼口
𧋄	虫艸廾
𧻩	走耂
𤞺	犬牛口
𥱱	竹立卜口
𠰙	口干刀
嘇	口三厶人彡
𦀚	糸口王
鐛	金日京
𦢾	月山匕矢龴疋
𫄼	缶甘木
𡀮	口鳥衣
𢯨	扌艸巿
𱔒	口言殳
𥄵	目术
𱤒	末艸日大
𤅉	水雨良月
擛	扌艸世木
𫇄	了月一中冂口口甘衤
𩛸	食每
𫯕	辰寸夕卜
𠃣	乙少
𫇞	舟日四又
𠗹	冫歹刀火
𪩯	巳文厂生
𡮅	臼儿小
𫵦	尸古於
𬠺	虫善宀丿七
𫤉	人匕頁呂
𣈕	日木攴
舖	舍甫
𧋵	虫犬王
𣖡	木貝刀
𬑶	矢豆艮
𠃅	厂四貝
𡝖	女刀丶心
𬛈	肉十冂半
𬨬	辵力尸匕
𠸨	口人里
𱠻	扌日甘衤
𣡤	木日衣口口甘
扗	扌土
𪽣	宀立申田
𦓇	耂匚三口
𪵠	毛糸内
𨖧	毛辵束
𠳿	口尸毛
𢵋	扌者阝
𠟸	言士口刀
𤞼	犬文口
𫯅	士尸女又弓
𪩦	巨木木
𫃫	糸石廾
𬧐	足糸田
姅	女半
𣋼	日魚日
𥆃	目女口
𤀐	水艸帝
𪝹	人戶冊女少
𦅯	糸竹土寸
𨗜	令辵束
𢬩	扌人戈
𤆺	火子乚
𩽋	魚婁攴
𡃜	口石冂隹
𫲍	女艸日大日
𠾸	口走刀口
𢗉	心内
𪾟	目牙一
𠝇	广勹巳刀
𢹤	扌走勹屮勹屮
𧜵	衤帶
𥌧	目魚日
𫫒	口尹二日
𫮐	土首
𪲭	术阝一兀
𡮯	少辵牛口
𢪏	扌日
𢖵	心女
𠣛	勹厶木
𨡈	酉爿士
𢤜	心八酉大阝
𪨈	𠂇口虫
𣩸	石卒歹匕
𣼸	水頁戈
撴	扌京子攴
𧏱	虫冂大皿
𠊙	人宀且
𢙽	每心
㨂	扌東
𥄰	目人二
䲼	生鳥
𧿬	足屯
𫫛	口艸酉
𢄝	白巾勹巳
𡘮	末失
𥾽	糸亠卜
𱻢	立申羽
𱐩	𠂉力
萡	艸水白
𫰕	女人乃
𪡎	另令
㭬	木豕
𪭡	扌人十
𪭱	扌冫夬
𧜹	衤犬青
𥐆	矢豆半
𫥪	囟二扌廾
𢬮	扌戌
𡂆	口木卯田
𨤼	千田土日衣口口甘
𩻓	魚艸余
𠓨	勹巳人
𫣱	人戶冊丿之
𪑑	黑口今
𣔣	口木玉
𠹲	口水者
𣌆	日言者
𫃮	糸行主
㘈	口匕矢龴疋
鈬	金尺
𦢶	月禾几頁
𫠴	丘會
𬯽	雨水幺㇕
𥚄	示乚一口乂
𠋺	人又丶虫
𨠳	酉亥
𫠪	厶人下
𨻫	阝立申
𠽍	口水爪壬
㥋	人衣心
𪠝	去尸匕
𬖼	米且疒卜了
𫫴	口糸了儿
𪩭	巴來
䙛	衤衣公
𡗄	兼多
𤋽	火田介
𧁵	艸扌無
𧝦	厂止歹刀衣
𫉡	艸月卒
𡨧	宀卒
𬷲	走戉鳥
囻	圍民
𠾀	口了月攴
𢣅	心艸水夂口
䒹	艸耒
𨆷	足业土寸
𧻚	走二日
𪽝	四去由
𪿀	目宀禺
嚈	口厂日月犬
𣩦	歹堯
𪹚	火亠八冂方
𨢇	酉卯田
𨂖	足水立
𬏎	釆田干
𬥆	象廾扌
𥬋	竹八丂
焒	火呂
檂	木曲辰
𥉹	目田糸
𢩣	戶方艸辵夂丰
𦂿	糸十冂子力
𪐾	黑人士
𫛎	竹丿大鳥
䤲	金赤
䇛	竹止
𫄌	糸足爪女
𤳱	田广黃
𫬑	刀口爲
𪽹	疒阝禺
𠽏	口阝𠂊臼
𠒦	光口口
𦰟	艸阝一兀
𡦫	子斤斤貝
𩮭	長彡㠯一巾
𡳳	尸毛會
𫥥	囟尺冫
𠓩	耒人
𤼔	疒馬今心
𧝧	衤八甲一戈
𥐧	石廾
𠿀	口禾小月
𣴚	水三力
𱜜	人一火日小巨
𪪇	干八亠八冂方
埈	土厶八夂
𡚢	大艸魚禾
𫷏	糸氏巾
𢣧	心虎业一丂
𪶭	水歹刀火
𬁥	耂丂曲
𥋴	目木木示
枮	木卜口
𦧘	肉舌
𠄯	一丂本
𬺘	立申山
𬦿	足人言
𨁍	足見
𬑛	目今心
𩿚	鳥斗
𠲧	口弋工
𪧻	身寸半
𧄵	艸犬巛囟釆
𬐌	白扌皮
𩼀	魚圍㐄口㐄
𬩧	辵咼耒
𢫡	扌乃子
𬅀	木辛束
𤵕	疒八丂
蝩	虫千田土
𢀮	亠回禾巨
㖼	口甘木
𡏠	土月勹乂凵
𢆠	來干八
𣖟	木言十
𪷩	水百木木
𥄮	目壬
𥜤	示乚貝戔
𦲞	艸厶大彡
㧺	扌水日
𫭔	圍玉艸𠂇口
𪴾	四言止
𧯅	谷香
㹯	犬人木
𫡵	五十冂半
𧲫	豸及
嚉	口业土寸
𫁅	卜貝禾厶
𦤯	自犬甘匚八力
喯	口奔
𣑳	木耒
𧂁	艸口口甲一戈
𢪉	扌弓丨
𤣚	犬曲豆𠂊巴
㛪	女大申
𠶎	口行皮
𣻾	水日土少
澟	水亠回禾
𦼥	艸水者
𩭆	長彡亼口
𫡎	三石中中
𥾗	糸小
𥽄	米糸亠口儿
𢵌	扌阝八豕
𤳸	由四厶月比
𫢚	竹一衤
𠺯	口貝亡
𧞴	衣言用口
𨄿	足糸夂冫
𠡧	文口力
𩽊	魚三石
𪢖	口禾𠂊彐心
𬴓	竹馬骨
𣏿	木天
𠺙	口辵艮
𫷰	广木反
𦀺	糸車
𬄹	木厂四貝
𡊲	土主
𪺨	牙卒
𱸉	竹亠兆
𫡛	大弓之
𢶢	扌丿四豕
𫠽	上心青
𥓷	石广彐人
㗑	口手一丰
𪛅	足夂口龜
𦟽	月宀必山
𪨖	尸毛甲
𢪥	手勿
𫚳	鳥卜口
𫅲	羽竹立申
揬	扌穴犬
𦃾	糸歹刀火
𣫕	田尸艸廾殳
𥳓	竹禾小月
𬏚	疒一
𤎛	火水爪壬
𣺾	水艸女口
𢉾	广幺幺山
㮀	木了⺍凵
𨀕	足匚王
䮴	馬癶豆
𠽒	口丁頁
𤮃	瓦冂大皿
𠆍	亠月真
𢟘	心耳戈
𫠧	午下
鋥	金口王
𣆐	日卜尸
𣐅	木壬
𡅳	口艸口口隹力
𢹇	扌黑犬
𦏄	羊大扌日一
𥵘	竹日一人歹刀
𦔙	耒艮旡
綡	糸京
𧋂	虫水丁一
𠏲	人四者
𢦂	心艸門柬
𣐴	木人士
𡧲	宀丁中
𩂠	雨人弋
𬩋	辵术言
𠱅	口又土
𠸽	口辵尸匕
𫠼	上扌足
𫅯	羽辵束
𢠤	心弓八甲一
𧅬	艸果亦虫
醝	酉羊工
𠂫	亠卜乃
𪯰	余斗隹又
𠢑	辰寸力
𢯐	扌女古
𫣢	人亦虫
𢭰	扌木土
𤷄	疒龹卩
𬏸	疒冃兀寸
㖑	口戈廾
𠣂	言柬力
𦹷	艸土立口
𥐔	矢豆門口
𪁎	小月鳥
𠁻	中中三石
𨆤	足尹口羊
𠡛	圍大力
𦂈	糸由月
𢵴	扌止彐冂巾
𬏓	釆田巴
𤯑	甘匚八亠回禾
𨋤	車卜尸
𩬑	長彡卜口
㯷	木人业大
𬚌	其耂
𪰇	日竹
䉭	竹巛囟釆
𢲯	扌水大从
𦏓	尹口羊本
𢇉	幺㇕文寸
𠟥	小大舌刀
𤏥	火人冂隹
𥽢	米爻木木大
𠰘	口皿
𪅬	人匚日女鳥
𫠮	至下
𬡞	艸衤巴
𦛿	月艸亡
𥑂	石十又
𤳨	由示彑
𨃝	足行走
𨁩	足扌巴
𡾵	山鬼人立
𩱻	鬼卜
𨁷	足直
𡅊	口屮貝米
𬂍	月二扌廾扌
𫸏	广黃冂日宀
𫯓	來多
𢢯	心山鬼
𪳂	木首
𪾀	白戈口一
𢱖	扌甘木
𨀐	足夂冫
𤠴	犬阝宀一兀
𨨅	金戈口一
𠻆	口阝車
𪱚	月上
𢁯	巾日
𬟃	艸业冃豕
𨃑	足扌兆
𤈠	火尹二
𬃑	木羊巛
𢤞	心臣又貝
𫕪	雨水歹刀
𣡝	不皿白幺幺木
𧿨	足反
掑	扌其
𢕸	行米舛
𱳚	目言艸日大
𦀐	糸广土
𧺀	赤宀釆田
𠴍	口刀丶心
㦨	心門柬
𦘱	月卜
𢶿	扌辵盾
𣙬	西木巨
𠴜	口扌十又
𫗷	首口木
捠	扌斤廾
𤁠	水辵爪缶
𢚸	王廾心
𫴯	貝刀寸
㗀	口幺幺山
𫪣	𠂆口人士
𨙍	辵矢丿大口冂口
𤝑	犬丿之
𥅘	目尔
𨊌	身米舛
抈	扌月
𡍝	土艸内
𢲭	扌酉己
𩵜	魚竹
𥙩	示乚厶人
𧀐	艸王鬼
𣷮	水石廾
𦀏	糸丩攴
㖅	口戌
𦎡	羊大生
𡂎	口糸彑
𥋓	目日京
鑡	金齒
𢷹	扌广里八土
𧛋	衤今心
𡞕	女夂田
𨖙	辵四从
𫤢	先立厂生
𧏯	虫辰寸
𩶝	魚正
攞	扌四糸隹
𩺨	魚人廾扌
𩴬	四貝鬼
𬚯	月士
𪮩	手米且
𪹎	火冃兀彡
𡳤	尺者阝
𢣄	心辵咼
𤓩	火䜌攴
𥾾	糸人卜
𣋰	日艸廾水凡
𥖔	石木戔
𣍋	會下
𣾿	水口田衤
𫏢	足血豕
𫌐	衤走戉
𪻋	犬广十豆寸
𤳷	四厶月比由
𥐉	艮矢豆
𬩯	辵束鳥
㮛	木是
𦁀	糸貝
𡏢	土馬
𤯰	生广氏丶
𥇻	目宀由
㓠	卜口刀
𥶇	竹魚日
𤣄	犬鹿火
𫩉	示乚耳又
𤹘	疒辰寸
𥈳	目穴犬
𢹫	丰刀手宀必山
𣞽	木癶豆阝
𬛯	自犬立日
𤆹	火牙
𧐾	虫立口阝
𩄔	雨扌㇕水一
𥓉	石成
𩅚	雨土隹
𬁌	氏日䒑亡
𫯳	千田土夫
𠉱	人戶方
𫙖	魚尸匕
䟬	足丘
𠔭	八三厶人彡
𦼝	艸心巛囟
𪻊	犬者艮
𣻗	水禾多
㷚	火京丁
𫠻	不人言
𢯕	扌宀且
𢺔	扌宀王尔貝
𨔍	辵四十乚
𠖘	冂糸内
𡹞	山京
𬇑	气木卜
𢫌	扌人也
𣚮	扌立日木
𫗗	食眉
𬯄	阝𠂇工土
𠏥	人山豆大
𢠉	心人禺
𬪄	冄阝竹
𬜆	舌丿之
𫽦	扌水九木
𡮥	小門才
𰛻	水彐火
𧶭	貝奔
𡲤	尸毛且
𪠗	厂日子厶口
𨨪	金牛巾刀
𪶵	水禾失
𣠓	木竹西示
𢣂	心羊我
𡗋	亠回禾多
𦂼	糸甘匚八
𡨺	宀丁宀寸
𤛞	牛門才
𩺱	魚匚艸𠂇口
彣	文彡
𠏠	人足土土
𪨁	爪子小
𫷜	𠂉㐄十冂半
𠾛	口黃
𨦥	金水也
𧴤	貝卜
𡔑	土監見
𩁶	雨乙
𥣒	禾亼月刀心
𡆈	口㫃矢鳥
𪖭	鼻日一寸
𧃶	艸犬艸冃豕
𢴘	扌犬青
𪲽	乂木扌斤
𨅐	無足
𣳮	水呂
𥴙	竹木卜日十
𦪦	舟尚手
𬐆	白丿之
𡆁	口食堯
𣺽	水四去
𢯛	扌水立
𡪻	宀日女古
𡃽	口人雨而
𬡯	衤亦虫
𫶜	山京口竹
楴	木帝
𨇜	者見足
𫂷	米乂十
𧜻	千田土力衣
搈	扌穴公
𫏾	車田夂口
𬧒	足三口一丂
𬋱	爲竹
傦	人骨
𤵖	疒日
𣈒	日其
𡤓	女厶口四貝
𫸌	广黃士尸
𠽂	口弓八甲一
𢢈	心宀甘八冫
𤏣	火言斥
𢷵	扌無舛
㫵	日非
𢌎	广艸㠯辛子
𩆏	雨艸世木
𫗺	首敖
𬚁	善爪臼
𠱉	口人彡
𢸝	扌水夫夫日
𤊥	火土八夂
𡑵	土艸風
𣋽	日亼口口从刀
𬛃	肉者
𪪫	堇广車
𤎐	火匚艸𠂇口
𠑖	人立山鬼
𥱪	竹骨
撎	扌士冂豆
𡓇	土魚日
𠺚	口王刀王
摼	扌臣又土
𢫖	扌术
𣓿	木艸冂力
𬉙	水立艸田
𥘑	示寸
䖳	虫宀丿七
𢫃	扌口丩
𩯀	長彡辵束
𫶴	羊工呂
𢗇	心夕
𢴒	扌京了火
唻	口來
𦄴	糸齊示
㯲	木木木示
𦄀	糸馬
𣭻	足毛
𥺽	米亼冊
𫍍	言甘木勺
𥯈	竹木反
𨯹	金竹馬
𠴔	口口王
𨆓	足亼一乂凵禸
𡓏	土米舛阝
𠯽	口止
𨬊	金耂子攴
𣔻	木穴犬
摱	扌日四又
倈	人來
𠿹	口人壬貝
𠯹	口人乃
𩹩	魚艸市
𦟺	月扌土土卜
𥝥	禾及
𨄉	足立厂生
𤷲	疒爿木
炵	火夂冫
𢄃	巾水𠂆从
𪞠	冫令了
𫰇	女厶
𱡅	扌黑土
𪹪	火亞心
𥋹	日一寸目民
𨃍	足穴犬
𩁱	隹木監
𡂃	口云鬼
𣉵	日勹屮勹屮
𬏖	田艸廾王廾
䋘	糸耒
𫁛	穴牙亼冊
𪫵	王廾心
𥖕	呂石皮
獜	犬米舛
𫧾	卯冫爿士
𪷥	水立土八夂
𪽽	白丘
𠡺	去阝力
𪽲	疒丙大
𬑾	石天
𣎣	月白方攴
𣞎	木艸監
㶩	火冂儿
𡂰	口米舛阝
𥗌	石虎豕刀
𢙭	小大心
𥯉	竹女石
䠣	足巳巳艸廾
𢜗	心廾扌
𧴱	貝女
𢥅	心金白巾
𠅒	亡末
𠼶	口赤卩又
𧾌	走巳巳艸廾
𬋫	爪二丿又竹
䇠	竹主
𫔸	二扌廾扌門
𪡷	口阝余
𠸛	夕口先
𦈂	糸食堯
𣻈	水人廾扌
𤼞	疒申又亥
閧	門艸廾
𡆖	口艸酉隹火
𢨵	戶午
𠇖	人丿之
𣘉	木犬今口
𫬠	口臣𠂉丶見
𢭴	扌心夬
𢱗	扌艸古
𣋀	宀牛日生
𫅝	羊大月日一
𧜐	衤乚厶口心
𠴥	口水冂儿
鬭	鬥卯亞斤
𨆾	足宀肉又示
釟	金八
𥩇	穴心戌口心
𨋣	車丙
㫧	日米
𪇐	鳥屰月大
𬡟	衤艸風
𡓢	火𠂊臼从土
𪬎	𠂊彐心巴
𢱙	扌子亥
𠮙	口乙
𦲻	艸爪壬
𦾤	艸亼月刀心
𢸜	扌米舛阝
㘋	口臣又貝
𬧖	足辵首
覵	門月見
𬏪	疒宀女
𩸘	魚宀㠯
𬄓	木衣公
𡒭	土人一火日小
𩄵	雨糸内
𠬠	八又
𫣞	人虎业
𫶯	羊工女
𨅃	足山宀示
𨃈	足艸廾巳
𡅪	口厂白小頁
𠰏	口丿之
𤋸	火丰刀大
𧷝	口欠口貝
𫺈	心水女
𢹣	扌矢丿大口冂口
𬪾	千田土厂卩
𠵱	口人衣
𫈥	艸木丁口
𨀼	足耂
𤂷	水門於
𦎬	羊日生
𨲖	禺長
𪡔	口四十乚
𥬮	竹水工
𬣎	言亼冊人王
𫵉	良阝小大
𬩔	辵禺及
𩺣	魚日兆
𠴕	口女少
𪪀	㠯一巾止匕木
𠯿	口宀
𢵽	扌疋束
𱫳	戈烏
𠽐	口魚
𫊬	虫冂大
囄	口亠乂凵禸隹
𢟟	心百戈
𤿍	皮丁一
𪁅	𠂊巴鳥
𠓑	光魚日
𪪳	公廾
𦼃	艸倉刀
𨣤	酉木木示
㗞	口石皮
𬂽	木木五
𫤤	光倉刀
𠮩	口了
洡	水耒
𧄊	艸日十堇
𫷙	干八齊
𥓄	石里
𦟸	月水亠人夕丶
𬚣	耳止人匕卩
𨀰	足冫水
𡏯	土貝攴
𧢟	齒見
𦛉	月口巾
𬟠	華一曲日
𫋐	虫工貝
阥	阝水
𦄁	糸辵艮
𢠣	心阝東
𤳄	由四去
𨡊	酉另刀
䁾	目艸四戈人
𩂟	雨戊
𣾽	水三毛
𣿇	水禾今心
𧀒	艸女束攴
䏾	月廾扌
𡖱	多人半
𬊭	火日业
㘇	口火火冂木
𣲦	水少
𦝃	月木木
𩷕	魚良
𫈈	艸人𠂇口
𦡲	月宀心皿丁
𩟡	食业土寸
濓	水亠兼丿
𠶒	口心日一
𬦸	足日比
垹	土丰阝
𨛦	尹口口巴
𧤸	角囟又八夂
𤯿	广氏丶立厂生
𠎬	人竹土寸
𩵃	鬼齊示
𫯧	大人乍
𩷛	魚角
𧣠	角正
𪲾	木爪丁口
塸	土匚三口
𡜵	女甫
嗘	口爪幺大
𠸺	口辵屰
𤁙	扌八水戌口
嘅	口艮旡
𢜠	心日月
𥽪	米竹馬
薟	艸亼口口从
𪹂	彐火又土
𢤡	心三石
𪼀	王帝
𬖵	米宀必山
㩡	扌三石
𪤤	土示彑
𨮊	金甘匚八斗
𧋿	虫心夬
𫆥	戶月亠儿
𠺭	口人廾扌
𠳒	口天上
𢠐	心魚
㖪	口戈口一
𪃙	者鳥
恾	心艸亡
𦒹	耂宀
啿	口甘匚八
𨒸	辵才子
𥾿	糸午
𡁺	口水衣公
𤉜	火广木
噷	口立日欠
𤓛	火光羽隹
𤋹	火木古
𪬳	亡心口貝
𬏇	田王廾
㨢	扌厶月比
𥐏	矢豆尸㇕口
𢆪	幸土里
𬚸	舌肉
𨄂	足良阝
𧏳	虫扌甫
氽	人水
𡲫	尸毛布
𠼾	口山宀示
𤑭	火三石
𢟔	心辵艮
𥼳	米亞心
𠲵	口去力
𫉚	艸言戶
𤍄	火示且
𬏠	疒幺㇕
𩙌	几二辵亼月刀
𪨣	山乞
𣇝	日冫令
𣾾	水少立口
𧻪	走戈𠂇
𫥸	刀卜口
𣛩	木竹人王
𥌸	目門𠂊臼
𧛇	衤長
𪷮	水先舍
𫾕	扌艸日大心
𠄽	二扌非
𨇣	足臣𠂉丶見
𤶄	疒人壬
𡃑	口言青
潷	水竹尹二
𦂻	糸行尹二
𪒽	黑三石
𬉽	火山乙
𠡏	生力
𬒏	石山巴
哯	口見
𪀎	口乂鳥
𠻂	口山言
𢯘	扌艸化
𬛏	北月囟
𠤆	勿水者
㖔	口天口
𩷊	魚丩攴
𥺎	米且八
𥇹	目日一寸
𪶊	水文寸
𢝀	心穴犬
溩	水烏
𫾗	扌言亼冊
𫊩	虫及
𥩉	穴牙雨田
𦅲	糸走戉
𠺵	口耳戈
𫇐	至了口又一
𡏘	土頁夂
𠶘	丁口歹刀
𢀥	巨丰阝
䤠	金止
𥸿	巴米
䖡	虫丑
𡀣	口堇力
𠴝	口水王
𩺌	魚世冂巾
𢺖	扌日一口口甘衤
𩼤	魚亠回禾
𦢴	月公儿穴犬
㫾	日尚
𠻃	口車干
𬳦	香今貝
𠹛	口山豆
𠖾	冫末
𬞢	艸爪丁口欠
𬈗	水扌爪女
𦼟	艸糸了儿
𪮴	扌尸婁
𡮶	千田土尚
䲨	工鳥
𣋝	日三口木
𣲹	水冄
𣗒	木金十
𥠯	禾艸卜口
㐱	人彡
𫿕	方攴艸几二
𦚭	月虫
𫇌	自犬大申
𡃐	口巾口口甲一
𣩁	歹匕扌斤
嗂	口爪缶
𡀶	口水厂白小
𠿸	口艸口口一丂
𡺦	山乃又皿
𩇢	青尚手
𤯊	艸人木甘
𥗹	石艸魚禾
忼	心亢
𬐸	虎田皿竹
𫥧	出四十乚
𬡶	衤黑土
𠞹	釆心刀
𪴹	正水去
𦀿	糸尸毛
𥽌	米辵首
𠰍	口主
𫤄	人一口乂扌隹
𠢬	無力
𦆺	糸令頁
鬂	長彡斤廾
絩	糸兆
𫣃	令宀女
𣉲	日隹又
𤺶	疒馬又
𬞊	艸宀㇕皿丁
檺	木京豕
呡	口民
𠸠	口亦口
𪴞	白⺍木日月
𱿜	虫心
𬓰	禾亠人夕丶
萾	艸乃又皿
𢭽	扌水冂儿
𤚦	牛古木
𣟫	木艸門月
𱤕	木艸奔
𬚀	尹口羊非
𬣈	言人𤰇
𪪉	幸每攴
𣛟	木尚手
𧚠	王廾衣
𬱻	立几二
𡡦	女阝八豕
𪁂	亦鳥
𨧟	金刀丶心
䃄	石京
𤊨	火戈口一
𤪊	王金令
𫼌	戶艸廾
𩍢	革雨田
𤈟	女口火
𫏊	足人壬
𫰴	女宀牛
㓭	日勹亡刀
𣉹	日行余
𧡊	人本見
𫑯	良阝白大十
挗	扌大弓
𡴯	山乙
𫇿	艸束
𡁛	口女束攴
𬴭	長彡犬虫
𣠗	木㠯止彐冂巾
𥙓	示乚用
𫘵	京口了
𠼕	口扌非
𫌢	見十冂半
𨙌	竹艮卩辵一兀
𬹏	麻文口
𫡉	宀子中
𪶏	水去竹
𬪼	千田土夕
𩀳	王廾𠂇厶隹
𫿇	方攴且
𫽻	扌二扌廾扌
𪥛	立申大
緍	糸氏日
𣄖	㫃風
𬃴	木木百
蕯	艸阝夂一生
𧶬	貝女日一
葇	艸矛木
㗜	口亠幺田
𣠲	木示曲豆
𣛥	木非心
𪖬	每鼻
𡄧	口言甘冄
𨀺	足歹刀
𨁘	扌止足
𬘋	糸斤斤貝
𬨠	辵升
𥣽	禾隹中中
𡴉	屯凡
枛	木爪
𡤊	女壬水者
𠴚	口人乍
𠶃	口王一兀
𬡴	衤糸白巾
𫗂	几二辵艮
𫨩	厶口比
㨃	扌京子
𥺻	米金
𬩱	辵㠯堯
𬇫	水扌巴
𢳝	扌革力
𦷩	艸石丿之
𬑸	矢豆穴犬
𠜭	刀扌冂儿
𬩩	辵及日四又
𠄳	二去力
𨸾	阝北
𬕼	竹矢口亡
𫉎	艸木五口
爙	火衣口口甘
𤇥	火立
𦢄	月非衣
𡃺	口辵堯
𥽔	米糸白巾
𧼌	豸走
𧊎	虫戉
𩴚	鬼齊示
𫪗	口戈止
𧖰	血卯
慤	士冂几殳心
秱	禾同
𬤴	谷頁
𬎣	瓜丿之
𫪏	口水勿
𬏌	由走己
𬗻	糸工二又皿
𧙽	衤虫
𠗰	冫王人彡
嗙	口亠八冂方
𫴬	文寸竹
𫯵	大立口阝
㯊	木正烏
𦀻	糸己攴
㑏	人宀寸
𩵞	魚千
𫥩	囟五口
𢺛	扌門口口甲一
𤵳	疒本
䀲	目每
𨇍	足夫夫車
𢽙	尸毛攴
𢪲	扌比
𱑛	爿士卯冫
𪂰	鳥广氏丶
𬐎	白卒
𪨜	尺行术
𠽈	口水戔
𠀧	巴三
箤	竹卒
𡔒	土日衣口口甘
𫠯	王廾下
𪞷	出廾
𡂌	口真少
𫎰	赤糸田
𠗣	冫亼冊
𬹸	齒米舛
𤍃	火水每
𡮽	小大辵盾
𦄓	糸白卯儿
𪝮	人言先
𬩄	乃辵八豕
𪢆	口辵者
𦙤	月毛
𧋇	虫厂止
𣈞	日穴工
𨉟	身亼口卩
𤎏	火皿从
𥟌	禾艸凡
𨄑	足勹畐
𩪵	骨婁攴
𢶥	扌水隹十
𤞑	犬回
𨱽	長申丿
𤞩	犬且力
𠔦	另斤廾
𢷣	扌臼牙廾
𫧬	午言者
𧓏	虫耳又从
𤰁	臼牙廾扌生
𥮇	竹丰阝
𪞅	了儿艸厶口
𪳔	朱亼冊
𨑮	辵人十
𠻪	口水火火
𥊜	目言夬
𧵟	貝瓜
𠠚	齒刀
𫦇	分水一亡
洏	水而
𫃚	糸卜
𡂙	口辵尸水牛
𢭵	扌女又力
𪶚	水未心
𠖝	冃兀彡令
𤻒	疒石卒
𨃻	足歹刀火
𤋼	火艸古
𣻅	士口水少
𬇭	水少下
𠿿	口羊我
𠹚	口口貝
𢀫	巠人壬几
𬛲	升至
𪓪	黽口王
𪭸	扌口斗
𫆸	肉八酉寸
𫉩	艸口烏
𩘪	風穴公
𪉥	鹵每
𡔃	土堇隹
𠬒	去骨
𥴗	竹糸了儿
𤎎	火麻
𫴳	彐寸王廾
𦁂	糸人半
𠿴	口石日一寸
𥋵	目立日欠
𢰥	扌艸厶口
﨡	虫生
𤖸	爿主
𪺤	爿另刀
𲎚	王廾十豆十又
𨮍	金亠回禾
𪁵	尸㇕口鳥
𬊊	火王廾
𰇼	口厶大彡
𣆏	日不一
𪁶	辵寸鳥
𩠘	首夕卜
𢗠	心七刀
𨯘	金人亼口口从
𥻡	米眉
𥋶	目亠回禾
𣛭	木者阝
𬕻	竹耳田心
橷	木白北儿
𬡋	衤匚巾
𡚦	女丶
𩻕	魚酉冂儿
袩	衤卜口
𥌎	目雨而
𫅡	羊丑善
𦋦	四十乚出
𤆻	火七刀
𣖙	木羊大
𫃸	糸扌爪女
噋	口京子攴
𣾶	水阝八豕
𫄂	糸竹尹二
㧍	扌方
𬗂	米三耳
𢫑	扌夕卜
𣼽	水良月
𬈰	水了巛止
𢴇	扌幸丮
𫬢	口口犬咼
𪁄	鳥士口
𦹸	艸日十田
𢶐	扌虎豆
刧	去刀
𣌔	日宀夂口頁
𥡘	禾𤰇
𩰈	長彡食堯
𬦗	走己耒
𪒗	黑水冂八木
悑	心甫
𠻀	口行走
𪅩	三厶人彡鳥
𪮈	扌人一口乂
𣹗	水王人彡
𦪼	舟禾𠂇旨
𪟓	刀子日比
𢲫	扌馬
𡈺	圍口貝亼冊
𬠨	虫尹二皿
𦡞	月木木示
𥻹	米艸人木
𫆭	肉辵米
𢸾	扌臼同廾
𫋑	虫王刀王
𣻃	水人立口
鴺	大弓鳥
㫻	日亼冊
𬅳	谷欠門心
𪄸	丰貝鳥
𫿰	宀子文
𬙛	四大冫
𪽛	尸艸廾田
𬂥	束匕
𠿵	口豸艮
𫸬	冂九弓丨
𱲢	米凵八夂舟皿
𤊭	火广示
𢮫	扌女又弓
𫄆	糸石卒
𬹀	鹿艸亡巛
𬚞	丁口耳阝
𩺩	魚四去
𣡚	果束𠂊貝
𣇊	日不口
𦄂	糸帶
𨐿	辛斤斤貝
𤀕	水宀甘八土
𤒟	火禾乃頁
䱒	魚口巴
𫐮	辵亼冊
𢫕	扌永
𢪗	扌人卜
虶	虫丁一
𤻫	疒业土寸
𡭲	少出
𤏦	火丰刀糸
𨠴	酉西
𬨵	辵斤丿之
𬂨	木寸竹
𥱫	竹大長
𥈶	目十冂半
𠽕	口扌一彐止
𢫘	扌卜尸
𠸚	口艸勹口
𤍅	火歹刀火
𤂬	水三石
𬀭	日卜尸
𫴾	小日比
𦝎	水去肉
𦹳	艸今貝
𢱸	扌辵艮
𤴭	疒八
埮	土火火
𧛶	衤行土寸
𠺰	口禾尔
𡮣	小門才
𦪐	舟囪心
𨑜	辵下
𤾟	白言午
𦕟	耳永
䇻	竹尸毛
𬈅	水去中
𠌧	人亼口手
揾	扌日皿
紷	糸令
𲎣	土八夂齒
𬰓	雨宀肉又示
𠫾	去多
𥰇	竹言十
撔	扌日京
𪝕	人分皿
𪝻	人至刀水西
𡫶	宀甘八冫王廾
𡮮	小門心
𫰟	女二月
𤄲	水言堇
𡒯	土艸冃豕
𤁩	水斤斤貝
𡮍	小扌出
𡍟	扌石廾
𦩳	舟者
𪡉	呂竹
𦑃	一日乂羽
𡭕	一小
𫵋	立日心小
𤠅	犬不皿
𪨆	少火田衤
𠓹	人王亼冊
𧞥	衣内口爪女
𫬊	口貝尸㇕口
𠁚	下會
𢮩	扌子瓜
𪄤	大長鳥
𠰚	口尔
𬆄	正宀且
𣅶	日宀
𥱭	竹人長
𫅹	耒田
𬧻	婁車
𬔫	立木四貝
𬖮	米監
𥊘	目宀大丁口
𪤍	土尸廿衤
𤺭	疒竹尹二
𩄓	雨世木
𫔷	門一廾己心
𡅢	口衤木木示
𧠅	西行𠂉日夂口巴
𬦡	足竹
𡅐	艸令善
𠳝	口不口
囒	口艸門柬
𠺹	口艸大弓
𫥜	冫令卒
𠸄	口艸冂大
𤏨	火禾乂𠂇巾
𪔚	十豆十又同
㺔	犬爲
㙁	土每
𢹥	扌厂日月犬土
𠇍	人心
𥇁	目人主
𣌂	日豕者
𩽗	魚王矛内口
𬋼	父羊永
𪦓	女目民
𬬃	金白巾竹
𡃾	口木业大
𢟞	心冫東
𨳱	午門
𡡧	女矢口日
𤗲	爿三厶人彡
𡄪	口口虫隹
𪷶	水爪幺大令
𥢳	禾水者
𢠦	心堇
𩳳	鬼來
𫜹	彐
𢶽	扌阝爪臼
㕪	口冂儿
𨇘	龍足
𡃘	口言火火
䔲	艸癶豆
柪	木幺力
𨀾	足水女
𱒚	口一口乂
𬉊	水耳口王
𣛠	木四貝
𨭺	金木木示
𪚤	龍亡月王
𠑉	人谷辵艮
𤘂	爿艸四冂夕
𣎏	圍古𠂇月
蒣	艸行余
攊	扌厂禾禾止
𱮆	犬衤刀
𣐲	木口丩
𢲲	扌良阝
𡥵	子日比
𫄕	糸田止匕糸
𤗹	爿釆田
𣼰	水王廾心
𤥭	王車
𣉐	日辵术
抸	扌丿之
𫻂	女又心艮
𠶜	口牛巾刀
𫺼	心爪丨臼
𫕖	阝丁口口今
𪤻	多皮
𧖐	虫監見
䈵	竹公羽
吘	口午
𨡧	酉爿犬
𠊡	人羊儿
𠵋	口白工
𤿱	另刀皮
𤀒	水亼月刀心
𨆥	扌口貝足
𦓊	耂會
鈙	金攴
𧋾	虫口巴
𫤓	人匕頁辵艮
𡅷	口言羊我
𥸁	竹堇隹
𥇸	目丘山
𩠴	首會
𫔮	門月
𦀹	糸木寸
𪿁	立申手目
𥺾	米止月
𢢉	水艸𠂇口心
𤟛	犬象儿丶
𩄑	雨十冂半
𡆙	口言象比象儿丶
𢭜	扌士冂几
𦟶	月米卜口
㰁	木三石
𡀰	口人山隹
𪁳	呂鳥
𠰺	口人弋
𩩬	士冂一几骨
𥟹	禾几一口乂
㳌	水甲
鱙	魚堯
𢷯	扌匚三口大
𢘮	心立
𡶀	山内
𡵉	山兀
㧼	扌表
㜥	女四貝
𢯔	扌舌刀
𪣾	土厶月比
𫃰	糸厶大三
𤅧	水廾日虫虫
𤆸	火心
𣈙	日人歹刀
𧓆	虫人專
𫩍	反雨田
𤺴	疒幸卩又
𢯤	扌日匕卩
𢡿	心門木
𢟎	心行走
𥚅	示乚耳
𬩐	辵甬出
𥻸	米四本
𥒮	石尸毛
𤗤	爿工貝
櫗	木艸四戈人
𪞸	囟午
𡻗	山真
𡻓	山人立口
𡚃	金屯大
𢯜	扌糸卜
𤂱	水禾丿刀人水
𫼩	扌䒑巾
𠳗	口士冂几
𢴜	扌白⺍儿
𡓄	土艸辵夂丰
𪦟	女子於
挅	扌乃木
𠶊	口土皮
𪭃	心雨丿田皿
𠒷	先人言
𣜰	木广兼
䁘	目爪缶
𪨚	尸并主
𣈖	目廾扌
𣅘	日一丂
𢳳	扌山亼冊
𫸉	广予辵土羊
𡅨	口竹𠂊厂八言
𫯐	多本
𤐡	火土鬼
嵿	山丁頁
𥗳	石宀夂口頁
𥮉	竹甫
𫮂	土广由
螉	虫公羽
𩊾	革甬
𬩕	辵咼午
𱣜	木扌厂卩
𦚗	月匚巾
𪹜	火广車
𪭥	扌𠂇工
𢫝	扌夂冫
𪵦	立日气
𩚵	食甘
𥞖	禾用
𦪵	舟竹其
𤳧	呂田艸廾
𨃐	足艸厶口
𩤕	馬表
𫃀	米宀女
𫃩	糸女丑
𤒴	火水日幺幺火
𢏿	弓宀夕卩
釖	金刀
鐄	金黃
𬁀	氏日少
𥬧	竹人上
𧦔	几言十
𢷮	扌业土寸
𢲨	扌水每
𦟂	月辵米
𢠄	心山宀示
𩺺	魚白匕旡
𣵲	水人半
𣖖	木扌土寸
𫯰	夫千田土
𢂰	巾𠂊尹
𪮍	手甘木
𢘭	心用
𡀷	口辵盾
𨀊	足乃子
𥹀	米心
𠷦	口象儿力
𣘌	木示口儿
𢩮	扌弋
𤃠	水食爪女
𦄃	糸扌斤口
𥂉	屯冫欠皿
𡄨	口山女束攴
𪰓	日干八
埁	土山今
𤳰	尸毛尺一田凵
𫀥	亠乂凵禸廿日
𢜝	心一中彐
𦞍	言十肉
𫓆	金十甫寸
𫼴	手呂
𫥛	冫三口木
𬗽	糸田木寸
忊	心丁
𦹶	艸木貝
糆	米面
𬜊	舌貝刀
𢜢	心行皮
𧋃	虫才子
𠿲	隹口日一
𠻼	口艸豆
𣓆	木爪壬
𧿆	足巳
𡱩	扌丿七尺
𠞛	戶羽刀
𦛍	月再
𬳚	首扌足
𧽇	申丿走己
𨐸	辛癶豆
𬦶	足至刀
𫢍	斤人
𩭜	長彡口欠
𬀶	日生刀
𥿁	糸王
挭	扌一日乂
䌌	糸羽白
𡉽	土宀
𤻏	疒臼工殳
𢺓	扌雨水爪壬
䃹	石門柬
拪	扌西
𡊸	土戈𠂇
𣌛	日一三又木頁
𫥯	尺丶田凵尸毛
𬍍	犬者十冂半
𫅰	非心羽
𪸁	水广廿又土皮
𫁔	穴工匚王
𢜜	心虎
淁	水立女
𩅻	雨水者
𣼱	水人禺
𫺽	自心亼卩
𲃪	足文寸
𧺂	者見赤
𩅘	雨辵束
𢩧	扌乙
𢭻	扌口欠
𤴪	疒几
𢥖	心齊示
𣇜	日貝
𨰲	金監見
𥢉	士冂禾朿
𡀠	口人𤰇
𠼼	口艸爪子
𠐬	人禾乃頁
𣘈	朱亼冊
𨷯	門臼牙廾扌
𠛌	冂儿刀
嚛	口白幺幺木
𬛘	月八酉寸
𬛒	月水者
𥉲	目尸廿衤
𬷊	鳥瓜
𩠔	首毛
𡫨	宀必山見
𢪮	扌木
𪜾	人且力
𠼴	口匕頁
𬞚	艸石卒
𬧇	足水爪女
𡒮	申昜土
𨦁	金人士
𢵉	扌貝丿之
𢚹	心日丂一
𬆅	尚正
𨁬	足人申
𠔮	兼凡
𣎷	木乙
𢒎	冃兀彡
𬙖	四下
𨕭	上辵車
𧎝	虫廾天
𧿐	足千
𤮒	瓦尸婁
𠝕	刀日比
𧿫	足斗
𠷥	口京丁
𬺗	立申下
𤇮	火丿之
𠾔	口禾公儿
𣘁	木丁口丁口
𡃋	亼冊口貝
𫊔	艸者歹刀火
𡮓	千北少
𥶯	鬼竹由
𬂇	月王刀王
㧵	扌不口
𢪱	扌勿
𢖕	行幺夂婁
𪩬	巴竹
𩚧	食戈
𠅎	亡失
𦨑	舟才
𪽸	疒走戉
𦚔	月刀口
𥗎	石禾𠂇旨
𨅾	足三木
幍	巾爪臼
𢢲	心艸世木
𤢫	犬百奔
㘃	口艸𠂇口心
𪹰	火文隹
𣞃	口木匚三口
𥶂	竹其多
𨄟	土隹足
𩷶	魚艸亡
𩳴	鬼土土卜
𪸯	火爪女
𪡭	口酉己
㳹	水木王
匬	匚亼月刀
𪬲	分心心艮
𠜏	口巾刀
𢶶	扌立日心
𧁴	艸亼口口从刀
𥊗	目水火火
𢶻	扌艸風
𣠘	木竹白⺍十
𪸟	火夕卜
𬛎	肉冂隹
𢭫	扌阝一兀
𪬫	立日心竹
𫢵	人氏丶下
𨘗	辵业土寸
𦵙	艸水女口
𪷄	水月公儿
𠽇	口水白工
𣄇	方亼冊
𠽛	口阝今云
𨠉	酉心
厔	厂至
𩆡	雨辵爪缶
𪂱	鳥卜日十
𦟍	月艸亥
𦜀	月口犬
𢹨	扌糸三厶人彡
𣲍	水兀
𪉾	鹵每攴
𤼓	疒艸監
𪰃	㫃其半
𥧪	王廾穴工
𪾋	二又皿
𬆃	正水巿
𪽖	冄阝田
𩮔	長彡冂車
𫡭	土里乙
𢴞	手四从
𨖼	辵丿四从
𩙻	乙冫非非心
𥑶	石耒
𨮈	金立日欠
𠴑	口艸女
𣑴	木水工
𫜵	爪
頺	禾乃頁
𢰽	扌𠂊彐心
𩅀	雨幸丮
𦚖	月丿之
𪯛	方攴丰糸
𪁴	鳥谷
𣼯	水土立口
睈	目口王
𥃚	立日舟殳皿
𢚶	心爪女
𣠰	木竹門日
𨃏	足人彐冂又
𫃉	西米屯
𤺯	疒門心
𫮹	土艸一火日小
𬎸	臼儿生
䘜	衤巾
𤽸	白爿士
𫤠	先日比
𧦖	言丿屮
𡱶	尸呂
𣗱	禾刀木下
𣟂	木宀艸見丶
𦠯	月門木
𠸥	口言十
𣎞	巴月土八夂
𠽀	口人禺
𠳨	口每
𤑉	火臼牙廾
𪔡	貝十豆十又
𫥣	兼丿几
阦	阝火
𣭃	圍人毛
𥱬	竹言己
𬍄	犬麻
𥿂	糸心
𩹹	魚隹又
𫐽	辵米少
𫗁	几二辵艮
𡂅	口山囟八夂
鴂	夬鳥
𢉽	广木古
𩕳	宀心皿丁頁
𨤵	里水火火
𫇶	艸再
𧒅	虫貝丿之
𠼷	厶口十戈口
𢝜	心京丁
𪱡	月人示
𬜜	舟禾丿刀人水
𢸢	扌竹彑豕
𠤩	四厶月比匕
𩻻	魚一火日小
𠁑	帶下
撁	扌亠幺冂牛
𦕳	耳耂
熣	火山隹
𪣱	土立竹
𥺺	米山立
䨔	雨光
𫡌	中中龹卩
䳧	鳥人龴矢
𬳕	首竹
䁛	目鬼
𣗓	未者
𫋩	虫見燕
𫺴	亡心口月
刦	去刀
伵	人四
𥿀	糸日
䓊	艸五口
𡏟	土爪缶
𨇉	足山一火日小
𬇅	毛匚三口
𠸼	口辵一力十
𤈤	火勹乂凵
𪵤	气丁口
𠻷	口王見
𥌦	目夫夫車
𫃔	米卜口龹卩
𧍊	虫厂土土
𬒼	示乚多
𨹬	阝呂
𣖝	木艸人士
𫱏	亡女艸廾
𨀑	夕卜足
𠦩	十木攴
𢲮	扌耳止
𪮦	扌行日一寸
𢤢	心土八土丮火
𡀇	口艸千田土
𨁝	足十冂子
𡾫	山禾乃頁
𦟻	月匚艸𠂇口
𪇌	鳥曲辰
𪟦	田力隹
笣	竹勹巳
𪸔	火止
𣵮	水丰阝
㕸	口立
𢯮	扌田月
𦨜	舟戈
𧎛	虫穴犬
𣎊	月眉
𦢳	戶月爲
猚	犬隹
𦓅	耂艸人木
𬈋	水二又皿
𨱪	長丹丶
𨔊	辵卒
𫡔	竹一亡
𪱮	亡月王工貝
𦂾	糸辵失
𢷂	扌歹又米
𫆿	田月辵米
𫌄	衤厶大三
𢯠	扌水皮
𧘸	衤屯
𤾰	白匕矢龴疋
𣦰	厂禾禾止一口乂
𬩍	辵多米
𦼛	艸走人彡
𥉸	目臣又土
𪿄	目竹立申
𤶺	疒口欠
𫑺	酉㠯一巾
𬲄	几二穴公
𥬉	竹勹厶
𧢑	見門日
𩟂	食辵咼
𤒠	火者見
𪹷	火日甘衤
䠏	足癶天
𨃋	足䒑巾
𨴦	又丰門
𤟂	犬亡月
檒	木木風
𨅰	足木了口又一
𠻉	口辵舌
𤔷	乃又皿𠂊尹
𮬩	心鳥
𪾭	目木木
𪬪	竹亼月刀心
𠳑	口扌匕卩
𫱩	女又广廿又
𫶾	巾人
𥙪	示乚半
𫾝	麻手且八
𫘃	香立日欠
𩵿	魚卜㇕
𠁙	不言乍
𧔚	虫穴身弓
柆	木立
𩕆	立日十頁
𤸨	疒兆小
𫑽	酉疋束
吔	口也
𨯛	金艸阝今云
𦭦	艸主
鈢	金木
𧐻	虫土隹
𬱍	巛頁於
𦍛	羊永乚
𦇮	糸金千田土
𢇢	广山
𠺱	口工凡心
𠺲	口扌辰
𠴤	口土心
𨌀	車耳
𩅹	雨水眉
𫪸	五口四
𠈋	人戈𠂇
𤓢	火日衣口口甘
𡂲	口天上人歹刀
𥉫	目立申
𡃓	口扌釆田
𫈨	艸田介
𬢀	斤欠見
𡃊	口禾𠂇旨
𫧣	十冂半竹
𫇰	艸丨日
𥸒	竹日衣口口甘
篘	竹勹屮勹屮
澾	水辵土羊
㯿	木巛囟釆
𤮠	瓦艸冃豕
𥉩	立申目
𡆗	口辵四糸隹
𨇑	足四厶月比
𫈜	艸水由
𣼮	水是匕
𫤏	人匕頁辵匕卩
𥯒	竹十戈口
𪠺	口扌丮
𠼵	口人京丁
膁	月兼
𠴠	口亼内
𫊿	虫公廾
𬛩	臣卜十冂半
𪅨	禾多鳥
𨨤	金心去
𩈘	末面
㗙	口勹屮勹屮
鵉	亦鳥
𥳅	竹辵言
𪺘	𠂊尹卜貝
𪽏	田令
𤭵	瓦立日
𪬏	心香
𫁧	立行土寸
𫫺	口耳由丂
𬷎	𠂆口鳥
𣱭	气亠回禾
𪡿	口月巠
𥸷	米欠
𢷁	扌月十冂半
𦅰	糸西日十
𫐹	辵眉
𥅿	目扌丮
𫒬	金人多
𦪨	舟足一口乂
𫷞	𠂉㐄非心
𨦀	金口丩
𠶤	口尚
𤬈	人龴矢瓜
𤮗	瓦足夂口
𠸒	口人口木
𥧩	穴糸内
𤯱	大丁口生
𥻠	米目少
𡮋	小木攴
啺	口昜
𪾦	目卜尸
𨫅	金人亼冊
𢱒	扌羊大
𦅱	糸虫朱
𣦛	人尚正
𦊚	四本
秥	禾卜口
𣈘	日广卜口
𥜀	尸毛示且
𪨐	尺冫太
㵣	水日勹亡欠
𦤰	自犬今貝
𤡌	犬門一力
𠻊	口广廿巾
𡌢	土今口
𨀤	足耒
𡭺	少而
𤞖	犬耒
𨗊	辵者阝
𦗝	耳車斤
𣐆	木七刀
𫫀	口立丁口
𬛕	來戶月
𪟅	冫夬刀
𠴎	口水丿大
𠯋	口八丂
𫲤	刀口子
嚂	口監
𦝅	月人刀心
矑	目虎田皿
𦡬	月亼一乂凵禸
𪁆	鳥𠂆口
𢶹	扌日立日
𪸽	火人至
𫻔	心貝戔
𡮄	小宀夕卩
焩	火朋
﨏	土谷
𠓇	光良月
𪆣	日京鳥
𬩥	辵豕來
𩺯	㫃矢魚
橬	木旡旡日
𢂜	尹布
𣳢	水夕卜
𪬡	心二又貝
𥊣	尚直
𡺥	山禺
𦟪	月辵車
𢭾	扌艸凡
𢳆	扌敖
𣙙	木束攴
𥒦	石土也
啌	口穴工
稴	禾兼
𫣂	人乃又皿
㖺	口廾日
𦛼	月斤廾
𦟏	月广車
𤮞	山鬼瓦
𡄬	亼口云鬼
𡄁	口广亠回禾
㖹	口分皿
𤞦	犬每
𠸘	口人谷
泑	水幺力
𡥚	子丁口
𨧆	金不口
𥭶	竹艸亡
𣆯	日行
𥸠	竹骨曲豆
𤺲	疒尚攴
𨀽	足口巾
𤻼	疒魚日
刟	刀口刀
𱏰	光雨田
塳	土辵夂丰
𢱘	扌立厂彡
𪤿	多土里
𤶏	疒光
𨇵	足堯多
𡆞	口鬥卯亞斤
𤑟	火魚日
𤏧	火竹亼口
𬕹	竹立申下
𦣎	月堇隹
𢙔	心示乚
𦮲	艸示乚
𢠧	心囟八夂
苭	艸幺力
𬑵	半矢豆
𱞋	心卜尸
𨇗	足厂禾禾止
𣰳	毛竹立申
𦟑	月人大丁口
𫯨	尸毛天
𪥔	穴工大
𤢗	犬雨田
𠷇	口㫃也
𩄲	雨辵米
𬖆	竹立申王廾
𢥷	自心匕矢龴疋
𨘘	尸毛辵束
𤮾	兀甘
𣙫	木竹立
𨅻	足穴牛口
噒	口米舛
𩖅	婁攴頁
𡅬	口心衣四水
𨡨	酉其
摙	扌辵車
𣄒	於才土
𬏡	疒戊
𦃐	糸又丶虫
𬵿	魚艸門柬
𤚧	口丿七宀牛
𨧰	金千北
𥴘	竹女甘木
𧹿	赤人旡旡日
𣈜	日日一寸
𠻒	口厂大申
袏	衤𠂇工
𬀛	方齊
𤊧	火直
𠶥	口穴弓
𩸯	魚叕
𣷰	水山石
鶮	京口鳥
𪧾	彐寸山隹
㦄	麻心
𧃷	艸虎隹一丂
㗴	口門月
𢶸	扌亠回禾
吀	口千
嗗	口骨
𡈡	圍糸夂冫
𪃍	禺鳥
𫣚	一口乂來
𬦢	足門
𪤺	多一亡
𣌌	日生彡頁
𥐒	矢豆骨
𧗅	血甘木
𩁦	雨田隹又
𫅚	羊大禾彐
𬠼	歹刀血
䗊	虫火火
𬪪	酉酉
𥕄	石土里
𪠱	耳又去刀丶
𱥤	毛立申
𧞤	衤艸隹又
𣔩	束布
𫖄	人叚面
𬁻	月耒
𣋚	日立日欠
𬉌	水口真
𠉝	人扌卜㇕
𡿅	山禺頁
𣭛	毛丿之
𢬿	扌戈廾
𫮒	土石皮
𫬱	口辵萬
𪅤	臣又土鳥
𨖲	升辵車
𢊫	广土立口
𠺺	口木土土
𢃉	巾另刀
𣺼	水尚儿
𪷡	水虫口勿
𫊐	艸古堯
𠅐	失亡
𥑴	石衣
𨲷	長亠回日一
𢹊	扌火立日戈
𣹓	水艸厶口
鏓	金囪心
𡍞	土天心
𠦻	半土八夂
𦠴	月王王今
𫑃	辵鹿木
𤿰	王廾皮
𧤹	扌隹角
𦚐	月它
𧅭	艸日十艸冃豕
𠝼	甘木刀
𦰣	艸人氏丶
𦣗	月食堯
𥢆	禾厶卜貝
𪦆	女石之
𨫵	金圍戈口一
𦡤	月水隹十
𦟗	月又隹
𠦳	立厂彡千
㖠	口大示
𬖏	米口
𡳛	尸米士口
𧼋	走豸
𢱝	扌艸出
𤝫	犬冄
躘	足龍
𦠵	月阝八豕
𡄩	口豸艮心
𬴚	京口宀示
抋	扌心
𥊖	目土隹
𣷳	水广氏丶
𠿳	口广兼
㮿	木畢
𢀬	巨良月
𢺁	扌西行𠂉日夂
𫾌	土刀手宀必
𧂄	艸門𠂊臼
啚	口十回
𩯮	長彡水廿内内
𬩇	辵力羊大
𥘀	石日宀口口甘衤
𫉸	艸丁口丁口欠
𫗸	首廿日
𥺿	米大丁口
䈫	竹糸内
棦	木𠂊尹
𫉓	䒑巾東
𬵎	魚圍巾
𫦬	九且力
𨄵	足心卜日十
𪁇	了儿鳥
𠄼	十冂半五
𠶆	口辵人十
𬦃	者乚赤
𬲃	几二丰糸
𫙌	土土卜鬼
𥑲	石日一
𡣨	女艸去皿
𨃷	足示口儿
𡝦	女爪子乚
𡯀	缶木木冂鬯彡小
𦣙	月日宀口口甘衤
𡉏	土巳
𦀑	糸文刀
𱳆	鬼目
𦼨	艸丨日貝
𡮭	巳巳艸廾小
𣋆	日門王
𬋆	火柬竹
𡬷	貝刀寸
㩞	扌火火冂木
𬱹	几二北
𫥮	囟同⺍廾
𢟛	耳心丨弓
勑	來力
𠰭	口卯
𬋚	火勹巳釆心
𦡣	月亠回禾
悞	心吳
𡢼	女艸勹甫
𨀹	足水工
𬎻	文厂生竹
𢹪	扌米三厶人彡
𪫓	行尹二竹
𢯧	扌爻攴
𥃱	目人
𫏠	足監見
𩆷	雨从戈韭
𧋆	虫耒
𪹣	火虎业
䁩	目魚
鉷	金艸廾
𡞖	女广氏丶
焾	火今心
𥺆	米口王
𦡦	月艸千田土
𨀋	足人士
𧵑	貝古
𨣥	酉爪冂心夂
𡓡	土匕禾頁
𠺠	口立申
𣊎	日幸丮
𠱓	口𠂊厂卩
𫆮	月子丿糸
𢚵	心豸
𥭍	竹小大
𫊁	艸水尸雨
𩮕	長彡人彐冂又
𣱰	气从戈韭
𠄀	爪子乚丁一
𨆏	足辵八豕
𫼿	手己攴
𢘝	心尔
𠮿	口山
𡋦	土百
𨊋	身四貝
唋	口余
䆰	穴匚三口
𪜢	亠丨日
𡂁	口心千田土力
𢴐	扌禾多
𦁽	糸日王
𫘀	香敖
𧳘	豸今口
瀂	水魚日
𠱌	口弋二
𩹰	魚卜貝
𫑌	辵咼水丶
𬈞	水先心
𢫫	扌尹二
𦢉	月宀必虫
𡅏	口示曲豆
𱶭	禾艸監
𬜇	舌言
𡓯	土金千田土
𫣣	人石日一寸
𢲟	扌宀辛
𬟜	歹刀火艸者
𥕥	石匚三口
㖫	口土八夂
𬗜	糸千廿
𨒻	辵文寸
𬲑	食九日
𦆟	糸艸冃豕
𠸬	口人彐冂又
㹟	犬夬
𣃤	皮方
𪱟	王刀王月
𦀖	糸去力
𣍅	表曲
𦝆	月爿木
𫴿	白勺小
𡏽	土羽白
𤷂	疒月巴
𫁰	竹卜
䟘	足亢
𪱨	月立申
𥴜	竹言刀口
䐭	月帶
𧋽	虫艸亡
𢄯	巾每攴
𠀨	下及
𣞊	朱八酉寸
𧷺	口貝亼冊
𡂉	口扌斤言
𤔛	耳又爪
𦳙	艸至攴
𠰁	口一亡
𪡚	口⺍生
𫡝	乃是
𩜫	食木攴
𬓛	示木木示
𥩰	立巨
𢆁	巾竹广兼
𤔻	艸四冂夕爪
𥵿	竹艸冃豕
𥊞	目圍戈口一
蒥	艸卯田
𢟖	心水彐冂又
𪷘	水牛巾刀手
𧏵	虫立申
𢪰	扌歹
𪤽	土八夂多
𫽺	手日四又
𪴏	木子日四又
惀	心亼冊
𢠨	心每攴
琜	王來
𬩟	辵咼夕卜
𫂗	竹辵米
𧸒	矢豆貝
𢫣	扌北
𨃫	人至刀足
𠓅	光艸宀木
𥧎	穴香
𨃉	足行土寸
𨰈	金艸勹口攴手
𬟵	虫丿几
𥍛	目山口口厂敢
𩸳	魚木攴
𬁄	日十土欠
𢠅	心廾臼
𦝥	月千臼
𩠩	首爻攴
𬰖	雨臼儿艸四冂夕
𢝙	心不皿
𢵳	扌三木
𩡋	香天心
𬉣	水食余
𬰘	青丘
𤫿	余瓜
𩩖	骨王廾
𪅫	土戈口一鳥
𪡥	口水艸廾
𢟗	心水日土
𨖨	辵禾多
𫛐	圍戈口一鳥
踷	足者
𥝎	禾乙
𠵘	口門
挄	扌光
𩸮	魚廾扌
𢵮	扌矛内口
𢵻	扌水者
𤒚	火水曲辰
淎	水廾扌
𬗩	糸石斤
𢠆	心辵甬
𢬧	扌𠂉㐄
𡁎	口臼牙廾
𦞁	月十戈口
𫡂	兼並
𥽎	米女兼
𪿸	三石竹
梞	木己心
𣡓	木竹監
𩼨	魚匕矢龴疋
𠡎	日一力
㾿	疒良阝
𫽭	手口貝
𢖀	行尹二中中
𠾣	口三木
𣛡	木宀禺
𦲾	艸水去
𫯇	士尸辵土羊
𡮉	門小
𣭰	厶牛毛
𧖦	每䜌虫
𨃾	禾尔足
𩢬	馬卜尸
𫗃	几二亼月刀心
𦁣	糸子瓜
𧟝	衤金目目隹又
𨁱	足尸毛
𬵘	魚艸几二
𥋳	目山鬼
𢱐	扌女兆
𣹟	水工貝
𬝴	艸文隹
𩻟	魚爲
𠤌	勿言者
炩	火令
𥮈	竹人屮
𫂋	竹甘木
䋥	糸里
𠵽	口水去
𢠇	心言午
𩻒	魚竹立
𦤾	至日一
𠍣	人扌非
𠹱	口水巨木
𤞓	犬先
𡮨	四貝小
𨳒	門小
𫦵	宀丁且力
𥈵	目柬
𠲡	口女子
𢶷	扌角刀牛
𤀚	水艸門乂木
𫑏	冄阝辵豕
𤛇	牛真
𧎜	虫尸至
𢠪	心四土土
𠶛	口京
橯	木火火冂力
𬗆	糸子乚
𤐜	火山鬼
𬡹	西人白
𫸈	广辵米舛
𢵩	手阝八豕
𠏳	千田土人厶人
𢬨	扌水女
𬝮	艸米斗
𤶜	疒爿士
𢯢	扌戶斤
𨅀	足米立
𥯌	竹矢口
𫐿	辵束毛
𤝞	犬术
𫆧	月行尹二
𬈢	水立卯
𦷨	艸人木十又
𫉮	艸立日欠
𣠕	未豕者
𡮷	小臣又貝
𦒮	龍羽
𠽔	口疋束
𪸧	火口巾
𪾁	白水去
𧍝	虫帝
𨁧	足山内
㕭	口丿大
𢀧	巨亼冊
𥐋	矢豆艸乂
𫔤	門文扌
褠	衤甘冄
𡪇	宀丁人丨夂彡
𣱆	戶氏
𧥇	角山鬼
𢚽	心水丁乚㇕
䀩	目夂口
𥩍	穴牙魚日
𣾺	水門一廾
𨅼	足艸來
𪮔	扌水夂口
𫘶	丘京口
𫤑	人戶冊隹又
𢵼	扌走戉
𢣀	心石日一寸
𢲤	手京口
𥖩	石會
𨃹	足水良
韈	革艸四戈人
𬔈	穴由
𫓒	金曲辰
𨮌	金予頁
𨓑	上辵匕卩
𫄓	糸黑犬
𫐂	宀婁車
𪩨	𠂊四冂夕巨
𢪷	扌目
𦀎	糸歹刀
𤉕	由𠂇火
𧍍	虫來
𠍦	人二又貝
𨁎	足口王
㭳	木耂子
㺗	犬口口甲一
𦄻	糸貫
𡤔	四貝女厶口
𩙍	風亼月刀心
𫐝	辛言亥
𧍈	虫广卜口
𡳒	尸毛一田凵
𩂶	雨歹刀
𦾢	艸木甘匚八
𩛜	食文寸
𥐈	矢婁攴
𤠋	犬婁
哰	口宀牛
𡂳	口三石
𤌅	火阝夂㐄
𡓮	山鬼从土
𫻜	勿心肉犬火
𧤁	角土八夂
𬂑	𠂇月文厂生
𤊰	火亦又
𤊪	火二扌廾
𫷚	干八朋
𫴷	彐寸三石
𧹰	赤香
悜	心口王
𢣆	心山京口
㧯	扌耂
𣟪	木耒辰寸
𬍌	犬勹口口口犬
𡣄	女水弓冫弓冫
𢱓	扌水先
𩩫	骨昌
𬚺	肉冫欠
𪬭	心夬爪尹
𦀊	糸大弓
𡳢	尺者阝
𢳠	扌艸犬廾
𧋘	虫八弓丨丿
𨃵	足朕
𡅍	口糸堯
𡦶	子瓜鬼斗
𧑐	虫矛内口
𨷈	門萬
𠶔	口心又土
椲	木㐄口㐄
𥇷	目山石
𫠢	上丁
𪿍	矢口另刀
𬋳	爪幸卩又
𰇮	及亼口
𣺺	水行走
𪝈	人爪冂又
𢠈	心分貝
𤂨	水木艸日大
𨨫	金爪木
𠙣	几四去
𥋸	目雨田
𣜻	來辰寸
𣌋	日亼口口从欠
𬉎	水月千田土
𩂑	雨几二
𫣙	來一口乂
𡮗	辵少不
𥁷	水丿之皿
䓔	艸耂子
𬙿	善口月
𨳦	門又又
𣜱	朱山亼冊
𠵨	口日一寸
𧐿	虫山宀示
𢚁	心己心
𢱞	手艸出
𠼯	口言午
𫜗	麻人歹刀
𧀟	艸厶口乃又皿
𪪩	王廾广廿火
𦄾	糸业大
𣈰	日䒑巾
㹭	犬申丿
𠴫	口上小又
𫇖	舌文口
𥌈	目監
𤮟	瓦土鬼
𥵖	竹月田心
𬯩	阝丁口束𠂊貝
𣙦	木疒土寸
𪷃	水二又見
𪦲	女厶口四貝
𨂙	足京
𪯼	方齊
𡋂	土𠂉㐄
𥯍	竹木攴
𠲥	口示乚
𦛊	月才子
𢶾	扌矢隹
𠸜	先夕口
𥚤	示乚余
𫈃	艸犬王
𬨖	辛乙
𡳜	尸毛禾子
𩹭	魚扌土寸
𨄙	足鳥
𩛃	食瓜
𬆒	歹刀竹
𡣻	女辵艸車
𠲢	口口巾
𫢼	厶口人弋
蜅	虫甫
𠽘	口未宀口
𠿯	口山鬼
𠲺	口山及
㵧	水艸日勹亡
𠎩	人非心
𠖯	冫乞
𡍛	土爪壬
𥻻	米糸内
𢣈	心巛囟攴
𦃀	糸行土寸
𫌠	人本見
𲃟	足會
𢮬	扌出小
𥠭	千田土禾
𬉝	水爪幺大夕卜
𤽗	白卜丂
𠄶	人壬五
𫺲	月多心
𠢟	且力扌丮
𪭳	手艮
𪡦	口疒卜了
𦹱	艸貝斤
𤈡	火山兀
𪹾	火宀肉又示
𣖘	木糸工
𫵊	少糸士口
𭆺	口干
𫴲	彐寸冄阝
𬠳	虫艸四冂夕
𥚯	示乚日勿
𧐽	虫水火火
䊷	糸才
𠵐	口心去
𣰵	毛龍
𨕀	辵气矢
𡐯	土厂頁夂
𪵚	毛亠幺
𦬻	艸女又
𠲟	口人牛
𣮮	眉毛
𤻔	疒艸者
𪽞	立申田
𫸱	弓示乚
𦎛	羊女司
𪱕	日耳又竹
𡮠	尔眉
𣙮	木齊示
𠎴	人尸毛布
𨮋	金亼月刀心
𬏘	田艸廾艸四十乚
𤄰	水立厂彡頁
𪟳	午竹
𤻎	疒木木示
𩂄	雨屯
𬮎	羊大門
𫑋	辵束厶牛
鐷	金艸世木
𤑮	火艸日大手
𡇻	圍卒
栍	木生
𫫑	另卒
𢙲	心呂
㮩	木自心
𧛊	衤廿日
𪰤	日水女
𫅴	耂女又
𪥞	羊皿大
槣	木宀大丁口
𠴞	口人半
𢆧	幸木攴
𥻽	米犬士口
𢦄	心隹言隹
𣱬	乂𠂇巾气米
𫶱	工丂艸日十
𫯿	夫門一廾
𢤝	心竹戌口
𣆱	日才子
𫠸	上水小月
𪠉	厂止竹
𫏙	足扌爪女
𪨄	少分貝
𨖅	辵良阝
𢮀	扌衤刀
𱪤	火兀
𫧪	升曲辰
𦓡	麻而
𣋑	日艸世木
𠹌	口厶月比
𡮸	巳巳艸廾小大
𨧝	金人日一
𡗐	艸四冂夕巨
𤯶	二扌廾扌生
𫄈	糸艸水夂口
𣋃	日倉刀
𬌓	爿心
啂	口爪子乚
𨩠	金少目
𢩿	扌士
𪺖	爪宀㇕皿丨
𦡡	月石日一寸
𧰜	虎豆千田土
𫯩	奔天
𠎨	人糸亼口
𠶀	口冂八木
𪾝	舟皿米凵八夂
𡐚	土魚
𦓉	耂足夂口
𣙩	木山宀示
𪽅	广氏丶生
𥈰	目水艸廾
𠶑	口米凵
𥌫	目竹彑豕
𬳘	首小月
𡄎	口金白巾
𤝋	犬文
𫤩	内彐夕
𫃶	糸水夂口
𪶩	水厶口心
𤌣	火西木
𪱘	曲月西女
𣉍	日田衤
𣰴	竹立申毛
𠺼	口米欠
𫪹	王廾古
𨄴	足幸丮
𥱮	竹扌爪女
𥋺	目宀爪臼
𠠊	网山刀二日
𦝍	爿木肉
𡮵	尚千田土
𧊕	虫戈𠂇
𩿨	丘鳥
𪿱	石舟皿
挒	扌歹刀
𨉠	身扌半
𢅬	白巾真
𢥪	心堇隹
𠌦	人糸内
囕	口監見
𦋕	网行皮
𡆌	口馬丿大口冂口
𫾆	扌宀禺
𠊝	人弋厶口
𥶄	竹女束攴
𠽑	口豆十又
𩆋	雨扌爪缶
𨎠	田夂口車
𬔔	穴工立申
㩃	扌宀甘八冫
𢹆	扌言比白
𥴚	竹自⺍十
𡃛	口言羊又
𥰄	竹艸勹口
𧘪	衤牙
𬥬	分貝文隹
𢭑	扌丿七尺
𢯗	扌禾子
𪻃	犬行尹二
㕰	口毛
𤹪	疒匚三口
𧧯	言光
𪖫	鼻每
𢆨	木夂幸
𪷔	水殳人多
𥗏	石火火冂玉
𤉇	火吳
𦠳	月尸三子
𦗽	耳疒白勺
𣉸	日言己
𱳍	目足夂口
𤏪	火火火冂力
㛎	女呂
𣟮	矛木囟八夂
𬀦	一乚日
𨆺	足水西示
𠽦	口水戌口
𣒾	木艸凡
𬞷	艸言犬王
𡉦	土午
𱢎	日衤刀
𬰢	宀必山面
𠱤	口耒
棿	木臼儿
𫲎	女艸日大心
𬆈	正人尚
𬛠	了月食爪女
𪨅	小矢隹
𪿙	石𠂇火
𤷮	疒行主
𫮷	土里立口
䐗	月者
𥚇	示乚舌
㩫	扌斤斤貝
𢲥	扌金十
𦟋	月人立口
𨠵	酉光
𬩁	辵十又另刀
鎫	金宀乂八夂
𫤎	人匕頁行正
𫺎	心丰阝
𠅻	亡水口月
𥾛	糸七刀
𩻹	魚十日十月
𣲠	水歹
𦝈	月日厂人
䖴	虫兆
𣜸	木日冂車
𤀓	水示彑
𧿳	足弓八
𫮥	土隹及
𪱴	木女
𤭚	瓦牛口
𬷞	木木鳥
𤬪	土瓦
𢆫	𠂉㐄止戌㐄
𠾕	口阝八豕
𫅟	羊大宀一兀攴
𢁑	巴束𠂊貝
𤋻	火水𠂆从
𠞢	王刀王刀
𫤍	人王言亼冊
𫮇	土石从
𢭶	手尸毛
𣘊	木行走
𫆽	了月厶月比
𤁘	水立申中
𡁞	口京口攴
𬖷	米卜口門日
𤖶	爿丙
𢯒	扌艸不
𫌖	衤夫夫車
𢵭	扌艸來
𤇊	火干八
𫙔	魚卜尸
𢙵	心乂𠂇口
𠬉	去𠂊尹
𦀴	糸艸亡
𤒦	火亼口口从攴
𫂝	竹𠂊内冂夕
𧹟	赤它
𠯅	口弋
𡀡	口水弓冫弓冫
𥼱	米丿大口冂口
𪿥	石木攴
𣈚	日爿犬
𦵛	艸手出
𡣧	女厂四貝
𪡴	口言己
𨃊	足卜口火
𦄸	糸言公
𫒃	千田土尸匕
𪯵	匚王方
𡳁	尸米太
𩿙	鳥戈
𧎴	虫扌斤口
𬧆	足目民
荱	艸尸毛
𡹠	山宀且
𡁾	口言公儿
𪆧	鳥走戉
𬑅	目竹
𤶈	疒西
𣻆	水子丿糸
𣐳	木口乂
𨮵	金艸冃豕
秲	禾土寸
𦄄	糸尹口阝
𩪞	骨巳巳艸廾
𦝊	月辵屯
𫮋	夕卜从土
𢃊	布司
𫋨	虫言柬
𤆈	火乃
𪜝	予其
𬇁	毛山今
𤀜	水目青
𡹡	山京
𪠞	多去
𦆹	糸业土寸
褀	衤其
筪	竹匚甲
𧣧	角大弓
𫸊	广黃了儿
𪥯	竹女又
㕵	口王
𣊘	日魚
𠸓	口扌舌
𣔡	木土皮
𠽃	口幸丮
𤃛	水西示瓜
𪭮	扌三人
𥽡	分米田艸廾
𪡩	口山厂火
𢚷	心車
𪟐	分爪尹
𧹱	赤甘匚八
襎	衤釆田
𡀱	口口丂虎
𣒣	木艸亡
𨡉	酉彐冂又
𢁍	巴爲
𠸪	口水夂口
𣙪	木麻
𢏡	弓先
𬜎	舌貝丿之
𪾺	宀必山目
𡳣	者阝尺
𠾾	口水日业
𫂚	竹木每
𩼢	尸口辛魚
𬝐	艸卜口火
𨮑	金人山隹
𪿹	石卜了禺
𥹵	米束
𠃝	乙小
𡼸	山竹尹二
𢵲	扌口立厂彡
𫤈	人谷辵艮
𢃈	巾王廾
𪥷	人白女
𠻅	口石丿之
𧶮	貝圍古
䈊	竹土八夂
𩽖	魚竹馬
𥌥	目言果
𥑥	石生
𥷒	竹厂禾禾止
𠰂	口一兀
𦛜	月今口
蘝	艸亼口口从欠
𫒅	千田土耳又又
𨭑	糸了儿金
𡎤	土羊大
𤠹	犬帶
𥇀	目艸亡
㨶	扌鳥
𣑌	木乚刀口
𥆂	目人壬
𣼩	水阝今云
𬲞	食女甘木
𥓸	石衤彡
𤡱	犬中一貝
𤗆	爿每
𪮭	扌走尔
𣎃	月尚
𩜽	食文厂彡
𫏓	足千北
𠠩	田夂口䒑月刀
𥃞	尹一火皿日勹亡
𤄮	水堯多
𥉬	目歹刀火
𤀏	水言弋工
𪮨	扌水冂八木
𫆡	了月竹
𦠆	月巳巳艸廾
𬙴	羊大屯
𧁺	艸糸戌口
𬊢	火門市
𦪃	舟冃豕
𠄺	井見
𪡑	丁口水女
𪢣	十豆口日月
𡭦	小本
𤍇	火辰寸
𣒳	工木王
𣘆	木糸内
䈹	竹宀人百
𩫦	京口三厶人彡
𨁥	木土足
𫺧	心亼⺍口
𢟚	心亡口月
𫌎	月公儿衣
𬛟	月去卩骨
𤐛	火門市
贑	立日十工貝
𢜫	心少目
𢌊	广黃王廾
𦧜	舌一口乂
𦲒	艸厂土土
𨁡	足爪女
𫖧	頁日京
𤥑	王亡女
𠿷	口門市
𨅁	足竹立
𥄫	目及
𫴼	門才小
𦁁	糸心丑
𦁸	糸亼口卩
𬁏	文寸日勿
洷	水至
䉒	竹釆田
㙴	土𠂊厂八言
𤹿	疒魚
𤅶	水䜌攴
𧑆	虫立田土
𧞾	衤黑犬
湥	水穴犬
𨄞	足辵束
𩄶	雨米欠
𠖭	冫了
𡭰	兆小
𠩕	厂米
𣦎	正尚
𪽩	疒人乃
𣷠	水日月
𣇟	日宀牛
𪡫	口土口衤
𠶍	口木冂儿
𫩺	口尺冫
𥶱	竹白鬼
𧐹	虫禾多
𩠓	首乞
𦟿	月土隹
𫥫	尸至出
𤗖	爿子皿
𩾰	止鳥
𣒠	未曲
𪳴	木几四去
𢽼	巴爻攴
𣙨	木竹皮
𬩏	水丶辵束
𡮈	爪子乚小
𦛋	月士口
𨅉	足良月
𪞀	光竹
㗩	口羽白
𫊹	虫會
哴	口良
𢥆	心竹立申
涖	水人立
𩹤	禾火魚
𬞕	艸門柬
𩂐	雨壬
𣁔	文口巨
𢞄	心土𠂆口
𫠷	上人廾扌
𬛙	月長干八
𢙪	心文寸
𫴚	宀必山山今
𬈓	水冂儿尸匕
𫇀	月厂禾禾止
𬹹	齒艸巳巳艸廾
𫯊	甘木夂力
𠽊	口每攴
𫯲	且力大弓
𣞶	木夫夫車
𡤟	女子三石
𩺋	魚疒卜弓
𧏶	虫阝車
𫾑	扌竹其
𣖢	末卒
𥍑	目車丿大口冂口
搎	扌子丿糸
𠳹	口广木
𫆉	禾火耳
𩆪	雨艸四戈人
𥺏	米口欠
𠼳	口十日十乞
𩝺	食扌爪女
𫉼	艸四戈人竹
𡏡	土立申
𠱀	口皮
𡀯	口人專
𱿂	艸禺頁
𢋴	帶广氏丶
抯	扌且
𫬍	口非衣
𤇢	火白
𦙫	月正
𡗉	堯多
𭢥	扌艸水夂口
𣛢	木尸毛且
𪮊	扌亦十
𪳫	三又木由
𢟓	心宀辛
𫵡	尸毛冊
炪	火出
𫢩	尸匕今
䀧	目艸廾
𫭧	土乃子
𬛛	北月其
掋	扌广氏丶
𥬩	竹尸匕
䖷	虫乂𠂇巾
𡽫	山女束攴
𢴙	扌口來
𦁾	糸工冂大
𣗑	木阝車
𫙍	鬼子皿
𡉕	土丮
𬖭	米卜口日一
𧷸	貝艸日大
㩜	扌監
𤻓	其疒丙
𢟒	心厶月比
𢝆	心千田土
𤿦	皮多
𬩲	辵斤宀肉又示
㨋	扌者
𫴞	宀心皿丁人也
𥨋	穴牙王廾
𥪸	立竹土寸
𣞻	木四厶月比
𡄡	口齊示
𬵤	魚扌立女
𧒍	足夂口虫
𤃜	水辵一火日小
𬇮	水殳亡
𣽊	水歹谷
𠎪	人尸婁
𢯥	扌艸一兀
𫶵	巴乃
𫽿	扌白⺍十
𱹵	糸門心
𣂋	戶斗牛口
𣍕	曲堯
𫇟	舟非心
𢮭	扌目廾
秷	禾至
訔	山言
𢟏	心歹刀火
𣔞	木子瓜
𤶐	疒才子
𩶪	魚至
𠾦	口非心
𠼺	口心八甲一
𬳨	馬彐
𡃚	口广里八土
𡍙	土艸几二
𩠭	首尸至
燶	火曲辰
𪶾	水阝乚丙
𢆥	十冂半𠂉㐄
𪞴	几言十
𠳺	口文口
𢹩	扌雨木目
𫘼	長彡由
𬧮	身糸内
𨭡	金水爪臼
橽	木辵土羊
𢢅	心十日十月
𱓄	口艸几二
𫄋	糸言土寸
𠓺	無人
𬪮	酉石一廾
𡎦	从土夕卜
𬠢	虫示且
𠐅	人耳宀且
𠳘	口人丨攴
𧋹	虫天上
𥃨	目卜
𤸭	疒行走
𣍍	冂象儿丶曲
𥶮	竹木山隹
𩇛	生青
𥻺	米爪幺大
𣉶	日耒毛
𡀵	口言大一丂
𦹵	艸日十古
𤈞	火耒
𫑊	辵力口貝
𣼹	水目艮
𤁕	水辛束
𠾷	口幸卩又
𦅭	糸阝八豕
𡉖	土弓
𫬩	亠八内口奔
𤢤	犬亠回禾
𥮋	竹人本
𦩛	舟目廾
㘙	口口口厂敢
𬦄	赤者見
𬳙	首广由
擃	扌曲辰
𡓆	竹立从土
𫽎	扌人多
𥾃	米䜌虫
𱓳	口四正
𤁛	水者乃子
𰔐	手爲
𣕃	木禺
𩷇	魚乂凵儿
𬛦	臣卜立
𦲺	艸人一口乂
𡂀	口木京口
𤎜	火良月
𣁲	斗夂冫
娫	女廴丿止
𤘋	牙我
𣫲	母人丁
𩵽	魚心
𠂎	丿丩
𩴅	鬼丰刀大
𡮪	小其欠
𤃧	水扌辵土羊
𧋺	虫士心
𨂕	足木木
𱱽	白良月
𠞡	骨刀
梹	木斤廾
𬙵	羊大丙
鮉	魚刀口
𫯡	大干八
𬊴	火田北
𫗶	首爪丁
𪟼	卒巳巳艸廾
𫢫	人弋世
𣹔	水辵冂口
𨮐	金辵盾
𣈛	日舌刀
𧷹	貝辵牛口
𪺇	火亠乂凵禸隹
𤘁	爿艸冃豕
𤀖	水山鬼
𬜝	𠂊巴厶牛
𬚈	羽寅
𤏤	禾乂𠂇巾火
𧔙	虫日艸廾水
𩯯	長彡象儿象儿
𢲪	扌土里
𬳛	首婁攴
𡭻	小大屯
銊	金戌
𣩂	扌斤歹匕
𣋾	日言果
𬝗	艸心衣
𦡶	月監
𠿄	口宀禺
𬗗	糸扌斤
𥗨	石艸日甘衤
䄇	示口王
𠶕	口水刀口
㾾	疒兼
𡔿	士冂几廾天
𫻉	刀丶心𠂊貝
𬲁	几二十冂半
𤚇	牛羊又
𨀏	足日一
𤠰	犬甘冄
𫖂	冄阝面
𫵍	小止小頁
𪠠	厶矢亥
𫫜	口犬青
𦼚	艸三木
𬲉	乙冫白
拰	扌人壬
𡑝	土米舛
𢌌	王廾广黃
𧔿	虫用口隹
𦠘	戶月來
𦥃	至冊廾
𤬲	瓦内
𪭇	心羊言言
𫐪	辵力尔
𥆽	目口今
𪾉	皮耳阝
𥹘	米丙
𩈩	面冄阝
𡫐	宀亠兼丿
𦷯	艸土里
𠒬	光戈口一
𢩤	戶隹日四又
𤲼	田衤申丿
桗	木乃木
𫊮	虫卜尸
𦛾	月心丑
𧜺	衤虎彡
𢢽	心豸艮
㮈	木大示
𤊤	火山石
𩘩	風辵艮
𦄺	糸良月
𨄃	足辵豕
𡮞	宀丰口少
𣱼	水刀
𦨂	甘木無舛
樍	木丰貝
𬰊	雨辵言
𥇂	目另刀
𡭱	出少
掿	扌艸𠂇口
𢯝	扌水半
𫿹	艸巾斤
𧎸	虫京口
𥉯	目木土土
𫇁	月千田土土八夂
𦀍	糸厂止
𦂛	糸㫃也
𪵲	水圍凵
𦹺	艸文見
𡝃	女步
𫔭	門一廾
𢒞	柬彡
㓶	丰刀大刀
垉	土勹巳
撘	扌竹亼口
㹥	犬主
𧺃	赤者見
𩗃	風且
𫽂	扌十又分
𠍥	人貝丿之
浗	水求
𫼙	手氏
鑥	金魚日
𢬗	扌耒
𢧚	𠂉㐄成
𬆗	厶口歹匕
𤵊	疒屯
𬩓	厂止辵束
𡮺	臣又貝小
𪢘	口辛束
𧻭	走申丿
𢳙	扌穴兆
𫵟	尺扌丿七
𦁿	糸女古
𡼈	山幸丮
𢲬	扌歹朱
𥀳	皮木艸日大
𢲦	扌耳戈
𣟭	木口口馬
鋦	金尸㇕口
𠼦	口日四又
𦑗	戶羽夬
𨂔	足了月
𥻢	米口自
𩶱	魚宀丿七
懢	心監
𢩪	扌了
𫏝	足米且
𥐍	矢豆豆
𨷶	臼牙廾扌門
𱎃	乙水乃
𣆰	日大弓
𨇓	人亼口口从足
𡶨	山厂千
𧋁	虫再
𨢟	酉艸亥
𢴖	扌戶攴口
𤀔	水食欠
㖇	口而
𪃵	鳥木日一
𫦓	㫃矢刀
𧖱	血卯
𠓬	文口人
𫅞	良善
𪦚	女貝攴
𫃷	糸眉
𠑈	人水監
𬏴	疒心又土
𨙥	辵廾日虫虫
𢀦	巨戶斤
𥢄	禾囟又八夂
欗	木艸門柬
𤷱	疒門
𠺧	口人丨夂木
𫶰	羊工十又
𨫊	金西木
𫐚	辛木乙
𨀻	足戈𠂇
𠀪	其丶
𢭷	扌土文
𬴑	王廾骨
𠁝	並戌口
𤋵	火行土寸
𡅌	口竹門月
𢭳	扌酉
𫇥	䒑卜
𣼾	水耳卯
𬓞	亠乂凵禸去
𨇬	足日一金欠
𩙹	辵夂丰乙冫非
𩄨	雨骨
𩅙	雨三厶人彡
𪻟	王㇕布
𠺟	口广車
𥷻	竹雨辵米
𪰿	是宀子
𠲨	口水也
㒷	内廾
𪽱	疒穴力
𫔯	門斗
𣜷	木禾火心
𧣳	角谷
𬏻	疒𠂊四乂乚丿
𡋁	土䒑巾
𬮜	門天
𥊠	目山宀示
㮲	木勹屮勹屮
𬉆	水尸婁
𧐖	虫辵車
𬋟	火日冂口口甘衤
𡃿	口扌辵土羊
𬛉	北月公
𠲖	口衣
𪡇	口人尔
𫥊	冫𠂊厂卩
𡥥	子多
𤞧	犬圍木
臁	月广兼
𥾘	糸土
𢥇	心口口甲一戈
𥻮	米宀辛
𫥘	冫令士口
𫹊	手一丰冃兀彡
諪	言京丁
𪾆	皮竹
𫶳	工四者
𬖽	米水廿内内
腀	月亼冊
夦	甘匚八多
疪	疒比
𪿘	石厶口
𬁊	日行余
𢵯	扌四貝
𠛣	日一刀
𢖖	婁行幺夂
𣵵	水山及
㑍	人耒
𪰂	方弓八貝
𫬮	五口石卒
𢬄	扌冫水
𣒴	木禾乃
𡸇	山夂木
𪅧	土隹鳥
𢯟	扌土日一
𬈭	水千田土力
𫥌	冫王廾
𬪐	䒑八日阝
𫑾	酉亠回示
𬧡	身宀
㐌	𠂉也
𢞅	心西女
𬄅	木水日工
揂	扌八酉
𪥉	天巴
𥌀	目宀肉又示
𪢒	口婁攴
𧑃	虫敖
𦞔	月心光
𧋉	虫谷
𡖵	亠人夕丶卜口
𢖺	心弋
𬸴	鹵亠回禾
𫤡	光田糸
龱	圍乂
𠅍	末亡
𣑁	木了儿
𠼪	口禾多
𫸷	弓丨王廾
𡨹	宀寸宀丁
𠖿	冫用
𢸵	扌尸口辛土
𱟦	辵夂丰戶方
𣋨	廾日人彐冂又
𧌀	虫天口
𪓫	木彡黽
𡑖	土阝八豕
𥌙	眉广車
𦛻	月木寸
𡍚	土木木
𤐚	火立日欠
𩯂	長彡艮旡
𩩪	昌骨
𬋰	竹毛爪
𢭮	扌己攴
𣦓	正卜貝
𪻈	犬弓厶虫
𱘅	土足夂口
𩵾	魚十又
𬷩	隹又鳥
𤮿	甘兀
逎	辵酉
𠀿	下口欠
𤃢	水广亠回禾
𡆚	口行目目隹
𬰆	雨水𠂊尹
𧹅	堯分貝
㝹	少象儿丶
𠴘	口木寸
䱊	魚米
𢷄	扌水戌火
𤠷	屮一虫犬
𣉎	日木日一
𣑻	木𠂉㐄
𥶳	竹糸戌口
𡀦	口水日皿
𠺦	口人廿日
𤞒	犬艸廾
𧣲	角一日乂
𪱂	日犬者
𬒧	石皮臼工
痶	疒冊廾
㤳	心不口
𬇏	气木
𢴉	扌艸余
𣼶	水門口
𡂷	口宀艸見丶
𫥏	冫木攴
𣗿	木示且
𫹗	行日文
𬘊	糸四厶月比
𬖪	米尸并
𬊽	彐火士尸
𨦧	金𠂉㐄
𥮊	竹木土
𠱄	口皿
𪣠	土文口
𬘀	糸水臼工
𨍦	車婁
𫁫	立阝夂㐄
𣍁	尸毛曲
𬞰	艸丨日婁
𦀵	糸中中
𨇹	足亠阝隹瓦
𫻈	女又心今口
𢴌	扌門口
𫡀	並齊
𥋒	目矢口日
𫏥	足言大一丂
𩛄	食丙
𧐼	虫扌卜日十
𢣃	心石卒
𬠓	虫禾子
𤻭	疒言五口
䟢	足尔
𬜌	舌㫃也
𪡆	口扌今
𨃼	足示乍
𩚩	食古
𦠶	走刀口肉
𱸣	竹女夂田
𥶀	竹糸黽
𤉘	火言
𢴝	手艸阝一兀
𪡾	口竹生
𦺓	艸十日十月
𢩛	戶工貝
𫺾	分心今口
烣	火𠂇火
𡀴	口扌烏
𫿨	方攴宀立申
𩽉	魚疒申又
𪡍	文口竹
𫍕	言己竹其
𧁸	艸彑宀果
䏧	月多
𣶈	水网亡
𦖻	耳田心
𪢏	辰口水也
𣾵	水糸𠂊巴
𬐩	不皿司
𠫅	艸厶口厂日子
𧞋	衤广兼
𨄁	足耳冂儿
𡃖	口虎田心
𠢞	扌丮且力
𧋻	虫文口
𡥤	子耒
𤒛	火耒辰寸
𬁉	尸匕今日
𠽖	口辵豕
𥻣	米扌土寸
𤂪	水雨辰
冡	冃豕
𪠢	去广黃
𫗾	香直
𫷐	巾艸千田土
𫽑	殳扌日
𠂪	乃亠卜
𪵬	水丿几
𫱪	女子尚
𡑲	土木木示
𩻑	魚米立
𪳞	木耂子攴
𣝅	木匕矢龴疋
𥕊	石艸大廾
𫅤	羽令
𢯖	扌心去
𪜉	中干八
𫚱	鳥勹厶
𤹗	疒公羽
𦑅	一内内羽
𫂪	竹丿大雨彐
𤻾	疒弓口口甲一
𩻔	魚辵扌斤
𪬶	心糸每
𥊚	目麻
𠉠	人豸
𬄞	未犬者
𫂨	竹土寸畐
𣱾	水了
𡐗	土角斗
𦟣	月囟八夂
𫻽	成𠂉㐄
𬘂	糸予頁
𢚳	木寸心
𡐘	土水白工
𪡈	口人白
㨄	扌用口
𬙺	羊大公廾
𢅅	巾厂屰欠
𬚎	糸柬耂
𬦨	足口卩
䱑	魚扌斤
𢧲	我止匕二
㭽	木广氏丶
樑	木水刀八木
𱐾	馬勿
𣒱	木口欠
𢹾	扌㠯止彐冂巾
𡦧	禾子卒
𥱰	竹行走
𢷳	扌𠂊内目夂
𬁚	日生臼人
𱡵	艸几二方
粚	米𠂉也
𦠲	月亞心
䇮	竹人壬
𬌥	牛婁
𦃿	糸四去
𡂇	口口囟八夂
𨆶	足艸水甫
𪖺	鼻艮旡
𤞔	犬弋工
𭖌	山日一
揁	扌卜貝
𬌕	爿人本
㗖	口爪臼
𥗽	石監見
㳻	水廿日
𢞃	心糸工
𣾼	水走戉
𥰊	竹亼口下
𣍂	谷曲
𢹽	扌竹旡旡日
𢺳	扌䜌虫
𬝡	艸日月乃
𡤠	女示曲豆
𡮬	小門心
𦹹	艸水厂土土
𩽸	魚食堯
𦖡	耳白勺
𪣅	土世
𠄜	一中彐余
𠰉	口刀口
𩳊	鬼夕口
𠾽	口門王
𪞽	囟曲辰
𬜞	𠂊巴非
𫲢	子勹口
𢀲	巨束𠂊貝
淃	水龹卩
𣉏	日艸令
𪊅	鹵木木示
𦨢	舟氏丶
𫃖	米竹艮卩
攎	扌虎田皿
𦀅	糸𠂉㐄
盌	夕卩皿
𬲈	几二同⺍廾
𦼇	艸亞心
㧡	扌亥
𧋟	虫每
𥋷	目艸水夂口
𫀟	示巳余
𠶖	口木王
𫽡	手分皿
𡊰	土田
𪴄	朱者阝
𦊛	四司
𤯨	生王廾
鈼	金乍
𩽤	魚酉鬼
𡓾	土示曲豆
𬔑	穴虎爪丁
𥈯	目人里
𠌨	人匚非
𣃱	方匚王
𦟖	肉馬
𢺤	扌艸門柬
𨃸	足立申
熶	火日耳又
𫏦	足巛圍人儿扌
𤊒	火彑
𦠰	戶月卜日十
𩧍	馬三石
𠸞	口火卜口
𢫞	扌又土
呭	口世
𬛝	月厶口文厂彡
𪂳	鳥日比
𧞣	衤厂日月犬
𨂘	足爪壬
𬈴	水青中
𬓗	示彑竹
𤞕	犬再
䧹	广人隹
𦞐	月虎爪
𬚼	月王廾
𤢬	犬士口冂至
鐒	金火火冂力
𣯡	立申毛
𪧿	内小
𣃣	方皮
𫃤	糸水女
𠾒	口牙隹
𤯺	生堇力
𤇳	火戌
𩄒	雨立日
𡆑	口山口口厂敢
䔅	艸丁口丁口
𤑬	火禾丿刀人水
𨯷	金艸癶豆
𬰌	雨倉刀
𬔌	穴牙千
𬩅	辵水者
𫴵	彐寸手一丰
𢷅	扌足夂口
𩙋	風辵亼月刀
𦈽	缶爪冂又
𣟃	木艸四冂歹
𦇇	糸堯土
𢸞	扌癶豆阝
𥨧	穴婁攴
𤈪	火戈廾
𫑅	辵束令
𬒸	示乚艸廾
𨫄	金王刀王
𡄾	口言堇
𪟂	卜口刀
𫉳	艸厶口月巴
𩹯	魚十戈口
𦅴	尸毛糸氏丶
𧵤	貝宀寸
捤	扌尸毛
橺	木門日
㤓	心本
𡑒	土敢
𠖰	冫巳
𡏛	土爪幺大
𣾹	水辵象儿丶
菛	艸門
𬐐	白冃兀彡
𬫂	金厂力
𬖩	米舛竹
𠸩	口卜貝
𱔢	口犬者
𨄠	足釆心
𠼹	口貝斤
𠹴	口尹口阝
鞵	革爪幺大
𫅁	四化
𠲹	口己心
𠦺	二扌廾半
𩟢	食艸水甫
𧛞	衤古月
𪟡	田力丁口
𡎡	土甘木
𬚍	者者
𠯪	口歹
𠟀	刀鳥
㳄	水欠
𫠿	上癶豆
𫑀	辵二扌廾扌
𬉵	大火
𤻐	疒立日欠
𧕚	虫齊示
𣴙	水多
䗅	虫長
𩈪	面爿士
𫄐	糸分扌非
㺧	犬四口頁
𤌄	火者
𪽕	勹巳田力
𦂽	糸穴犬
圚	圍中一貝
𠡚	二日力
襵	衤三耳
𥆼	目里
𤻑	疒广兼
𤀗	水先呂
𫡻	亡口月
𨁋	足豆
𡲈	尸毛文
𫻠	心口月良月
𪟤	王廾田力
𩍣	革艸世木
𡉎	土工
𡓋	土隹尸毛
𠎊	人三木
𡄫	口言兼
𣼴	水車欠
𤡛	犬宀一皿丁
𬕌	竹广木
𧉚	虫勿
𢄂	且力市
𨆢	足雨田
𪜚	水木攴乙
𢲣	扌立申
𦝇	月心日一
𠽌	口雨彐
𣈗	日一寸日
汵	水今
𠾿	口工頁
𧻐	走文寸
𫳘	宀子宀丁
𪴉	木幺幺山八夂
𠽉	口水冂八木
𩄱	雨立申
𫃘	米田艸廾半
𢭸	扌广予
𧋼	虫王廾
𬏒	田女良
𣰏	毛山鬼
𠀲	丁多
𫚶	爪丁鳥
𢹅	扌水四勹虫
𠁀	世人弋
𩂁	雨兀
𤐝	火雨田
𪪅	干八大申
𬗓	糸䒑巾
𣈢	日卑
𱘔	土阝米舛
𩠧	首尸㇕口
𬈤	水尸匕生
𬑦	目白匕旡
𫽗	扌不皿
𫥴	巴刀
𨄶	足羊永
𣽆	水竹工凡
𤷒	疒田牛
𨗮	辵申八廾
𣛨	木十日十月
𠮾	口兀
𪸊	水爪尹堯
𡀔	口足夂口
䏠	月立
𥯪	竹廾天
𣊍	日麻
𨤮	里火火
𣖗	木辵尸匕
𬆞	殳亡
𢁊	巴扌弋工
𪰹	日土里
𪽁	生卜
𠅼	亡禾失
𦾥	艸日冂車
𠖨	冃兀艸冃豕
𣜲	木辵盾
𢫈	扌古
𪾮	目爪壬
𨮎	金艸水夂口
𣹖	水歹且
瀐	水十戈韭
𬢗	谷角
𤳢	田力工貝
𠓻	人王亼冊
𫖀	面末
𣋂	日十日十月
𦄼	糸彡頁
𩠸	首竹馬
𢫟	扌人士
𪠿	口竹
𢩜	戶㫃矢
𢤟	心雨辰
𧲼	豸勹巳
𦢠	月齒
䴌	鳥艸冃豕
𢫜	扌人上
𡏦	土羊工
𣘓	木四去
𪤸	夕卜竹
𠏭	人耳又从
𩝻	食真
懙	心臼牙廾
媠	女𠂇工月
𤠶	犬真
𡸏	山人立
𬙼	羊大卒
𡙴	立日儿大
𬰅	雨亼月刀
𬨴	辵艸厶口
𧍋	虫日一寸
𤓺	爪斗
埬	土東
𥆾	目刀丶心
𦢟	月扌业大
𣈓	日扌皮
𪄥	鳥骨
𨔈	辵牛巾刀
𤹕	疒圍大心
墛	土尸示寸
𠾹	丿大口卒
𠄻	五木木
𤷳	疒山石
𪆼	雨田鳥
𤖡	爿宀一火日小
𫌵	又又言
𣜋	束馬
𪱐	立日少目
𠐸	余土隹
𣖚	木艸力口
𠱈	口矢
𤠤	犬艸亡巛
𥃑	舟皿乂凵八夂
𨬈	金麻
𠣶	勹巳另刀
𫒾	金糸内
𡒻	土斤斤貝
𥴛	竹木隹
𫏱	身會
𣼷	水革力
𣐝	木匚巾
𫖿	几二羊大
𣠩	木艸監
𢟐	心王朱
𠲏	口人壬
䘃	虫黑土
𩺥	魚勹屮勹屮
㖽	口頁
𢷀	扌亼月刀心
𠚯	兀刀
𢭺	扌豸
𬈫	水行日一寸
𤒢	火广亠回禾
𩽥	魚門柬
𠶏	口禾彐
𧜘	衤口貝
𣊿	日十日十月
𬃱	木古日一
𤄋	水糸囪心
𣻄	水行余
𫷤	幺力辵㠯
𩼸	业土寸魚
櫈	木癶豆几
𪥻	女干丿之
𨙛	辵束血从
𢺹	分十又
𱠳	扌里八土
溳	水口貝
𬯰	隹又示乚
𢷆	手亠回日一
𠃷	禾子乙
𦢷	月口口馬
𢯑	扌心又土
𡓈	土禾𠂇旨
𧕀	虫尸口辛土
𠶇	口巾永
㗈	口甬力
𣼲	水口隹
𱍧	彐工口寸下
𤊫	火土皮
𠼸	口人匚日女
䈜	竹人彐冂又
𬑩	目垂午
𫫤	口戶口攴
𤉓	厂火由
𬠫	虫艸日月
𠎫	人十日十月
𥊀	目三厶人彡
𫴱	彐寸每
𠯻	口幺㇕
𣹙	水𠂇月阝
𫑇	辵斤其
𣍗	亼一乂凵禸曲
𦬂	艸兀
𫻎	立日欠心
𪚚	龍中
𫡐	乃竹
𫺶	心阝車
𠻄	口艸亡巛
𬠱	每亦虫
𬚲	肉心
崊	山木木
𪘵	齒土八夂
焝	火氏日
𫣿	四貝人心
佊	人皮
𨒒	辵一力十
𦞒	月行土寸
𱔫	口穴牛口
𪯗	廿月攴分
𠴓	口人氏丶
𣠒	宀釆田朱
𦇒	糸三石
𠓔	臼儿艸四冂夕
𤾔	白艸冂木
𦢩	月艸尹𣶒
𲇣	金艸勹米
𫧦	亠幺⺍十竹
𭉩	口人立口
𫊴	虫扌丿七
𠁔	並由丂
𢨃	艸日大戈
𤞘	犬人壬
𩿘	鳥毛
㽿	疒瓜
𢥢	心言堇
𣔲	木辵冂口
㘉	口竹艮卩
𢿼	彐工口寸攴
𤷯	疒尸巾刀
𢫠	扌弓厶
𡌽	土广卜口
𪤲	士尸竹
𡃕	口穴身弓
𢲵	扌一曲日
𨃴	足骨
𧅕	艸月巛囟釆
鐰	金三口木
𪮳	扌亦虫
𪄧	鳥辵屰
𠲕	口广土
𠹽	口艸亥
𫽌	扌殳勿
𣹘	水行土寸
㭼	木水日
𧊌	虫工丂
𥸆	竹月巛囟釆
𦀼	糸山内
𢄹	巾丿大口冂口
𪩤	巨歹刀
𢴑	扌釆心
𬢱	言羊又
𧧀	言瓦
𩅺	雨彡頁
𪩧	京丁巨
㴜	水戶冊
𫖾	亼月刀几二
𣑵	木尹二
𱜘	亼冊巨
𠬃	去甫
𢤣	心竹䒑月刀
帀	一巾
𣳡	水戊
𧸺	貝穴身弓
𣂃	者斗
𣨭	歹宀㠯
𩊽	革乂𠂇巾
𣛦	木水㫃子
𫯖	多辵䒑大
鵶	亞鳥
𡳩	尸毛尹二日
𨓢	辵斤兀
𪰨	日心戶
𡗎	多車斤日
𦀫	糸广犬
𠑕	人匕卩言五口
𢩊	戶光
𣊾	日非心
𠶯	口扌出
𪵯	水爪
𫐾	辵豕不
𦲹	艸亠人夕丶
𡓥	土口口甲一戈
𢲝	糸屯手
啱	口山石
𬗰	糸歹朱
𡢐	婁𠂆口
𤳆	田力來
𡍣	土亦又
𧙀	衤立
𥝽	禾一亡
𫿴	斗爪子
𠶗	口直
𤔽	爪艸冃豕
𩲡	示鬼
㫼	日牛巾刀
𠇽	人匚巾
𡄯	口月立日心
𧋸	虫口王
𬬌	金戔本
𥣐	禾日冂車
𪀆	人士鳥
𨨦	金木攴
𨯃	金婁攴
𣔓	木行皮
𫨫	厶卜貝
㗅	口古月
𨨧	金立女
𪆤	黑鳥
𪇴	艸四戈人鳥
𡮫	肉犬火小
𫆍	耳良月
𪧚	宀子宀寸
𫆘	月一卜
𠺳	口𠂇旨
𥶲	竹三石
𦧽	舌彑虫虫
𡳽	竹馬尸至
𪽄	生尚
𥖓	石皮呂
𤴏	田艸廾四糸隹
𣜿	木艸世木
𬟼	虫末
𢴔	扌貝反
𥘷	示乚少
𨄷	足大四乂
𫇳	艸人上
𬄃	木矢巨
𣷷	水亦又
𬷤	爪丁口鳥
𬀰	日歹刀
𧛌	衣才犬㇕
𬄮	木古心日一
𢯓	扌艸巴
𠚐	出木
𤯆	甘言
𠾻	口水甘匚八
𤷴	疒人衣
𦾣	艸扌冂隹
𫪥	口人多
筙	竹耒
扖	扌人
𨮹	金辵帝口
㾞	疒酉
𣭒	毛目
𩇅	雨言艸日大
呞	口司
𥊴	目日耳又
梖	木貝
𤇲	人壬火
𢝸	心咼
恗	心大一丂
𬏯	疒豸
𡅧	口堇隹
𬇸	水一丂本
𧄳	艸日十丿大口冂口
𫶷	呂巴
哠	口牛口
萶	艸廾日
𪰬	日一禾刀
𥙧	示乚尔
𤍎	火良阝
𣔥	木行正
㗚	口西木
𪳘	木冃豕
𪲝	木广木
⼀	⾂一
⼁	⾂丨
⼂	⾂丶
⼃	⾂丿
⼄	⾂乙
⼅	⾂丨
⼆	⾂二
⼇	⾂亠
⼈	⾂人
⼉	⾂儿
⼊	⾂人
⼋	⾂八
⼌	⾂冂
⼍	⾂冂
⼎	⾂冫
⼏	⾂几
⼐	⾂凵
⼑	⾂刀
⼒	⾂力
⼓	⾂勹
⼔	⾂匕
⼕	⾂匚
⼖	⾂匚
⼗	⾂十
⼘	⾂卜
⼙	⾂卩
⼚	⾂厂
⼛	⾂厶
⼜	⾂又
⼝	⾂口
⼞	⾂圍
⼟	⾂土
⼠	⾂士
⼡	⾂夂
⼢	⾂夂
⼣	⾂夕
⼤	⾂大
⼥	⾂女
⼦	⾂子
⼧	⾂宀
⼨	⾂寸
⼩	⾂小
⼪	⾂尢
⼫	⾂尸
⼬	⾂屮
⼭	⾂山
⼮	⾂巛
⼯	⾂工
⼰	⾂己
⼱	⾂巾
⼲	⾂干
⼳	⾂幺
⼴	⾂广
⼵	⾂廴
⼶	⾂廾
⼷	⾂弋
⼸	⾂弓
⼹	⾂彐
⼺	⾂彡
⼻	⾂行
⼼	⾂心
⼽	⾂戈
⼾	⾂戶
⼿	⾂手
⽀	⾂十又
⽁	⾂攴
⽂	⾂文
⽃	⾂斗
⽄	⾂斤
⽅	⾂方
⽆	⾂無
⽇	⾂日
⽈	⾂甘
⽉	⾂月
⽊	⾂木
⽋	⾂欠
⽌	⾂止
⽍	⾂歹
⽎	⾂殳
⽏	⾂母
⽐	⾂比
⽑	⾂毛
⽒	⾂氏
⽓	⾂气
⽔	⾂水
⽕	⾂火
⽖	⾂爪
⽗	⾂父
⽘	⾂爻
⽙	⾂爿
⽚	⾂爿
⽛	⾂牙
⽜	⾂牛
⽝	⾂犬
⽞	⾂亠幺
⽟	⾂玉
⽠	⾂瓜
⽡	⾂瓦
⽢	⾂甘
⽣	⾂生
⽤	⾂用
⽥	⾂田
⽦	⾂疋
⽧	⾂疒
⽨	⾂癶
⽩	⾂白
⽪	⾂皮
⽫	⾂皿
⽬	⾂目
⽭	⾂矛
⽮	⾂矢
⽯	⾂石
⽰	⾂示
⽱	⾂禸
⽲	⾂禾
⽳	⾂穴
⽴	⾂立
⽵	⾂竹
⽶	⾂米
⽷	⾂糸
⽸	⾂缶
⽹	⾂网
⽺	⾂羊
⽻	⾂羽
⽼	⾂耂
⽽	⾂而
⽾	⾂耒
⽿	⾂耳
⾀	⾂尹二
⾁	⾂肉
⾂	⾂臣
⾃	⾂自
⾄	⾂至
⾅	⾂臼
⾆	⾂舌
⾇	⾂舛
⾈	⾂舟
⾉	⾂艮
⾊	⾂𠂊巴
⾋	⾂艸
⾌	⾂虎
⾍	⾂虫
⾎	⾂血
⾏	⾂行
⾐	⾂衣
⾑	⾂西
⾒	⾂見
⾓	⾂角
⾔	⾂言
⾕	⾂谷
⾖	⾂豆
⾗	⾂豕
⾘	⾂豸
⾙	⾂貝
⾚	⾂亦
⾛	⾂走
⾜	⾂足
⾝	⾂身
⾞	⾂車
⾟	⾂辛
⾠	⾂辰
⾡	⾂辵
⾢	⾂口巴
⾣	⾂酉
⾤	⾂釆
⾥	⾂里
⾦	⾂金
⾧	⾂長
⾨	⾂門
⾩	⾂㠯十
⾪	⾂尹⺍
⾫	⾂隹
⾬	⾂雨
⾭	⾂青
⾮	⾂非
⾯	⾂面
⾰	⾂革
⾱	⾂㐄口㐄
⾲	⾂韭
⾳	⾂立日
⾴	⾂頁
⾵	⾂風
⾶	⾂乙冫非
⾷	⾂食
⾸	⾂首
⾹	⾂香
⾺	⾂馬
⾻	⾂骨
⾼	⾂京口
⾽	⾂長彡
⾾	⾂鬥
⾿	⾂鬯
⿀	⾂鬲
⿁	⾂鬼
⿂	⾂魚
⿃	⾂鳥
⿄	⾂鹵
⿅	⾂鹿
⿆	⾂來夂
⿇	⾂麻
⿈	⾂黃
⿉	⾂禾人水
⿊	⾂黑
⿋	⾂业巾⺍
⿌	⾂黽
⿍	⾂鼎
⿎	⾂十豆十又
⿏	⾂臼釆
⿐	⾂鼻
⿑	⾂齊
⿒	⾂齒
⿓	⾂龍
⿔	⾂龜
⿕	⾂龠
